﻿<?xml version="1.0" encoding="utf-8"?>
<GameData>
	<Language_fi_FI>
		<Row Tag="TXT_KEY_TECH_FUTURE_TECH">
			<Text>Tuleva tekniikka</Text>
		</Row>
		<Row Tag="TXT_KEY_TECH_ACOUSTICS_TITLE">
			<Text>Akustiikka</Text>
		</Row>
		<Row Tag="TXT_KEY_TECH_ADVANCED_BALLISTICS_TITLE">
			<Text>Edistynyt ballistiikka</Text>
		</Row>
		<Row Tag="TXT_KEY_TECH_AGRICULTURE_TITLE">
			<Text>Maanviljely</Text>
		</Row>
		<Row Tag="TXT_KEY_TECH_ANIMAL_HUSBANDRY_TITLE">
			<Text>Karjanhoito</Text>
		</Row>
		<Row Tag="TXT_KEY_TECH_ARCHAEOLOGY_TITLE">
			<Text>Arkeologia</Text>
		</Row>
		<Row Tag="TXT_KEY_TECH_ARCHERY_TITLE">
			<Text>Jousiammunta</Text>
		</Row>
		<Row Tag="TXT_KEY_TECH_ASTRONOMY_TITLE">
			<Text>Astronomia</Text>
		</Row>
		<Row Tag="TXT_KEY_TECH_ATOMIC_THEORY_TITLE">
			<Text>Ydinteoria</Text>
		</Row>
		<Row Tag="TXT_KEY_TECH_BALLISTICS_TITLE">
			<Text>Ballistiikka</Text>
		</Row>
		<Row Tag="TXT_KEY_TECH_BANKING_TITLE">
			<Text>Pankkijärjestelmä</Text>
		</Row>
		<Row Tag="TXT_KEY_TECH_BIOLOGY_TITLE">
			<Text>Biologia</Text>
		</Row>
		<Row Tag="TXT_KEY_TECH_BRONZE_WORKING_TITLE">
			<Text>Pronssin työstö</Text>
		</Row>
		<Row Tag="TXT_KEY_TECH_CALCULUS_TITLE">
			<Text>Differiantaalilaskenta</Text>
		</Row>
		<Row Tag="TXT_KEY_TECH_CALENDAR_TITLE">
			<Text>Kalenteri</Text>
		</Row>
		<Row Tag="TXT_KEY_TECH_CHEMISTRY_TITLE">
			<Text>Kemia</Text>
		</Row>
		<Row Tag="TXT_KEY_TECH_CHIVALRY_TITLE">
			<Text>Ritarillisuus</Text>
		</Row>
		<Row Tag="TXT_KEY_TECH_CIVIL_SERVICE_TITLE">
			<Text>Julkinen palvelus</Text>
		</Row>
		<Row Tag="TXT_KEY_TECH_COMBUSTION_TITLE">
			<Text>Polttomoottori</Text>
		</Row>
		<Row Tag="TXT_KEY_TECH_COMPASS_TITLE">
			<Text>Kompassi</Text>
		</Row>
		<Row Tag="TXT_KEY_TECH_COMPUTERS_TITLE">
			<Text>Tietokone</Text>
		</Row>
		<Row Tag="TXT_KEY_TECH_CONSTRUCTION_TITLE">
			<Text>Rakennustaito</Text>
		</Row>
		<Row Tag="TXT_KEY_TECH_CURRENCY_TITLE">
			<Text>Valuutta</Text>
		</Row>
		<Row Tag="TXT_KEY_TECH_DYNAMITE_TITLE">
			<Text>Dynamiitti</Text>
		</Row>
		<Row Tag="TXT_KEY_TECH_ECOLOGY_TITLE">
			<Text>Ekologia</Text>
		</Row>
		<Row Tag="TXT_KEY_TECH_ECONOMICS_TITLE">
			<Text>Kansantalous</Text>
		</Row>
		<Row Tag="TXT_KEY_TECH_EDUCATION_TITLE">
			<Text>Koulutus</Text>
		</Row>
		<Row Tag="TXT_KEY_TECH_ELECTRICITY_TITLE">
			<Text>Sähkö</Text>
		</Row>
		<Row Tag="TXT_KEY_TECH_ELECTRONICS_TITLE">
			<Text>Sähköpiiri</Text>
		</Row>
		<Row Tag="TXT_KEY_TECH_ENGINEERING_TITLE">
			<Text>Insinööritaito</Text>
		</Row>
		<Row Tag="TXT_KEY_TECH_FERTILIZER_TITLE">
			<Text>Lannoitus</Text>
		</Row>
		<Row Tag="TXT_KEY_TECH_FLIGHT_TITLE">
			<Text>Lentäminen</Text>
		</Row>
		<Row Tag="TXT_KEY_TECH_FUTURE_TECH_TITLE">
			<Text>Tulevaisuuden tiede</Text>
		</Row>
		<Row Tag="TXT_KEY_TECH_GLOBALIZATION_TITLE">
			<Text>Globalisaatio</Text>
		</Row>
		<Row Tag="TXT_KEY_TECH_GUNPOWDER_TITLE">
			<Text>Ruuti</Text>
		</Row>
		<Row Tag="TXT_KEY_TECH_HORSEBACK_RIDING_TITLE">
			<Text>Ratsastustaito</Text>
		</Row>
		<Row Tag="TXT_KEY_TECH_IRON_WORKING_TITLE">
			<Text>Raudan työstö</Text>
		</Row>
		<Row Tag="TXT_KEY_TECH_LASERS_TITLE">
			<Text>Laser</Text>
		</Row>
		<Row Tag="TXT_KEY_TECH_MACHINERY_TITLE">
			<Text>Koneistus</Text>
		</Row>
		<Row Tag="TXT_KEY_TECH_MASONRY_TITLE">
			<Text>Muuraustaito</Text>
		</Row>
		<Row Tag="TXT_KEY_TECH_MASS_MEDIA_TITLE">
			<Text>Massamedia</Text>
		</Row>
		<Row Tag="TXT_KEY_TECH_MATHEMATICS_TITLE">
			<Text>Matematiikka</Text>
		</Row>
		<Row Tag="TXT_KEY_TECH_METAL_CASTING_TITLE">
			<Text>Metallivalu</Text>
		</Row>
		<Row Tag="TXT_KEY_TECH_METALLURGY_TITLE">
			<Text>Metallurgia</Text>
		</Row>
		<Row Tag="TXT_KEY_TECH_MILITARY_SCIENCE_TITLE">
			<Text>Sotatiede</Text>
		</Row>
		<Row Tag="TXT_KEY_TECH_MINING_TITLE">
			<Text>Kaivostoiminta</Text>
		</Row>
		<Row Tag="TXT_KEY_TECH_NANOTECHNOLOGY_TITLE">
			<Text>Nanotekniikka</Text>
		</Row>
		<Row Tag="TXT_KEY_TECH_NAVIGATION_TITLE">
			<Text>Navigaatio</Text>
		</Row>
		<Row Tag="TXT_KEY_TECH_NUCLEAR_FISSION_TITLE">
			<Text>Ydinfissio</Text>
		</Row>
		<Row Tag="TXT_KEY_TECH_NUCLEAR_FUSION_TITLE">
			<Text>Ydinfuusio</Text>
		</Row>
		<Row Tag="TXT_KEY_TECH_OPTICS_TITLE">
			<Text>Optiikka</Text>
		</Row>
		<Row Tag="TXT_KEY_TECH_PARTICLE_PHYSICS_TITLE">
			<Text>Hiukkasfysiikka</Text>
		</Row>
		<Row Tag="TXT_KEY_TECH_PATRONAGE_TITLE">
			<Text>Mesenaattius</Text>
		</Row>
		<Row Tag="TXT_KEY_TECH_PENICILIN_TITLE">
			<Text>Penisilliini</Text>
		</Row>
		<Row Tag="TXT_KEY_TECH_PHILOSOPHY_TITLE">
			<Text>Filosofia</Text>
		</Row>
		<Row Tag="TXT_KEY_TECH_PHYSICS_TITLE">
			<Text>Fysiikka</Text>
		</Row>
		<Row Tag="TXT_KEY_TECH_PLASTICS_TITLE">
			<Text>Muovi</Text>
		</Row>
		<Row Tag="TXT_KEY_TECH_POTTERY_TITLE">
			<Text>Keramiikka</Text>
		</Row>
		<Row Tag="TXT_KEY_TECH_PRINTING_PRESS_TITLE">
			<Text>Kirjapaino</Text>
		</Row>
		<Row Tag="TXT_KEY_TECH_PUBLISHING_TITLE">
			<Text>Julkaisutoiminta</Text>
		</Row>
		<Row Tag="TXT_KEY_TECH_RADAR_TITLE">
			<Text>Tutka</Text>
		</Row>
		<Row Tag="TXT_KEY_TECH_RADIO_TITLE">
			<Text>Radio</Text>
		</Row>
		<Row Tag="TXT_KEY_TECH_RAILROAD_TITLE">
			<Text>Rautatie</Text>
		</Row>
		<Row Tag="TXT_KEY_TECH_REFRIGERATION_TITLE">
			<Text>Pakastus</Text>
		</Row>
		<Row Tag="TXT_KEY_TECH_REPLACEABLE_PARTS_TITLE">
			<Text>Vaihto-osat</Text>
		</Row>
		<Row Tag="TXT_KEY_TECH_RIFLING_TITLE">
			<Text>Rihlaus</Text>
		</Row>
		<Row Tag="TXT_KEY_TECH_ROBOTICS_TITLE">
			<Text>Robotiikka</Text>
		</Row>
		<Row Tag="TXT_KEY_TECH_ROCKETRY_TITLE">
			<Text>Raketit</Text>
		</Row>
		<Row Tag="TXT_KEY_TECH_SAILING_TITLE">
			<Text>Purjehdus</Text>
		</Row>
		<Row Tag="TXT_KEY_TECH_SATELLITES_TITLE">
			<Text>Satelliitit</Text>
		</Row>
		<Row Tag="TXT_KEY_TECH_SCIENTIFIC_THEORY_TITLE">
			<Text>Tieteellinen menetelmä</Text>
		</Row>
		<Row Tag="TXT_KEY_TECH_STEALTH_TITLE">
			<Text>Häive</Text>
		</Row>
		<Row Tag="TXT_KEY_TECH_STEAM_POWER_TITLE">
			<Text>Höyryvoima</Text>
		</Row>
		<Row Tag="TXT_KEY_TECH_STEEL_TITLE">
			<Text>Teräs</Text>
		</Row>
		<Row Tag="TXT_KEY_TECH_TELEGRAPH_TITLE">
			<Text>Lennätin</Text>
		</Row>
		<Row Tag="TXT_KEY_TECH_THE_WHEEL_TITLE">
			<Text>Pyörä</Text>
		</Row>
		<Row Tag="TXT_KEY_TECH_THEOLOGY_TITLE">
			<Text>Teologia</Text>
		</Row>
		<Row Tag="TXT_KEY_TECH_TRADE_HEADING4_TITLE">
			<Text>Kaupankäynti</Text>
		</Row>
		<Row Tag="TXT_KEY_TECH_TRAPPING_TITLE">
			<Text>Loukkumetsästys</Text>
		</Row>
		<Row Tag="TXT_KEY_TECH_WRITING_TITLE">
			<Text>Kirjoitustaito</Text>
		</Row>
		<Row Tag="TXT_KEY_TECH_RADAR">
			<Text>Tutka</Text>
		</Row>
		<Row Tag="TXT_KEY_TECH_RADIO">
			<Text>Radio</Text>
		</Row>
		<Row Tag="TXT_KEY_TECH_FLIGHT">
			<Text>Lento</Text>
		</Row>
		<Row Tag="TXT_KEY_TECH_LASERS">
			<Text>Laser</Text>
		</Row>
		<Row Tag="TXT_KEY_TECH_ECOLOGY">
			<Text>Ekologia</Text>
		</Row>
		<Row Tag="TXT_KEY_TECH_PLASTIC">
			<Text>Muovi</Text>
		</Row>
		<Row Tag="TXT_KEY_TECH_STEALTH">
			<Text>Häive</Text>
		</Row>
		<Row Tag="TXT_KEY_TECH_ROBOTICS">
			<Text>Robotiikka</Text>
		</Row>
		<Row Tag="TXT_KEY_TECH_ARCHAEOLOGY">
			<Text>Arkeologia</Text>
		</Row>
		<Row Tag="TXT_KEY_TECH_ATOMICTHEORY">
			<Text>Ydinteoria</Text>
		</Row>
		<Row Tag="TXT_KEY_TECH_BALLISTICS">
			<Text>Ballistiikka</Text>
		</Row>
		<Row Tag="TXT_KEY_TECH_COMBUSTION">
			<Text>Polttomoottori</Text>
		</Row>
		<Row Tag="TXT_KEY_TECH_COMPUTERS">
			<Text>Tietokoneet</Text>
		</Row>
		<Row Tag="TXT_KEY_TECH_ELECTRONICS">
			<Text>Sähköpiiri</Text>
		</Row>
		<Row Tag="TXT_KEY_TECH_GLOBALIZATION">
			<Text>Globalisaatio</Text>
		</Row>
		<Row Tag="TXT_KEY_TECH_MASSMEDIA">
			<Text>Massamedia</Text>
		</Row>
		<Row Tag="TXT_KEY_TECH_NANOTECHNOLOGY">
			<Text>Nanoteknologia</Text>
		</Row>
		<Row Tag="TXT_KEY_TECH_NUCLEARFISSION">
			<Text>Ydinfissio</Text>
		</Row>
		<Row Tag="TXT_KEY_TECH_NUCLEARFUSION">
			<Text>Ydinfuusio</Text>
		</Row>
		<Row Tag="TXT_KEY_TECH_PARTICLEPHYSICS">
			<Text>Hiukkasfysiikka</Text>
		</Row>
		<Row Tag="TXT_KEY_TECH_PUBLISHING">
			<Text>Julkaisutoiminta</Text>
		</Row>
		<Row Tag="TXT_KEY_TECH_REFRIGERATION">
			<Text>Pakastus</Text>
		</Row>
		<Row Tag="TXT_KEY_TECH_REPLACEABLEPARTS">
			<Text>Vaihto-osat</Text>
		</Row>
		<Row Tag="TXT_KEY_TECH_ROCKETRY">
			<Text>Raketit</Text>
		</Row>
		<Row Tag="TXT_KEY_TECH_SATELLITES">
			<Text>Satelliitit</Text>
		</Row>
		<Row Tag="TXT_KEY_TECH_SCIENTIFICTHEORY">
			<Text>Tieteellinen menetelmä</Text>
		</Row>
		<Row Tag="TXT_KEY_TECH_TELEGRAPH">
			<Text>Lennätin</Text>
		</Row>
		<Row Tag="TXT_KEY_TECH_ALPHABET">
			<Text>aakkoset</Text>
		</Row>
		<Row Tag="TXT_KEY_TECH_ANIMAL_HUSBANDRY">
			<Text>karjanhoito</Text>
		</Row>
		<Row Tag="TXT_KEY_TECH_BIOLOGY">
			<Text>biologia</Text>
		</Row>
		<Row Tag="TXT_KEY_TECH_BRONZE_WORKING">
			<Text>pronssin työstö</Text>
		</Row>
		<Row Tag="TXT_KEY_TECH_CHEMISTRY">
			<Text>kemia</Text>
		</Row>
		<Row Tag="TXT_KEY_TECH_CHIVALRY">
			<Text>ritarillisuus</Text>
		</Row>
		<Row Tag="TXT_KEY_TECH_COMPASS">
			<Text>kompassi</Text>
		</Row>
		<Row Tag="TXT_KEY_TECH_CONSTRUCTION">
			<Text>rakennustaito</Text>
		</Row>
		<Row Tag="TXT_KEY_TECH_DYNAMITE">
			<Text>dynamiitti</Text>
		</Row>
		<Row Tag="TXT_KEY_TECH_ECONOMICS">
			<Text>kansantalous</Text>
		</Row>
		<Row Tag="TXT_KEY_TECH_EDUCATION">
			<Text>koulutus</Text>
		</Row>
		<Row Tag="TXT_KEY_TECH_ELECTRICITY">
			<Text>sähkö</Text>
		</Row>
		<Row Tag="TXT_KEY_TECH_ENGINEERING">
			<Text>insinööritaito</Text>
		</Row>
		<Row Tag="TXT_KEY_TECH_GUNPOWDER">
			<Text>ruuti</Text>
		</Row>
		<Row Tag="TXT_KEY_TECH_HORSEBACK_RIDING">
			<Text>ratsastustaito</Text>
		</Row>
		<Row Tag="TXT_KEY_TECH_INTERCHANGEABLE_PARTS">
			<Text>vaihdettavat osat</Text>
		</Row>
		<Row Tag="TXT_KEY_TECH_IRON_WORKING">
			<Text>raudan työstö</Text>
		</Row>
		<Row Tag="TXT_KEY_TECH_MACHINERY">
			<Text>koneistus</Text>
		</Row>
		<Row Tag="TXT_KEY_TECH_MASONRY">
			<Text>muuraustaito</Text>
		</Row>
		<Row Tag="TXT_KEY_TECH_MATHEMATICS">
			<Text>matematiikka</Text>
		</Row>
		<Row Tag="TXT_KEY_TECH_MEDICINE">
			<Text>lääketiede</Text>
		</Row>
		<Row Tag="TXT_KEY_TECH_METAL_CASTING">
			<Text>metallivalu</Text>
		</Row>
		<Row Tag="TXT_KEY_TECH_METALLURGY">
			<Text>metallurgia</Text>
		</Row>
		<Row Tag="TXT_KEY_TECH_MILITARY_SCIENCE">
			<Text>sotatiede</Text>
		</Row>
		<Row Tag="TXT_KEY_TECH_MINING">
			<Text>kaivostoiminta</Text>
		</Row>
		<Row Tag="TXT_KEY_TECH_PHYSICS">
			<Text>fysiikka</Text>
		</Row>
		<Row Tag="TXT_KEY_TECH_POTTERY">
			<Text>keramiikka</Text>
		</Row>
		<Row Tag="TXT_KEY_TECH_RAILROAD">
			<Text>rautatie</Text>
		</Row>
		<Row Tag="TXT_KEY_TECH_RIFLING">
			<Text>rihlaus</Text>
		</Row>
		<Row Tag="TXT_KEY_TECH_SAILING">
			<Text>purjehdustaito</Text>
		</Row>
		<Row Tag="TXT_KEY_TECH_SCIENTIFIC_METHOD">
			<Text>tieteellinen menetelmä</Text>
		</Row>
		<Row Tag="TXT_KEY_TECH_STEAM_POWER">
			<Text>höyryvoima</Text>
		</Row>
		<Row Tag="TXT_KEY_TECH_STEEL">
			<Text>teräs</Text>
		</Row>
		<Row Tag="TXT_KEY_TECH_WRITING">
			<Text>kirjoitustaito</Text>
		</Row>
		<!-- Inkat -->
		<Row Tag="TXT_KEY_NEWWORLD_SCENARIO_TECH_IMPERIALISM">
			<Text>Imperialismi</Text>
		</Row>
		<Row Tag="TXT_KEY_NEWWORLD_SCENARIO_TECH_NAVAL_TRADITION">
			<Text>Laivaston perinteet</Text>
		</Row>
		<Row Tag="TXT_KEY_NEWWORLD_SCENARIO_TECH_PROSOLDIERS">
			<Text>Ammattisotilaat</Text>
		</Row>
		<Row Tag="TXT_KEY_NEWWORLD_SCENARIO_TECH_PIRACY">
			<Text>Piraattius</Text>
		</Row>
		<Row Tag="TXT_KEY_NEWWORLD_SCENARIO_TECH_WARSHIPS">
			<Text>Sotalaivat</Text>
		</Row>
		<Row Tag="TXT_KEY_NEWWORLD_SCENARIO_TECH_ROYAL_GUARDS">
			<Text>Kaarti</Text>
		</Row>
		<Row Tag="TXT_KEY_NEWWORLD_SCENARIO_TECH_RELIGIOUS_ORDERS">
			<Text>Uskonnolliset käskyt</Text>
		</Row>
		<Row Tag="TXT_KEY_NEWWORLD_SCENARIO_TECH_TREASURE_FLEET">
			<Text>Aarrelaivasto</Text>
		</Row>
		<!-- Jumalat ja kuninkaat -->
		<Row Tag="TXT_KEY_TECH_ARCHITECTURE">
			<Text>Arkkitehtuuri</Text>
		</Row>
		<Row Tag="TXT_KEY_TECH_ARCHITECTURE_TITLE">
			<Text>Arkkitehtuuri</Text>
		</Row>
		<Row Tag="TXT_KEY_TECH_GUILDS">
			<Text>Killat</Text>
		</Row>
		<Row Tag="TXT_KEY_TECH_GUILDS_TITLE">
			<Text>Killat</Text>
		</Row>
		<Row Tag="TXT_KEY_TECH_COMBINED_ARMS">
			<Text>Joukkojen yhteistoiminta</Text>
		</Row>
		<Row Tag="TXT_KEY_TECH_COMBINED_ARMS_TITLE">
			<Text>Joukkojen yhteistoiminta</Text>
		</Row>
		<Row Tag="TXT_KEY_TECH_DRAMA">
			<Text>Draama ja runo</Text>
		</Row>
		<Row Tag="TXT_KEY_TECH_DRAMA_TITLE">
			<Text>Draama ja runo</Text>
		</Row>
		<Row Tag="TXT_KEY_TECH_HYDROELECTRICS">
			<Text>Vesivoima</Text>
		</Row>
		<Row Tag="TXT_KEY_TECH_HYDROELECTRICS_TITLE">
			<Text>Vesivoima</Text>
		</Row>
		<Row Tag="TXT_KEY_TECH_INDUSTRIALIZATION">
			<Text>Teollistuminen</Text>
		</Row>
		<Row Tag="TXT_KEY_TECH_INDUSTRIALIZATION_TITLE">
			<Text>Teollistuminen</Text>
		</Row>
		<Row Tag="TXT_KEY_TECH_MOBILE_TACTICS">
			<Text>Liikkuva sodankäynti</Text>
		</Row>
		<Row Tag="TXT_KEY_TECH_MOBILE_TACTICS_TITLE">
			<Text>Liikkuva sodankäynti</Text>
		</Row>
		<Row Tag="TXT_KEY_TECH_TELECOM">
			<Text>Tietoliikenne</Text>
		</Row>
		<Row Tag="TXT_KEY_TECH_TELECOM_TITLE">
			<Text>Tietoliikenne</Text>
		</Row>
		<!-- Tuhkataivaitten imperiumit -->
		<Row Tag="TXT_KEY_STEAMPUNK_SCENARIO_TECH_ANALOG_COMPUTATION_TITLE">
			<Text>Analoginen laskenta</Text>
		</Row>
		<Row Tag="TXT_KEY_STEAMPUNK_SCENARIO_TECH_ANALYTICAL_ENGINE_TITLE">
			<Text>Analyyttinen kone</Text>
		</Row>
		<Row Tag="TXT_KEY_STEAMPUNK_SCENARIO_TECH_ECONOMIC_IMPERIALISM_TITLE">
			<Text>Talousimperialismi</Text>
		</Row>
		<Row Tag="TXT_KEY_STEAMPUNK_SCENARIO_TECH_PROPULSION_TITLE">
			<Text>Työntövoima</Text>
		</Row>
		<Row Tag="TXT_KEY_STEAMPUNK_SCENARIO_TECH_ERUPTIVES_TITLE">
			<Text>Purkausvoima</Text>
		</Row>
		<Row Tag="TXT_KEY_STEAMPUNK_SCENARIO_TECH_EXPEDITIONARY_SCIENCE_TITLE">
			<Text>Tutkimusmatkailu</Text>
		</Row>
		<Row Tag="TXT_KEY_STEAMPUNK_SCENARIO_TECH_VERTICAL_INTEGRATION_TITLE">
			<Text>Vertikaalinen integraatio</Text>
		</Row>
		<Row Tag="TXT_KEY_STEAMPUNK_SCENARIO_TECH_LANDSHIPS_TITLE">
			<Text>Maalaivat</Text>
		</Row>
		<Row Tag="TXT_KEY_STEAMPUNK_SCENARIO_TECH_NOBLESSE_OBLIGE_TITLE">
			<Text>Jalot velvoitteet</Text>
		</Row>
		<Row Tag="TXT_KEY_STEAMPUNK_SCENARIO_TECH_AIRSHIPS_TITLE">
			<Text>Ilmalaivat</Text>
		</Row>
		<Row Tag="TXT_KEY_STEAMPUNK_SCENARIO_TECH_INFERNAL_COMBUSTION_TITLE">
			<Text>Hirveä polte</Text>
		</Row>
		<Row Tag="TXT_KEY_STEAMPUNK_SCENARIO_TECH_GOSPEL_OF_WEALTH_TITLE">
			<Text>Vaurauden julistus</Text>
		</Row>
		<Row Tag="TXT_KEY_STEAMPUNK_SCENARIO_TECH_AUTOMATA_TITLE">
			<Text>Itsenäisteet</Text>
		</Row>
		<Row Tag="TXT_KEY_STEAMPUNK_SCENARIO_TECH_URANOGRAPHY_TITLE">
			<Text>Taivastutkimus</Text>
		</Row>
		<Row Tag="TXT_KEY_STEAMPUNK_SCENARIO_TECH_GALVANOMAGNETISM_TITLE">
			<Text>Galvanomagnetismi</Text>
		</Row>
		<Row Tag="TXT_KEY_STEAMPUNK_SCENARIO_TECH_CIVIL_DEFENSE_TITLE">
			<Text>Kansalaispuolustus</Text>
		</Row>
		<Row Tag="TXT_KEY_STEAMPUNK_SCENARIO_TECH_LAND_LEVIATHAN_TITLE">
			<Text>Maaleviatan</Text>
		</Row>
		<Row Tag="TXT_KEY_STEAMPUNK_SCENARIO_TECH_SKY_FORTRESS_TITLE">
			<Text>Taivaslinnoitus</Text>
		</Row>
		<Row Tag="TXT_KEY_STEAMPUNK_SCENARIO_TECH_PERPETUAL_MOTION_TITLE">
			<Text>Ikiliike</Text>
		</Row>
		<Row Tag="TXT_KEY_STEAMPUNK_SCENARIO_TECH_SUBTERRANEAN_EXPLORATION_TITLE">
			<Text>Maanalainen tutkimus</Text>
		</Row>
		<Row Tag="TXT_KEY_STEAMPUNK_SCENARIO_TECH_TECHNOCRACY_TITLE">
			<Text>Teknokratia</Text>
		</Row>
		<Row Tag="TXT_KEY_STEAMPUNK_SCENARIO_TECH_THE_GRAND_IDEA_TITLE">
			<Text>Ylväs idea</Text>
		</Row>
	</Language_fi_FI>
</GameData>