<?xml version="1.0" encoding="utf-8"?>
<GameData>
	<Language_fi_FI>
	    <Row Tag="TXT_KEY_GREAT_WORK_QUOTE_ABHIJNANASAKUTALAM">
	        <Text>"Eilinen on vain unta;[NEWLINE]Huominen ainoastaan visio.[NEWLINE]Mutta elämällä hyvin tänään teet[NEWLINE]eilisestä onnellisuuden unta;[NEWLINE]ja jokaisesta huomisesta vision toivosta."</Text>
	    </Row><Row Tag="TXT_KEY_GREAT_WORK_QUOTE_ADVENTURES_OF_HUCKLEBERRY">
	        <Text>"Vaan näenpä että minun täytyy kiiruhtaa territorioon ennen muita, sillä Sally-täti aikoo adoptoida ja sivistää minut, enkä voi sietää sitä. Tiedän jo millaista se on."</Text>
	    </Row><Row Tag="TXT_KEY_GREAT_WORK_QUOTE_AENEID">
	        <Text>"It is easy to go down into Hell;[NEWLINE]night and day the gates of dark Death stand wide;[NEWLINE]but to climb back again, to retrace one's steps to the upper air -[NEWLINE]there's the rub, the task."</Text>
	    </Row><Row Tag="TXT_KEY_GREAT_WORK_QUOTE_ALICES_ADVANTURES">
	        <Text>"'But I don't want to go among mad people,' Alice remarked.[NEWLINE]'Oh, you can't help that,' said the Cat. 'We're all mad here. I'm mad. You're mad.'[NEWLINE]'How do you know I'm mad?' said Alice.[NEWLINE]'You must be,' said the Cat, 'or you wouldn't have come here.'"</Text>
	    </Row><Row Tag="TXT_KEY_GREAT_WORK_QUOTE_AZUL">
	        <Text>"Bagpipes of Spain, ye that can sing[NEWLINE]That which is sweetest to us in the Spring![NEWLINE]You first sing of gladness and then sing of pain[NEWLINE]As deep and as bitter as the billowed main."</Text>
	    </Row><Row Tag="TXT_KEY_GREAT_WORK_QUOTE_A_CHRISTMAS_CAROL">
	        <Text>"You may be an undigested bit of beef, a blot of mustard, a crumb of cheese, a fragment of underdone potato. There's more of gravy than of grave about you, whatever you are!"</Text>
	    </Row><Row Tag="TXT_KEY_GREAT_WORK_QUOTE_A_LA_RECHERCHE">
	        <Text>"There is no man, however wise, who has not at some point in his youth said things, or lived a life, the memory of which is so unpleasant to him that he would gladly expunge it. And yet he ought not entirely regret it, because he cannot be certain that he has indeed become a wise man."</Text>
	    </Row><Row Tag="TXT_KEY_GREAT_WORK_QUOTE_BAKHSHALI">
	        <Text>"Five merchants together buy a jewel. Its price is equal to half the money possessed by the first together with the money possessed by the others, or one-third of the money possessed by the second together with the moneys possessed by the others..."</Text>
	    </Row><Row Tag="TXT_KEY_GREAT_WORK_QUOTE_BARRACK_ROOM_BALLADS">
	        <Text>"And the first rude sketch that the world has seen[NEWLINE]was joy to his heart.[NEWLINE]Till the Devil whispered behind the leaves,[NEWLINE]'It's pretty, but is it art?'"</Text>
	    </Row><Row Tag="TXT_KEY_GREAT_WORK_QUOTE_CANDIDE_OU_LOPTIMISME">
	        <Text>"Fools have a habit of believing that everything written by a famous author is admirable. For my part I read only to please myself and only what suits my taste."</Text>
	    </Row><Row Tag="TXT_KEY_GREAT_WORK_QUOTE_CANTERBURY_TALES">
	        <Text>"Yet do not miss the moral, my good men.[NEWLINE]For Saint Paul says that all that's written well[NEWLINE]Is written down some useful truth to tell.[NEWLINE]Then take the wheat and let the chaff lie still."</Text>
	    </Row><Row Tag="TXT_KEY_GREAT_WORK_QUOTE_CHAYKA">
	        <Text>"Why do I hear a note of sadness that wrings my heart in this cry of a pure soul? If at any time you should have need of my life, come and take it."</Text>
	    </Row><Row Tag="TXT_KEY_GREAT_WORK_QUOTE_CHU_CI">
	        <Text>"Two monarchs then, who high renown received,[NEWLINE]followed the kingly way, their goal achieved.[NEWLINE]Two princes proud by lust their reign abused,[NEWLINE]sought easier path, and their own steps confused."</Text>
	    </Row><Row Tag="TXT_KEY_GREAT_WORK_QUOTE_CODEX_BORGIA">
	        <Text>"Tezcatlipoca: He by whom we live. Lord of the Near and the Nigh."</Text>
	    </Row><Row Tag="TXT_KEY_GREAT_WORK_QUOTE_CODEX_PEREZ">
	        <Text>"The prophecy of Chilam Balam, the singer, of Cabal-chen, Mani. On 13 Ahau the katun will end in the time of the Itza, in the time of Tancah"</Text>
	    </Row><Row Tag="TXT_KEY_GREAT_WORK_QUOTE_DEAD_SEA">
	        <Text>"Tell them this, 'These gods, who did not make the heavens and the earth, will perish from the earth and from under the heavens.'"</Text>
	    </Row><Row Tag="TXT_KEY_GREAT_WORK_QUOTE_DIE_RAUBER">
	        <Text>"Not that I have any doubt but that justice would find me speedily enough if the powers above so ordained it. But she might surprise me in sleep, or overtake me in flight, or seize me with violence and the sword, and then I should have lost the only merit left me, that of making my death a free-will atonement."</Text>
	    </Row><Row Tag="TXT_KEY_GREAT_WORK_QUOTE_DIVINA_COMMEDIA">
	        <Text>"The hottest places in Hell are reserved for those who, in times of great moral crisis, maintain their neutrality."</Text>
	    </Row><Row Tag="TXT_KEY_GREAT_WORK_QUOTE_EL_INGENIOSO">
	        <Text>"'Now look, your grace,' said Sancho, 'what you see over there are not giants, but windmills, and what seems to be arms are just sails, that go around in the wind and turn the millstone.'[NEWLINE]'Obviously,' replied Don Quixote, 'you don't know much about adventures.'"</Text>
	    </Row><Row Tag="TXT_KEY_GREAT_WORK_QUOTE_FABLES">
	        <Text>"The tortoise plodded on and on. When the Hare awoke from his nap, he saw the Tortoise near the winning post. But he could not run fast enough in time to save the race. Then the Tortoise said, 'Slow and steady wins the race.'"</Text>
	    </Row><Row Tag="TXT_KEY_GREAT_WORK_QUOTE_FAUST">
	        <Text>"When scholars study a thing, they strive to kill it first, if it's alive; then they have the parts and the'be lost the whole, for the link that's missing was the living soul."</Text>
	    </Row><Row Tag="TXT_KEY_GREAT_WORK_QUOTE_FRANKENSTEIN">
	        <Text>"Learn from me, if not by my precepts, at least by my example, how dangerous is the acquirement of knowledge, and how much happier that man is who believes his native town to be the world, than he who aspires to become greater than his nature will allow."</Text>
	    </Row><Row Tag="TXT_KEY_GREAT_WORK_QUOTE_GENJI_MONOGATARI">
	        <Text>"One ought not to be unkind to a woman merely on account of her plainness, any more than one had a right to take liberties with her merely because she was handsome."</Text>
	    </Row><Row Tag="TXT_KEY_GREAT_WORK_QUOTE_GILGAMESH">
	        <Text>"I will set up my name in the place where the names of famous men are written, and where no man's name is written I will raise a monument to the gods."</Text>
	    </Row><Row Tag="TXT_KEY_GREAT_WORK_QUOTE_GIRART_DE_VIENNE">
	        <Text>"May God forbid the deed![NEWLINE]A King of France shall not be harmed by me![NEWLINE]If he forgives me, I'll be his man of liege,[NEWLINE]And hold from him all my lands in fief."</Text>
	    </Row><Row Tag="TXT_KEY_GREAT_WORK_QUOTE_HAMMURABI">
	        <Text>"196. If a man put out the eye of another man, his eye shall be put out."</Text>
	    </Row><Row Tag="TXT_KEY_GREAT_WORK_QUOTE_HONG_LOU_MENG">
	        <Text>"The cunning waste their pains;[NEWLINE]The wise men vex their brains;[NEWLINE]But the simpleton, who seeks no gains,[NEWLINE]With belly full, he wanders free,[NEWLINE]As drifting boat upon the sea."</Text>
	    </Row><Row Tag="TXT_KEY_GREAT_WORK_QUOTE_IL_CANZONIERE">
	        <Text>"How do you know, poor fool? Perhaps out there, somewhere, someone is sighing for your absence; and with this thought, my soul begins to breathe."</Text>
	    </Row><Row Tag="TXT_KEY_GREAT_WORK_QUOTE_JIN_PING_MEI">
	        <Text>"The passions evoked by clouds and rain,[NEWLINE]joining their heads and twining their necks,[NEWLINE]within the bed curtains. Truly:[NEWLINE]When feelings converge, one is apt to forget[NEWLINE]what happens to a brocade girdle."</Text>
	    </Row><Row Tag="TXT_KEY_GREAT_WORK_QUOTE_JUSHICHIJO_KEMPO">
	        <Text>"Harmony is to be valued, and the avoidance of wanton opposition to be honored...Then what is there which cannot be accomplished."</Text>
	    </Row><Row Tag="TXT_KEY_GREAT_WORK_QUOTE_KEDUKAN_BUKRIT">
	        <Text>"In the year 605 of the Saka calendar, on the eleventh day on the full moon of Waisaka, His Majesty took a boat to make a profit."</Text>
	    </Row><Row Tag="TXT_KEY_GREAT_WORK_QUOTE_KELLS">
	        <Text>"In the beginning was the Word...and the Word was made flesh, and dwelt among us."</Text>
	    </Row><Row Tag="TXT_KEY_GREAT_WORK_QUOTE_KOKIN_WAKASHU">
	        <Text>"Argent pearls[NEWLINE]Did my tears seem[NEWLINE]Yet with the passing years[NEWLINE]Chinese crimson[NEWLINE]Have they become"</Text>
	    </Row><Row Tag="TXT_KEY_GREAT_WORK_QUOTE_LADY_CHATTERLEYS_LOVER">
	        <Text>"A woman has to live her life, or live to repent not having lived it."</Text>
	    </Row><Row Tag="TXT_KEY_GREAT_WORK_QUOTE_LA_VIE_DE_GARGANTUA">
	        <Text>"Seeing how sorrow eats you, defeats you,[NEWLINE]I'd rather write about laughing than crying,[NEWLINE]For laughter makes men human, and courageous."</Text>
	    </Row><Row Tag="TXT_KEY_GREAT_WORK_QUOTE_LEAVES_OF_GRASS">
	        <Text>"Oh Captain! My Captain! Our fearful trip is done,[NEWLINE][NEWLINE]The ship has weather'd every rack; the prize we sought is won."</Text>
	    </Row><Row Tag="TXT_KEY_GREAT_WORK_QUOTE_LES_MISERABLES">
	        <Text>"The greatest happiness in life is the conviction that we are loved - loved for ourselves, or rather, loved in spite of ourselves ... To love another person is to see the face of God."</Text>
	    </Row><Row Tag="TXT_KEY_GREAT_WORK_QUOTE_LES_TROIS_MOUSQUETAIRES">
	        <Text>"All for one, one for all, that is our device."</Text>
	    </Row><Row Tag="TXT_KEY_GREAT_WORK_QUOTE_LE_MORTE_DARTHUR">
	        <Text>"Yet some men say in many parts of England that King Arthur is not dead, but had by the will of our Lord Jesus into another place; and men say that he shall come again."</Text>
	    </Row><Row Tag="TXT_KEY_GREAT_WORK_QUOTE_LINEAR_B">
	        <Text>"Thus saw Phugebris when the king appointed Augewas the do-mo-ko-ro...slaves women thirty-two...older girls five...younger girls fifteen...younger boys four"</Text>
	    </Row><Row Tag="TXT_KEY_GREAT_WORK_QUOTE_LYSISTRATA">
	        <Text>"You, man, are fool enough, it seems, to dare to war with women, when for your faithful ally you might win us easily."</Text>
	    </Row><Row Tag="TXT_KEY_GREAT_WORK_QUOTE_MACBETH">
	        <Text>"Life ... is a tale[NEWLINE]Told by an idiot, full of sound and fury,[NEWLINE]Signifying nothing."</Text>
	    </Row><Row Tag="TXT_KEY_GREAT_WORK_QUOTE_MAHABHARATA">
	        <Text>"To save the family, abandon a man;[NEWLINE]To save the village, abandon a family;[NEWLINE]To save the country, abandon a village;[NEWLINE]To save the soul, abandon the earth."</Text>
	    </Row><Row Tag="TXT_KEY_GREAT_WORK_QUOTE_MARIA">
	        <Text>"I fell asleep sorrowful, filled with a vague foreboding of coming trouble. That lock of hair taken from a boy's head, that precaution of love against death, even in the presence of abounding life, caused my thoughts to wander all night about those scenes where I had passed, without knowing it, the happiest hours of my life."</Text>
	    </Row><Row Tag="TXT_KEY_GREAT_WORK_QUOTE_MARTIN_FIERRO">
	        <Text>"I am a gaucho, and take this from me[NEWLINE]As my tongue explains it to you:[NEWLINE]For me the earth is a small place[NEWLINE]And could be bigger yet"</Text>
	    </Row><Row Tag="TXT_KEY_GREAT_WORK_QUOTE_MASNAVI">
	        <Text>"Knock, and He'll open the door.[NEWLINE]Vanish, and He'll make you shine like the sun.[NEWLINE]Fall, and He'll raise you to the heavens.[NEWLINE]Become nothing, and He'll turn you into everything."</Text>
	    </Row><Row Tag="TXT_KEY_GREAT_WORK_QUOTE_MAWANGDUI">
	        <Text>"Bloody Hemorrhoid. Boil thoroughly one male rat in urine. Hot press with the vapor."</Text>
	    </Row><Row Tag="TXT_KEY_GREAT_WORK_QUOTE_METAMORPHOSES">
	        <Text>"Happy is the man who has broken the chains which hurt the mind,[NEWLINE]and has given up worrying once and for all.[NEWLINE]Be patient and tough; one day this pain will be useful to you."</Text>
	    </Row><Row Tag="TXT_KEY_GREAT_WORK_QUOTE_MOBY_DICK">
	        <Text>"Call me Ishmael. Some years ago - never mind how long precisely - having little or no money in my purse, and nothing particular to interest me on shore, I thought I would sail about a little and see the watery part of the world."</Text>
	    </Row><Row Tag="TXT_KEY_GREAT_WORK_QUOTE_NAG_HAMMADI">
	        <Text>"But those whom he has anointed are the ones who have become perfect. For full jars are the ones that are anointed. But when the anointing of one is dissolved, it is emptied."</Text>
	    </Row><Row Tag="TXT_KEY_GREAT_WORK_QUOTE_NA_DNE">
	        <Text>"Happiness always looks small while you hold it in your hands, but let it go, and you learn at once how big and precious it is."</Text>
	    </Row><Row Tag="TXT_KEY_GREAT_WORK_QUOTE_ODYSSEY">
	        <Text>"Men are so quick to blame the gods: they say[NEWLINE]that we devise their misery. But they[NEWLINE]themselves in their depravity design[NEWLINE]grief greater than the grief that fate assigns."</Text>
	    </Row><Row Tag="TXT_KEY_GREAT_WORK_QUOTE_OEDIPUS">
	        <Text>"Oedipus knew the famous riddles. He was a mighty king; he was the envy of everyone. Now he's struck a wave of terrible ruin. While you are alive, you must keep looking to your final day, and do not be happy 'til you pass life's boundary without suffering grief."</Text>
	    </Row><Row Tag="TXT_KEY_GREAT_WORK_QUOTE_ORLANDO_FURIOSO">
	        <Text>"There never was such beauty in another man. Nature made him, and then broke the mold."</Text>
	    </Row><Row Tag="TXT_KEY_GREAT_WORK_QUOTE_PAPYRUS_ANI">
	        <Text>"Hail, oh ye who give cakes and ales to perfect souls in the House of Osiris, give ye cakes and ale twice each day to the soul of Osiris Ani, whose word is true before the gods, the Lords of Abydos."</Text>
	    </Row><Row Tag="TXT_KEY_GREAT_WORK_QUOTE_POEMS">
	        <Text>"Because I could not stop for Death -[NEWLINE]He kindly stopped for me -[NEWLINE]The carriage held but just Ourselves -[NEWLINE]And Immortality."</Text>
	    </Row><Row Tag="TXT_KEY_GREAT_WORK_QUOTE_PRESTIPLENIYE">
	        <Text>"Pain and suffering are always inevitable for a large intelligence and a deep heart. The really great men must, I think, have great sadness on earth."</Text>
	    </Row><Row Tag="TXT_KEY_GREAT_WORK_QUOTE_PRIDE_AND_PREJUDICE">
	        <Text>"I cannot fix on the hour, or the spot, or the look or the words, which laid the foundation. I was in the middle before I knew that I had begun."</Text>
	    </Row><Row Tag="TXT_KEY_GREAT_WORK_QUOTE_RAMAYAMA">
	        <Text>"Valmiki the Poet held all the moving world inside a water drop in his hand.[NEWLINE]The gods and saints from Heaven looked down,[NEWLINE]And Valmiki looked down at the gods in the morning of Time."</Text>
	    </Row><Row Tag="TXT_KEY_GREAT_WORK_QUOTE_RED_BADGE_OF_COURAGE">
	        <Text>"He vaguely desired to walk around and around the body and stare; the impulse of the living to try to read in dead eyes the answer to the Question."</Text>
	    </Row><Row Tag="TXT_KEY_GREAT_WORK_QUOTE_REVIZOR">
	        <Text>"It is no use to blame the looking glass if your face is awry."</Text>
	    </Row><Row Tag="TXT_KEY_GREAT_WORK_QUOTE_ROSETTA">
	        <Text>"...those who dwell in them, and unto each and every one who hold any dignity in them, now behold, he is like unto a god..."</Text>
	    </Row><Row Tag="TXT_KEY_GREAT_WORK_QUOTE_RUBAIYAT">
	        <Text>"The Moving Finger writes; and, having writ,[NEWLINE]Moves on; nor all thy piety nor wit[NEWLINE]Shall lure it back to cancel half a line,[NEWLINE]Nor all thy tears wash out a word of it."</Text>
	    </Row><Row Tag="TXT_KEY_GREAT_WORK_QUOTE_RUNESTONE">
	        <Text>"I say this the second, who nine generations ago lost his life with the Hreidgoths, and died with them for his guilt."</Text>
	    </Row><Row Tag="TXT_KEY_GREAT_WORK_QUOTE_SAUL">
	        <Text>"They shall record of thee, that David here[NEWLINE]Himself surrendered to ferocious Saul -[NEWLINE]March forth, O Israel, from thy peaceful tents;[NEWLINE]March forth from them, O King."</Text>
	    </Row><Row Tag="TXT_KEY_GREAT_WORK_QUOTE_SHINJUTEN_NO_AMIJIMA">
	        <Text>"To the ears of one possessed by the God of Death, reason and objections seem like so many idle complaints."</Text>
	    </Row><Row Tag="TXT_KEY_GREAT_WORK_QUOTE_SHUIHU_ZHUAN">
	        <Text>"Today our younger brother, Chen Da, went against our advice. He offended Your Excellency and has been locked within your honorable manor. Since we have no way to save him, we have come to die with him."</Text>
	    </Row><Row Tag="TXT_KEY_GREAT_WORK_QUOTE_THE_FAERIE_QUEENE">
	        <Text>"For there is nothing lost, that may be found, if sought."</Text>
	    </Row><Row Tag="TXT_KEY_GREAT_WORK_QUOTE_THE_GREAT_GATSBY">
	        <Text>"Gatsby believed in the green light, the orgastic future that year by year recedes before us. It eluded us then, but that's no matter - to-morrow we will run faster, stretch out our arms farther, and one fine morning..."</Text>
	    </Row><Row Tag="TXT_KEY_GREAT_WORK_QUOTE_THE_LAST_OF_THE_MOHICANS">
	        <Text>"Chingachgook grasped the hand that, in the warmth of feeling, the scout had stretched across the fresh earth, and in that attitude of friendship these intrepid woodsmen bowed their heads together, while scalding tears fell to their feet, watering the grave of Uncas like drops of falling rain."</Text>
	    </Row><Row Tag="TXT_KEY_GREAT_WORK_QUOTE_THE_RAVEN">
	        <Text>"Open here I flung the shutter, when, with many a flirt and flutter,[NEWLINE]In there stepped a stately raven of the saintly days of yore.[NEWLINE]Not the least obeisance made he; not a moment stopped or stayed he;[NEWLINE]But, with mien of lord or lady, perched above my chamber door."</Text>
	    </Row><Row Tag="TXT_KEY_GREAT_WORK_QUOTE_THE_SIGN_OF_THE_FOUR">
	        <Text>"Once you eliminate the impossible, whatever remains, no matter how improbable, must be the truth."</Text>
	    </Row><Row Tag="TXT_KEY_GREAT_WORK_QUOTE_THE_SKETCH_BOOK">
	        <Text>"And he would have passed a pleasant life of it, in despite of the Devil and all his works, if his path had not been crossed by a being that causes more perplexity to mortal man than ghosts, goblins, and the whole race of witches put together, and that was - a woman."</Text>
	    </Row><Row Tag="TXT_KEY_GREAT_WORK_QUOTE_THE_TIME_MACHINE">
	        <Text>"I think that at that time none of us quite believed in the Time Machine. The fact is, the Time Traveler was one of those men who are too clever to be believed: you never felt that you saw all around him; you always suspected some subtle reserve, some ingenuity in ambush, behind his lucid frankness."</Text>
	    </Row><Row Tag="TXT_KEY_GREAT_WORK_QUOTE_TRUE_STORY">
	        <Text>"I fall back on falsehood - but falsehood of a most consistent variety; for I now make the only true statement you are to expect - that I am a liar. This defense is, I consider, a full defense against all imputations."</Text>
	    </Row><Row Tag="TXT_KEY_GREAT_WORK_QUOTE_TSUREZUREGUSA">
	        <Text>"The most precious thing in life is its uncertainty. Leaving something incomplete makes it interesting and gives one the feeling that there is room for growth."</Text>
	    </Row><Row Tag="TXT_KEY_GREAT_WORK_QUOTE_TWICE_TOLD_TALE">
	        <Text>"Amid the seeming confusion of our mysterious world, individuals are so nicely adjusted to a system, and systems to one another and to a whole, that, by stepping aside for a moment, a man exposes himself to a fearful risk of losing his place forever."</Text>
	    </Row><Row Tag="TXT_KEY_GREAT_WORK_QUOTE_UGETSU_MONOGATARI">
	        <Text>"The moon glows on the river;[NEWLINE]Wind rustles the pine.[NEWLINE]Long night, clear evening -[NEWLINE]What are they for?"</Text>
	    </Row><Row Tag="TXT_KEY_GREAT_WORK_QUOTE_UNCLE_TOMS_CABIN">
	        <Text>"Tom opened his eyes, and looked upon his master. 'Ye poor miserable critter!' he said, 'there ain't no more ye can do. I forgive ye, with all my soul!' and he fainted entirely away."</Text>
	    </Row><Row Tag="TXT_KEY_GREAT_WORK_QUOTE_URUBHANGA">
	        <Text>"The disease of suspicion is never in my being.[NEWLINE]For I am a king who can respect the friendship[NEWLINE]That flowers between a man and a woman."</Text>
	    </Row><Row Tag="TXT_KEY_GREAT_WORK_QUOTE_VIGNT_MILLE_LIEUES">
	        <Text>"Captain Nemo pointed to this prodigious heap of shellfish, and I saw that these mines were genuinely inexhaustible, since Nature's creative powers are greater than Man's destructive instincts."</Text>
	    </Row><Row Tag="TXT_KEY_GREAT_WORK_QUOTE_VOYNA_I_MIR">
	        <Text>"You can love a person dear to you with a human love, but an enemy can only be loved with divine love."</Text>
	    </Row><Row Tag="TXT_KEY_GREAT_WORK_QUOTE_WAGAHAI_WA_NEKO">
	        <Text>"Living as I do with human beings, the more that I observe them, the more I am forced to conclude that they are selfish."</Text>
	    </Row><Row Tag="TXT_KEY_GREAT_WORK_QUOTE_WALDEN">
	        <Text>"I went to the woods because I wished to live deliberately, to front only the essential facts of life, and see if I could not learn what it had to teach, and not, when I came to die, discover that I had not lived."</Text>
	    </Row><Row Tag="TXT_KEY_GREAT_WORK_QUOTE_WONDERFUL_WIZARD_OF_OZ">
	        <Text>"'Oh - you're a very bad man!'[NEWLINE]'Oh no, my dear. I'm a very good man. I'm just a very bad Wizard.'"</Text>
	    </Row>
	</Language_fi_FI>
</GameData>