<?xml version="1.0" encoding="utf-8"?>
<GameData>
	<Language_fi_FI>
		<Row Tag="TXT_KEY_UNIT_HELP_ANTI_AIRCRAFT_GUN">
			<Text>Pyrkii torjumaan yksiköitämme pommittavat vihollisten koneet.</Text>
		</Row><Row Tag="TXT_KEY_UNIT_HELP_ANTI_TANK_GUN">
			<Text>Edullinen panssarivaunujen tuhoamiseen erikoistunut yksikkö.</Text>
		</Row><Row Tag="TXT_KEY_UNIT_HELP_ARCHER">
			<Text>Tehokas antiikin ajan yksikkö, joka voi ampua nuolia kaukaa.</Text>
		</Row><Row Tag="TXT_KEY_UNIT_HELP_BARBARIAN_WARRIOR">
			<Text>Barbaarien varhaisin sotilasyksikkö pelissä.</Text>
		</Row><Row Tag="TXT_KEY_UNIT_HELP_BATTLESHIP">
			<Text>Voimakkain suoran taistelun meriyksikkö pelissä.</Text>
		</Row><Row Tag="TXT_KEY_UNIT_HELP_CARAVEL">
			<Text>Nopea renessanssin ajan meriyksikkö, joka näkee kauas.</Text>
		</Row><Row Tag="TXT_KEY_UNIT_HELP_CARRIER">
			<Text>Kantaa kolme lentokonetta.</Text>
		</Row><Row Tag="TXT_KEY_UNIT_HELP_CROSSBOWMAN">
			<Text>Keskiajan nuolia sylkevä yksikkö.</Text>
		</Row><Row Tag="TXT_KEY_UNIT_HELP_FIGHTER">
			<Text>Taivaan hallintaan ja viholliskoneiden torjuntaan erikoistunut lentoyksikkö.</Text>
		</Row><Row Tag="TXT_KEY_UNIT_HELP_HORSEMAN">
			<Text>Nopea ja vahva varhaisen pelin ratsuyksikkö. Heikko keihäitä vastaan.</Text>
		</Row><Row Tag="TXT_KEY_UNIT_HELP_INFANTRY">
			<Text>Teollisen ajan yleinen rivimiesyksikkö.</Text>
		</Row><Row Tag="TXT_KEY_UNIT_HELP_JET_FIGHTER">
			<Text>Taivaan hallintaan ja viholliskoneiden torjuntaan erikoistunut lentoyksikkö.</Text>
		</Row><Row Tag="TXT_KEY_UNIT_HELP_KNIGHT">
			<Text>Vahva keskiajan ratsuyksikkö, heikko paikkeja vastaan.</Text>
		</Row><Row Tag="TXT_KEY_UNIT_HELP_LONGSWORDSMAN">
			<Text>Tehokas keskiajan rivimiesyksikkö.</Text>
		</Row><Row Tag="TXT_KEY_UNIT_HELP_MOBILE_SAM">
			<Text>Pyrkii torjumaan yksiköitämme pommittavat vihollisten koneet.</Text>
		</Row><Row Tag="TXT_KEY_UNIT_HELP_MUSKETMAN">
			<Text>Ensimmäinen ruutia käyttävä yksikkö pelissä. Varsin edullinen ja tehokas.</Text>
		</Row><Row Tag="TXT_KEY_UNIT_HELP_PIKEMAN">
			<Text>Erikoistunut ritarien ja muiden ratsuyksiköiden voittamiseen.</Text>
		</Row><Row Tag="TXT_KEY_UNIT_HELP_RIFLEMAN">
			<Text>Vahva pelin keskivaiheen eturintaman yksikkö.</Text>
		</Row><Row Tag="TXT_KEY_UNIT_HELP_SPEARMAN">
			<Text>Antiikin ajan yksikkö, joka erikoistuu ratsuyksiköiden päihittämiseen.</Text>
		</Row><Row Tag="TXT_KEY_UNIT_HELP_SWORDSMAN">
			<Text>Klassisen ajan vahva eturintaman yksikkö.</Text>
		</Row><Row Tag="TXT_KEY_UNIT_HELP_TRIREME">
			<Text>Antiikin meriyksikkö vesialueiden hallitsemiseksi.</Text>
		</Row><Row Tag="TXT_KEY_UNIT_HELP_WARRIOR">
			<Text>Pelin alkuvaiheiden heikohko armeijan yksikkö.</Text>
		</Row><Row Tag="TXT_KEY_UNIT_HELP_ARCHAEOLOGIST">
			<Text>Arkeologit ovat erityislaatuisia työläisiä, jotka kykenevät suorittamaan kaivauksia muinaisjäänteissä. Kaivauksien lopputuloksina luodaan maamerkkejä tai kerätään esineitä, joilla voidaan täyttää merkkiteosten tiloja museoissa, palatseissa, eremitaaseissa ja joissakin maailmanihmeissä. Arkeologit voivat työskennellä kenen tahansa pelaajan mailla. Arkeologi poistuu pelistä suoritettuaan kaivauksensa. Arkeologeja ei voi ostaa [ICON_GOLD] kullalla ja heitä voi kouluttaa vain yliopistokaupungeissa.</Text>
		</Row><Row Tag="TXT_KEY_UNIT_HELP_ARTILLERY">
			<Text>Ensimmäinen piiritysyksikkö, joka kykenee tulittamaan kolmen ruudun päähän. Tulee erikseen valmistella tulittamista varten.</Text>
		</Row><Row Tag="TXT_KEY_UNIT_HELP_ASSYRIAN_SIEGE_TOWER">
			<Text>Voimakas meleepiiritysyksikö, joka tarjoaa kaupunkiin hyökkäämisen edun lähellä oleville yksiköille ollessaan viholliskaupungin vieressä. Vain assyrialaiset voivat rakentaa tämän yksikön.</Text>
		</Row><Row Tag="TXT_KEY_UNIT_HELP_ATOMIC_BOMB">
			<Text>Kurmuuttaa vihollisiamme ydinlaskeumalla. Aiheuttaa valtavasti vahinkoa kaupungeille sekä vahingoittaa kaikkia räjähdysalueen yksiköitä. Voidaan sijoittaa lentotukialukseen.[NEWLINE][NEWLINE]Vaatii Manhattan-projektin sekä uraniumia.</Text>
		</Row><Row Tag="TXT_KEY_UNIT_HELP_AUSTRIAN_HUSSAR">
			<Text>Nopea ratsuyksikkö tiedusteluun sekä iske-ja-pakene -hyökkäyksiin. Erityisen tehokas iskiessään sivustaan. Ainoastaan Itävalta kykenee valmistamaan yksikköä.</Text>
		</Row><Row Tag="TXT_KEY_UNIT_HELP_AXMAN">
			<Text>Barbaarien vastine jousivaunulle.</Text>
		</Row><Row Tag="TXT_KEY_UNIT_HELP_B17">
			<Text>Lentoyksikkö, joka kylvää kuolemaa ylhäältä käsin vihollisen yksiköihin ja kaupunkeihin. Ainoastaan Amerikka kykenee valmistamaan yksikköä. Tämä yksikkö kykenee ohittamaan torjunnan sekä aiheuttamaan enemmän vahinkoa kuin pommittaja, jonka tämä yksikkö korvaa.</Text>
		</Row><Row Tag="TXT_KEY_UNIT_HELP_BALLISTA">
			<Text>Paljon etäältä vahinkoa tuottava piiritysyksikkö, joka kuitenkin vaatii täytyy valmistella tulittamiseen. Ainoastaan Rooma kykenee valmistamaan yksikköä. Tällä yksiköllä on korkeampi [ICON_RANGE_STRENGTH] etähyökkäysvoima kuin katapultilla, jonka tämä yksikkö korvaa.</Text>
		</Row><Row Tag="TXT_KEY_UNIT_HELP_BAZOOKA">
			<Text>Atomiajan etäyksikkö, jonka täytyy olla vihollisen vieressä kyetäkseen iskemään.</Text>
		</Row><Row Tag="TXT_KEY_UNIT_HELP_BERBER_CAVALRY">
			<Text>Aavikkosotaan ja Marokon maiden suojeluun erikoistunut ratsuyksikkö. Saa taisteluetua aavikolla sekä Marokon maaperällä. Ainoastaan Marokko kykenee valmistamaan yksikköä.</Text>
		</Row><Row Tag="TXT_KEY_UNIT_HELP_BOMBER">
			<Text>Ylhäältä käsin vihollisen yksiköihin ja kaupunkeihin kuolemaa kylvävä lentoyksikkö.</Text>
		</Row><Row Tag="TXT_KEY_UNIT_HELP_BRANDENBURG_CLASS">
			<Text>Vahvin panssarilaiva tässä skenaariossa. Ainoastaan Saksa kykenee valmistamaan yksikköä.</Text>
		</Row><Row Tag="TXT_KEY_UNIT_HELP_BRAZILIAN_PRACINHA">
			<Text>Modern Era infantry unit that earns points toward a [ICON_GOLDEN_AGE] Golden Age when it defeats an enemy. May only be built by Brazil.</Text>
		</Row><Row Tag="TXT_KEY_UNIT_HELP_BYZANTINE_CATAPHRACT">
			<Text>Fast and powerful early game Mounted Unit. Weak to Spearmen. Only the Byzantines may build it. This Unit has a higher [ICON_STRENGTH] Combat Strength, defends better, and attacks cities more effectively than the Horseman which it replaces.</Text>
		</Row><Row Tag="TXT_KEY_UNIT_HELP_BYZANTINE_DROMON">
			<Text>Dominant Ancient Era Naval Unit used to own the seas through the Classic Era with its ranged attack. Only the Byzantines may build it.</Text>
		</Row><Row Tag="TXT_KEY_UNIT_HELP_CAIO_DUILIO_CLASS">
			<Text>An Ironclad that specializes in attacking cities. Only the Italians can build it.</Text>
		</Row><Row Tag="TXT_KEY_UNIT_HELP_CAMEL_ARCHER">
			<Text>Fast Medieval ranged Unit, weak to Pikemen. Only the Arabians may build it. It is a ranged unit, unlike the Knight which it replaces.</Text>
		</Row><Row Tag="TXT_KEY_UNIT_HELP_CANNON">
			<Text>Powerful Renaissance Era Siege Unit. Must set up prior to firing.</Text>
		</Row><Row Tag="TXT_KEY_UNIT_HELP_CARAVAN">
			<Text>Establishes land-based Trade Routes between two civilizations that yields [ICON_GOLD] Gold. Can also be used to deliver [ICON_FOOD] Food or [ICON_PRODUCTION] Production within your own borders after building a Granary or a Workshop.</Text>
		</Row><Row Tag="TXT_KEY_UNIT_HELP_CARGO_SHIP">
			<Text>Establishes sea-based Trade Routes between two civilizations that yields [ICON_GOLD] Gold. Can also be used to deliver [ICON_FOOD] Food or [ICON_PRODUCTION] Production within your own borders after building a Granary or a Workshop.</Text>
		</Row><Row Tag="TXT_KEY_UNIT_HELP_CARTHAGINIAN_FOREST_ELEPHANT">
			<Text>Powerful early game Mounted Unit. Weak to Spearmen. Only the Carthaginians may build it. This Unit has a higher [ICON_STRENGTH] Combat Strength than the Horseman which it replaces and strikes fear into nearby enemy units. Helps produce Great Generals more quickly.</Text>
		</Row><Row Tag="TXT_KEY_UNIT_HELP_CARTHAGINIAN_QUINQUEREME">
			<Text>Strong Ancient Era Naval Unit used to dominate the seas through melee attacks on naval units and cities. Only the Carthaginians may build it.</Text>
		</Row><Row Tag="TXT_KEY_UNIT_HELP_CATAPULT">
			<Text>First siege Unit of the game. Does major damage to Units and Cities from a distance, but must set up prior to firing.</Text>
		</Row><Row Tag="TXT_KEY_UNIT_HELP_CAVALRY">
			<Text>Mounted Unit capable of fighting toe-to-toe with contemporary infantry units.</Text>
		</Row><Row Tag="TXT_KEY_UNIT_HELP_CELT_PICTISH_WARRIOR">
			<Text>Only the Celts may build this unit. It has a combat bonus outside of friendly territory and can pillage enemy improvements at no additional movement cost. Earns 50% of opponents' strength as [ICON_PEACE] Faith for kills.</Text>
		</Row><Row Tag="TXT_KEY_UNIT_HELP_CHARIOR_ARCHER">
			<Text>A fast Ranged Unit highly effective on flat ground.</Text>
		</Row><Row Tag="TXT_KEY_UNIT_HELP_CHUKONU">
			<Text>Medieval ranged infantry Unit. Only the Chinese may build it. This Unit may fire twice in one turn, unlike the Crossbowman which it replaces.</Text>
		</Row><Row Tag="TXT_KEY_UNIT_HELP_COMPANION_CAVALRY">
			<Text>Fast and powerful early game Mounted Unit. Weak to Spearmen. Only the Greeks may build it. This Unit is faster, has a higher [ICON_STRENGTH] Combat Strength and helps produce Great Generals more quickly than the Horseman which it replaces.</Text>
		</Row><Row Tag="TXT_KEY_UNIT_HELP_COMPOSITE_BOWMAN">
			<Text>Classical ranged infantry Unit.</Text>
		</Row><Row Tag="TXT_KEY_UNIT_HELP_COSSACK">
			<Text>Mounted Unit capable of fighting toe-to-toe with contemporary infantry units. [NEWLINE][NEWLINE]Only the Russians may build it. This Unit has a combat bonus when fighting enemies that have already taken damage.</Text>
		</Row><Row Tag="TXT_KEY_UNIT_HELP_DERVISH_CAVALRY">
			<Text>Cavalry that spawns Great Generals faster and fights better in open terrain. Only the Egyptians can build it.</Text>
		</Row><Row Tag="TXT_KEY_UNIT_HELP_DESTROYER">
			<Text>Fast late game ship making it highly effective at recon. Also used to hunt down and destroy enemy Submarines. Fights as a naval melee unit.</Text>
		</Row><Row Tag="TXT_KEY_UNIT_HELP_EGYPTIAN_WAR_CHARIOT">
			<Text>A fast Ranged Unit. Only the Egyptians may build it. This Unit does not require [ICON_RES_HORSE] Horses to be built, unlike the Chariot Archer which it replaces.</Text>
		</Row><Row Tag="TXT_KEY_UNIT_HELP_EXPLORER">
			<Text>A special archaeologist that is not slowed by rough terrain and has a weak attack and defense. Only the Europeans can build it. Does not require a University. [COLOR_NEGATIVE_TEXT]Like all units in this scenario it does not have the Explore command.[ENDCOLOR]</Text>
		</Row><Row Tag="TXT_KEY_UNIT_HELP_FORCE_PUBLIQUE">
			<Text>An infantry unit that specializes fighting in rough terrain and against wounded units. Only the Belgians can build it.</Text>
		</Row><Row Tag="TXT_KEY_UNIT_HELP_FOREIGN_LEGION">
			<Text>Special Infantry Unit of the Modern Era. May only be received through adopting the Volunteer Army tenet of the Freedom Ideology. This Unit has a combat bonus outside of friendly territory but is otherwise very similar to Great War Infantry.</Text>
		</Row><Row Tag="TXT_KEY_UNIT_HELP_FOREIGN_LEGION2">
			<Text>Only the French may build it. This Unit has a combat bonus outside of friendly territory, unlike the Rifleman which it replaces.</Text>
		</Row><Row Tag="TXT_KEY_UNIT_HELP_FOREIGN_VOLUNTEERS">
			<Text>Rifleman that specializes in defense and heals whenever it kills its oponent. Only the Boer Republics can build it.</Text>
		</Row><Row Tag="TXT_KEY_UNIT_HELP_FRANK_SEAXMAN">
			<Text>Strong, front-line land Unit, which can only be built by the Franks. This Unit has a higher [ICON_STRENGTH] Combat Strength than the Swordsman, which it replaces. It starts with the Amphibious promotion.</Text>
		</Row><Row Tag="TXT_KEY_UNIT_HELP_FRIGATE">
			<Text>Powerful Renaissance Era naval Unit used to wrest control of the seas.</Text>
		</Row><Row Tag="TXT_KEY_UNIT_HELP_GALLEASS">
			<Text>Medieval Era Naval Unit used to wrest control of the seas with its ranged attack.</Text>
		</Row><Row Tag="TXT_KEY_UNIT_HELP_GATLINGGUN">
			<Text>Ranged infantry Unit of the mid-game that must be adjacent to an enemy to strike.</Text>
		</Row><Row Tag="TXT_KEY_UNIT_HELP_GOTH_GADRAUHT">
			<Text>Strong, front-line land Unit, which can only be built by the Goths. This Unit has a higher [ICON_STRENGTH] Combat Strength than the Swordsman, which it replaces. It moves along enemy roads as if they were friendly roads.</Text>
		</Row><Row Tag="TXT_KEY_UNIT_HELP_GREAT_WAR_INFANTRY">
			<Text>Basic Infantry Unit of the Modern Era.</Text>
		</Row><Row Tag="TXT_KEY_UNIT_HELP_GUIDED_MISSILE">
			<Text>A cheap Unit that may be used once to damage enemy Units or Cities.</Text>
		</Row><Row Tag="TXT_KEY_UNIT_HELP_HELICOPTER_GUNSHIP">
			<Text>Unit specialized in fighting Modern Armor and Tanks. It is capable of hovering over mountains, but takes damage if ending its turn on one.</Text>
		</Row><Row Tag="TXT_KEY_UNIT_HELP_HOPLITE">
			<Text>Ancient Era Unit which specializes in defeating Mounted Units. Only the Greeks may build it. This Unit has a higher [ICON_STRENGTH] Combat Strength than the Spearman which it replaces.</Text>
		</Row><Row Tag="TXT_KEY_UNIT_HELP_HUN_BATTERING_RAM">
			<Text>Siege unit deadly at melee attacks versus cities. Only the Huns may build it.</Text>
		</Row><Row Tag="TXT_KEY_UNIT_HELP_HUN_HORSE_ARCHER">
			<Text>A fast Ranged Unit used for hit-and-run attacks. Only the Huns may build it.</Text>
		</Row><Row Tag="TXT_KEY_UNIT_HELP_HUN_SCOURGE_OF_GOD">
			<Text>This Hun Great Person replaces the Great General. While providing the same combat bonus as a Great General, the Scourge of God also moves at a faster rate and heals adjacent units.</Text>
		</Row><Row Tag="TXT_KEY_UNIT_HELP_IMMORTAL">
			<Text>Ancient Era Unit which specializes in defeating Mounted Units. Only the Persians may build it. This Unit has a higher [ICON_STRENGTH] Combat Strength and heals more quickly than the Spearman, which it replaces.</Text>
		</Row><Row Tag="TXT_KEY_UNIT_HELP_INDIAN_WAR_ELEPHANT">
			<Text>A fast Ranged Unit highly effective on flat ground. Only the Indians may build it. This Unit has a higher [ICON_STRENGTH] Combat and Ranged Strength than the Chariot Archer, which it replaces.</Text>
		</Row><Row Tag="TXT_KEY_UNIT_HELP_INDONESIAN_KRIS_SWORDSMAN">
			<Text>Classical Era Melee unit that has a mystical weapon whose abilities will be discovered the first time it is used in combat. May only be build by Indonesia.</Text>
		</Row><Row Tag="TXT_KEY_UNIT_HELP_INQUISITOR">
			<Text>Used to remove other religions from cities. May only be obtained by purchasing with [ICON_PEACE] Faith.</Text>
		</Row><Row Tag="TXT_KEY_UNIT_HELP_IRONCLAD">
			<Text>A very powerful naval melee unit, the Ironclad pays for its strength by being slower in ocean tiles.</Text>
		</Row><Row Tag="TXT_KEY_UNIT_HELP_JAGUAR">
			<Text>Fairly weak early-game military Unit. Only the Aztecs may build it. This Unit fights more effectively in Jungle and heals damage when it kills an enemy Unit, unlike the Warrior which it replaces.</Text>
		</Row><Row Tag="TXT_KEY_UNIT_HELP_JANISSARY">
			<Text>One of the first gunpowder units of the game. Only the Ottomans may build it. This Unit is stronger on offense and heals when it kills an enemy, unlike the Musketman which it replaces.</Text>
		</Row><Row Tag="TXT_KEY_UNIT_HELP_LANCER">
			<Text>Mounted Unit specialized in defeating enemy Mounted Units.</Text>
		</Row><Row Tag="TXT_KEY_UNIT_HELP_LANDSKNECHT">
			<Text>Specialized in defeating Knights and other mounted Units. Only the Germans may build it. This Unit is much cheaper than the Pikeman, which it replaces.</Text>
		</Row><Row Tag="TXT_KEY_UNIT_HELP_LONGBOWMAN">
			<Text>Medieval ranged infantry Unit. Only the English may build it. This Unit has 1 additional range compared to the Crossbowman, which it replaces.</Text>
		</Row><Row Tag="TXT_KEY_UNIT_HELP_MACHINE_GUN">
			<Text>Late-game ranged Unit that must be adjacent to an enemy to strike.</Text>
		</Row><Row Tag="TXT_KEY_UNIT_HELP_MARINE">
			<Text>Atomic Era Unit especially useful for embarking and invading across the sea.</Text>
		</Row><Row Tag="TXT_KEY_UNIT_HELP_MAYAN_ATLATLIST">
			<Text>Only the Maya may build this unit. It is cheaper and available sooner than the Archer, which it replaces.</Text>
		</Row><Row Tag="TXT_KEY_UNIT_HELP_MECH">
			<Text>Isn't benefiting from any defensive terrain bonuses, but is otherwise stronger than any other military unit in the game.</Text>
		</Row><Row Tag="TXT_KEY_UNIT_HELP_MECHANIZED_INFANTRY">
			<Text>Fast, basic Unit of the late-game that requires no special resources to build.</Text>
		</Row><Row Tag="TXT_KEY_UNIT_HELP_MEHAL_SEFARI">
			<Text>Strong, front-line land Unit that specializes in fighting in rough terrain and defending near the Ethiopian capital. Only the Ethiopians may build it.</Text>
		</Row><Row Tag="TXT_KEY_UNIT_HELP_MINUTEMAN">
			<Text>One of the first gunpowder units of the game. Only the Americans may build it. This Unit may move through rough ground as though it were flat, unlike the Musketman which it replaces.</Text>
		</Row><Row Tag="TXT_KEY_UNIT_HELP_MISSILE_CRUISER">
			<Text>Naval Unit specialized in warding off enemy aircraft. Can hold 3 Missiles.  Used to hunt down and destroy enemy Submarines.</Text>
		</Row><Row Tag="TXT_KEY_UNIT_HELP_MISSIONARY">
			<Text>Used to spread a religion to cities. May only be obtained by purchasing with [ICON_PEACE] Faith.</Text>
		</Row><Row Tag="TXT_KEY_UNIT_HELP_MODERN_ARMOR">
			<Text>Fast and powerful late-game Unit.</Text>
		</Row><Row Tag="TXT_KEY_UNIT_HELP_MOHAWK_WARRIOR">
			<Text>Strong, front-line land Unit of the Classical Era. Only the Iroquois may build it. This Unit receives a major bonus when fighting on Forest and Jungle, unlike the Swordsman which it replaces.</Text>
		</Row><Row Tag="TXT_KEY_UNIT_HELP_MUSKETEER">
			<Text>One of the first gunpowder units of the game. Only the French may build it. This Unit has a higher [ICON_STRENGTH] Combat Strength than the Musketman, which it replaces.</Text>
		</Row><Row Tag="TXT_KEY_UNIT_HELP_MUSLIM_CAVALRY">
			<Text>Powerful Medieval Mounted Unit, weak to Pikemen. Only the Songhai may build it. This Unit is not penalized when attacking Cities, unlike the Knight which it replaces.</Text>
		</Row><Row Tag="TXT_KEY_UNIT_HELP_NORMAN_KNIGHT">
			<Text>Powerful Medieval Mounted Unit, weak to Pikemen. Possesses the Blitz promotion.  Only the Normans may build it. Replaces the standard Knight.</Text>
		</Row><Row Tag="TXT_KEY_UNIT_HELP_NUCLEAR_MISSILE">
			<Text>Unleash nuclear destruction upon your foes. Does great damage to Cities and damages any Unit caught in the blast radius.[NEWLINE][NEWLINE]Requires Manhattan Project and two Uranium resources.</Text>
		</Row><Row Tag="TXT_KEY_UNIT_HELP_NUCLEAR_SUBMARINE">
			<Text>Invisible to all Units except Destroyers, Missile Cruisers and other Submarines, or until it attacks or is adjacent to another unit. Can carry 2 Missiles, and is specialized in attacking Naval Units.</Text>
		</Row><Row Tag="TXT_KEY_UNIT_HELP_PANZER">
			<Text>Fast and powerful late game Unit.[NEWLINE][NEWLINE]Only the Germans may build it. This Unit has 1 additional movement compared to the Tank, which it replaces.</Text>
		</Row><Row Tag="TXT_KEY_UNIT_HELP_PARATROOPER">
			<Text>Strong infantry Unit capable of paradropping up to 9 tiles from friendly territory. Paratrooper can also move and pillage after paradropping, but cannot enter combat until the following turn.</Text>
		</Row><Row Tag="TXT_KEY_UNIT_HELP_PORTUGUESE_NAU">
			<Text>Melee naval unit which excels at sea exploration. It has more [ICON_MOVES] Movement than the Caravel, which it replaces, and can perform a one-time ability next to foreign lands to earn [ICON_GOLD] Gold and XP. May only be built by the Portuguese.</Text>
		</Row><Row Tag="TXT_KEY_UNIT_HELP_PRIVATEER">
			<Text>Naval Unit that specializes in attacking coastal cities to earn gold and capturing enemy ships.</Text>
		</Row><Row Tag="TXT_KEY_UNIT_HELP_RIFLED_CANNON">
			<Text>Siege unit between Cannon and Artillery.</Text>
		</Row><Row Tag="TXT_KEY_UNIT_HELP_ROCKET_ARTILLERY">
			<Text>Fast Siege Unit of the late-game. Unlike other Siege Units, it does not need to set up prior to firing.</Text>
		</Row><Row Tag="TXT_KEY_UNIT_HELP_ROMAN_LEGION">
			<Text>Strong, front-line land Unit of the Classical Era. Only the Romans may build it. This Unit has a higher [ICON_STRENGTH] Combat Strength than the Swordsman, which it replaces.</Text>
		</Row><Row Tag="TXT_KEY_UNIT_HELP_SAMURAI">
			<Text>Powerful Medieval infantry Unit. Only the Japanese may build it. This Unit fights more effectively and helps produce Great Generals more quickly than the Longswordsman, which it replaces.</Text>
		</Row><Row Tag="TXT_KEY_UNIT_HELP_SAXON_HUSCARL">
			<Text>Powerful Medieval Melee Unit, strong against Mounted and Ranged Units. Possesses the Cover I and Bonus vs. Mounted (50) promotions.  Only the English may build it. Replaces the Longswordsman.</Text>
		</Row><Row Tag="TXT_KEY_UNIT_HELP_SCOUT">
			<Text>Excellent at exploring, this Unit is not slowed by rough terrain, but is vulnerable to attack.</Text>
		</Row><Row Tag="TXT_KEY_UNIT_HELP_SEA_BEGGAR">
			<Text>Naval Unit that specializes in attacking coastal cities to earn gold and capturing enemy ships. Only the Dutch can build it.</Text>
		</Row><Row Tag="TXT_KEY_UNIT_HELP_SETTLER">
			<Text>Founds new Cities to expand your empire.[NEWLINE][NEWLINE][ICON_FOOD] Growth of the City is stopped while this Unit is being built.</Text>
		</Row><Row Tag="TXT_KEY_UNIT_HELP_SHIPOFTHELINE">
			<Text>Powerful Renaissance Era Naval Unit used to wrest control of the seas. Only the English may build it.</Text>
		</Row><Row Tag="TXT_KEY_UNIT_HELP_SHOSHONE_COMANCHE_RIDERS">
			<Text>Mounted unit that specializes in quick attacks. May only be built by the Shoshone.</Text>
		</Row><Row Tag="TXT_KEY_UNIT_HELP_SHOSHONE_PATHFINDER">
			<Text>Excellent at exploring and fearsome in combat, this Shoshone Unique Unit replaces the Scout. It possesses a promotion that allows it to choose the benefit when uncovering an ancient ruin.</Text>
		</Row><Row Tag="TXT_KEY_UNIT_HELP_SIAMESE_WARELEPHANT">
			<Text>Powerful Medieval Mounted Unit, weak to Pikemen. Only the Siamese may build it. This Unit receives a bonus against other mounted Units and has a higher [ICON_STRENGTH] Combat Strength than the Knight, which it replaces.</Text>
		</Row><Row Tag="TXT_KEY_UNIT_HELP_SIPAHI">
			<Text>Mounted Unit specialized in defeating enemy Mounted Units. May only be built by the Ottomans. This Unit is faster and can see further than the Lancer, which it replaces.</Text>
		</Row><Row Tag="TXT_KEY_UNIT_HELP_SS_BOOSTER">
			<Text>One of the Spaceship parts that must be built and sent to the capital to win a [COLOR_POSITIVE_TEXT]Science Victory[ENDCOLOR]. Unlike other parts, three SS Boosters are needed to complete the spaceship.</Text>
		</Row><Row Tag="TXT_KEY_UNIT_HELP_SS_PART">
			<Text>One of the Spaceship parts that must be built and sent to the capital to win a [COLOR_POSITIVE_TEXT]Science Victory[ENDCOLOR].</Text>
		</Row><Row Tag="TXT_KEY_UNIT_HELP_STEALTH_BOMBER">
			<Text>A long-range Air Unit that rains death from above onto enemy Units and Cities.</Text>
		</Row><Row Tag="TXT_KEY_UNIT_HELP_SUBMARINE">
			<Text>Invisible to all Units except Destroyers, Missile Cruisers and other Submarines, or until it attacks or is adjacent to another unit. Can cause major damage to other ships if they get into range without being seen.</Text>
		</Row><Row Tag="TXT_KEY_UNIT_HELP_SWEDISH_CAROLEAN">
			<Text>Strong, front-line land Unit that specializes in long marches, even far from Swedish lands. Only the Swedish may build it.</Text>
		</Row><Row Tag="TXT_KEY_UNIT_HELP_SWEDISH_HAKKAPELIITTA">
			<Text>Elite mounted Unit that specializes in working with Great Generals. Only the Swedish may build it.</Text>
		</Row><Row Tag="TXT_KEY_UNIT_HELP_TANK">
			<Text>Fast and powerful late game Unit.</Text>
		</Row><Row Tag="TXT_KEY_UNIT_HELP_TREBUCHET">
			<Text>Powerful Medieval Siege Unit, good at reducing the defenses of enemy Cities. Must set up prior to firing.</Text>
		</Row><Row Tag="TXT_KEY_UNIT_HELP_TRIPLANE">
			<Text>Early Air Unit designed to intercept incoming enemy aircraft.</Text>
		</Row><Row Tag="TXT_KEY_UNIT_HELP_VANDAL_AXEMAN">
			<Text>Strong, front-line land Unit, which can only be built by the Vandals. It has a higher [ICON_STRENGTH] Combat Strength than the Swordsman, which it replaces. It starts with the Charge promotion, giving it a combat bonus against damaged units.</Text>
		</Row><Row Tag="TXT_KEY_UNIT_HELP_VANDAL_TRIHEMIOLLA">
			<Text>Strong Naval Unit used to dominate the seas through melee attacks on naval units and cities. Can capture enemy ships. Only the Vandals may build it.</Text>
		</Row><Row Tag="TXT_KEY_UNIT_HELP_VENETIAN_GALLEASS">
			<Text>A brutally powerful Medieval Era Naval Unit used to wrest control of the seas with its ranged attack. Better at attacking and defending than the normal Galleass it replaces, but more expensive. May only be built by Venice.</Text>
		</Row><Row Tag="TXT_KEY_UNIT_HELP_VENETIAN_MERCHANT">
			<Text>This Venetian unique Great Person replaces the Great Merchant. Aside from the ability to Conduct a Trade Mission, the Merchant of Venice can purchase City-States outright, bringing them under Venetian control as a Puppet.</Text>
		</Row><Row Tag="TXT_KEY_UNIT_HELP_WELSH_LONGBOWMAN">
			<Text>Medieval ranged infantry Unit. Only the Celts may build it. This Unit has 1 additional range compared to the Crossbowman, but is slightly weaker. This Unit may move through rough ground as though it were flat.</Text>
		</Row><Row Tag="TXT_KEY_UNIT_HELP_WINGED_HUSSAR">
			<Text>Heavy Mounted Unit specialized in defeating enemy mounted units. This unit is faster and more powerful than the Lancer, which it replaces. Forces defenders to retreat when it inflicts more damage than it receives. May only be built by the Polish.</Text>
		</Row><Row Tag="TXT_KEY_UNIT_HELP_WORKBOAT">
			<Text>Creates Improvements on water resources like [ICON_RES_FISH] Fish. The Work Boat is consumed in the process. It is defenseless, and will be killed if it comes into contact with an enemy.</Text>
		</Row><Row Tag="TXT_KEY_UNIT_HELP_WORKER">
			<Text>Improves [ICON_FOOD] Food [ICON_PRODUCTION] Production and [ICON_GOLD] Gold by constructing Improvements on map tiles outside of Cities.</Text>
		</Row><Row Tag="TXT_KEY_UNIT_HELP_WWI_BOMBER">
			<Text>Early Air Unit that can bombard enemy Units and Cities from the skies.</Text>
		</Row><Row Tag="TXT_KEY_UNIT_HELP_WWI_TANK">
			<Text>The first of its kind, this powerful late game unit can move after attacking.</Text>
		</Row><Row Tag="TXT_KEY_UNIT_HELP_XCOM_SQUAD">
			<Text>Futuristic infantry unit skilled at dropping into danger from far across the world. Squad can move and pillage after landing but cannot enter combat until the following turn.[NEWLINE][NEWLINE][COLOR_CYAN]Good Luck, Commander![ENDCOLOR]</Text>
		</Row><Row Tag="TXT_KEY_UNIT_HELP_ZERO">
			<Text>Air Unit designed to wrest control of the skies and intercept incoming enemy aircraft. Only the Japanese may build it. This Unit has a bonus against other Fighters, unlike the Fighter which it replaces.</Text>
		</Row><Row Tag="TXT_KEY_UNIT_HELP_ZULU_IMPI">
			<Text>Specialized in defeating Knights and other mounted units. Only the Zulu may build it. Also performs a first-strike ranged attack before combat.</Text>
		</Row>
	</Language_fi_FI>
</GameData>