﻿<?xml version="1.0" encoding="utf-8"?>
<GameData>
	<Language_fi_FI>
		<Row Tag="TXT_KEY_UNIT_AMERICAN_B17">
			<Text>B-17|B-17:n|B-17:mme|B-17:ksi</Text>
			<Gender>masculine:erisnimi|feminine:akkusatiivi|masculine:possessiivi_m1|feminine:translatiivi</Gender>
			<Plurality>1</Plurality>
		</Row>
		<Row Tag="TXT_KEY_UNIT_AMERICAN_MINUTEMAN">
			<Text>Minutööri|minutöörin|Minutöörimme|minutööriksi</Text>
			<Gender>masculine:nominatiivi|feminine:akkusatiivi|masculine:possessiivi_m1|feminine:translatiivi</Gender>
			<Plurality>1</Plurality>
		</Row>
		<Row Tag="TXT_KEY_UNIT_ANTI_AIRCRAFT_GUN">
			<Text>Ilmatorjuntatykki|ilmatorjuntatykin|Ilmatorjuntatykkimme|ilmatorjuntatykiksi</Text>
			<Gender>masculine:nominatiivi|feminine:akkusatiivi|masculine:possessiivi_m1|feminine:translatiivi</Gender>
			<Plurality>1</Plurality>
		</Row>
		<Row Tag="TXT_KEY_UNIT_ARABIAN_CAMELARCHER">
			<Text>Jousikameli|jousikamelin|Jousikamelimme|jousikameliksi</Text>
			<Gender>masculine:nominatiivi|feminine:akkusatiivi|masculine:possessiivi_m1|feminine:translatiivi</Gender>
			<Plurality>1</Plurality>
		</Row>
		<Row Tag="TXT_KEY_UNIT_ARCHER">
			<Text>Jousimies|jousimiehen|Jousimiehemme|jousimieheksi</Text>
			<Gender>masculine:nominatiivi|feminine:akkusatiivi|masculine:possessiivi_m1|feminine:translatiivi</Gender>
			<Plurality>1</Plurality>
		</Row>
		<Row Tag="TXT_KEY_UNIT_ARTILLERY">
			<Text>Tykki|tykin|Tykkimme|tykiksi</Text>
			<Gender>masculine:nominatiivi|feminine:akkusatiivi|masculine:possessiivi_m1|feminine:translatiivi</Gender>
			<Plurality>1</Plurality>
		</Row>
		<Row Tag="TXT_KEY_UNIT_AT_GUN">
			<Text>Panssarintorjuntatykki|panssarintorjuntatykin|Panssarintorjuntatykkimme|panssarintorjuntatykiksi</Text>
			<Gender>masculine:nominatiivi|feminine:akkusatiivi|masculine:possessiivi_m1|feminine:translatiivi</Gender>
			<Plurality>1</Plurality>
		</Row>
		<Row Tag="TXT_KEY_UNIT_ATOMIC_BOMB">
			<Text>Atomipommi|atomipommin|Atomipommimme|atomipommiksi</Text>
			<Gender>masculine:nominatiivi|feminine:akkusatiivi|masculine:possessiivi_m1|feminine:translatiivi</Gender>
			<Plurality>1</Plurality>
		</Row>
		<Row Tag="TXT_KEY_UNIT_AZTEC_JAGUAR">
			<Text>Jaguaarisoturi|jaguaarisoturin|Jaguaarisoturimme|jaguaarisoturiksi</Text>
			<Gender>masculine:nominatiivi|feminine:akkusatiivi|masculine:possessiivi_m1|feminine:translatiivi</Gender>
			<Plurality>1</Plurality>
		</Row>
		<Row Tag="TXT_KEY_UNIT_BATTLESHIP">
			<Text>Taistelulaiva|taistelulaivan|Taistelulaivamme|taistelulaivaksi</Text>
			<Gender>masculine:nominatiivi|feminine:akkusatiivi|masculine:possessiivi_m1|feminine:translatiivi</Gender>
			<Plurality>1</Plurality>
		</Row>
		<Row Tag="TXT_KEY_UNIT_BOMBER">
			<Text>Pommikone|pommikoneen|Pommikoneemme|pommikoneeksi</Text>
			<Gender>masculine:nominatiivi|feminine:akkusatiivi|masculine:possessiivi_m1|feminine:translatiivi</Gender>
			<Plurality>1</Plurality>
		</Row>
		<Row Tag="TXT_KEY_UNIT_CANNON">
			<Text>Kanuuna|kanuunan|Kanuunamme|kanuunaksi</Text>
			<Gender>masculine:nominatiivi|feminine:akkusatiivi|masculine:possessiivi_m1|feminine:translatiivi</Gender>
			<Plurality>1</Plurality>
		</Row>
		<Row Tag="TXT_KEY_UNIT_CARAVEL">
			<Text>Kraveli|kravelin|Kravelimme|kraveliksi</Text>
			<Gender>masculine:nominatiivi|feminine:akkusatiivi|masculine:possessiivi_m1|feminine:translatiivi</Gender>
			<Plurality>1</Plurality>
		</Row>
		<Row Tag="TXT_KEY_UNIT_CARRIER">
			<Text>Lentotukialus|lentotukialuksen|Lentotukialuksemme|lentotukialukseksi</Text>
			<Gender>masculine:nominatiivi|feminine:akkusatiivi|masculine:possessiivi_m1|feminine:translatiivi</Gender>
			<Plurality>1</Plurality>
		</Row>
		<Row Tag="TXT_KEY_UNIT_CATAPULT">
			<Text>Katapultti|katapultin|Katapulttimme|katapultiksi</Text>
			<Gender>masculine:nominatiivi|feminine:akkusatiivi|masculine:possessiivi_m1|feminine:translatiivi</Gender>
			<Plurality>1</Plurality>
		</Row>
		<Row Tag="TXT_KEY_UNIT_CAVALRY">
			<Text>Kivääriratsu|kivääriratsun|Kivääriratsumme|kivääriratsuksi</Text>
			<Gender>masculine:nominatiivi|feminine:akkusatiivi|masculine:possessiivi_m1|feminine:translatiivi</Gender>
			<Plurality>1</Plurality>
		</Row>
		<Row Tag="TXT_KEY_UNIT_CHARIOT_ARCHER">
			<Text>Jousivaunu|jousivaunun|Jousivaunumme|jousivaunuksi</Text>
			<Gender>masculine:nominatiivi|feminine:akkusatiivi|masculine:possessiivi_m1|feminine:translatiivi</Gender>
			<Plurality>1</Plurality>
		</Row>
		<Row Tag="TXT_KEY_UNIT_CHINESE_CHUKONU">
			<Text>Chu-ko-nu|cho-ko-nun|Cho-ko-numme|cho-ko-nuksi</Text>
			<Gender>masculine:nominatiivi|feminine:akkusatiivi|masculine:possessiivi_m1|feminine:translatiivi</Gender>
			<Plurality>1</Plurality>
		</Row>
		<Row Tag="TXT_KEY_UNIT_CROSSBOWMAN">
			<Text>Varsijousi|varsijousen|Varsijousemme|varsijouseksi</Text>
			<Gender>masculine:nominatiivi|feminine:akkusatiivi|masculine:possessiivi_m1|feminine:translatiivi</Gender>
			<Plurality>1</Plurality>
		</Row>
		<Row Tag="TXT_KEY_UNIT_DESTROYER">
			<Text>Hävittäjä|hävittäjän|Hävittäjämme|hävittäjäksi</Text>
			<Gender>masculine:nominatiivi|feminine:akkusatiivi|masculine:possessiivi_m1|feminine:translatiivi</Gender>
			<Plurality>1</Plurality>
		</Row>
		<Row Tag="TXT_KEY_UNIT_EGYPT_WARCHARIOT">
			<Text>Sotavaunu|sotavaunun|Sotavaunumme|sotavaunuksi</Text>
			<Gender>masculine:nominatiivi|feminine:akkusatiivi|masculine:possessiivi_m1|feminine:translatiivi</Gender>
			<Plurality>1</Plurality>
		</Row>
		<Row Tag="TXT_KEY_UNIT_ENGLISH_LONGBOWMAN">
			<Text>Pitkäjousi|pitkäjousen|Pitkäjousemme|pitkäjouseksi</Text>
			<Gender>masculine:nominatiivi|feminine:akkusatiivi|masculine:possessiivi_m1|feminine:translatiivi</Gender>
			<Plurality>1</Plurality>
		</Row>
		<Row Tag="TXT_KEY_UNIT_ENGLISH_SHIPOFTHELINE">
			<Text>Linjalaiva|linjalaivan|Linjalaivamme|linjalaivaksi</Text>
			<Gender>masculine:nominatiivi|feminine:akkusatiivi|masculine:possessiivi_m1|feminine:translatiivi</Gender>
			<Plurality>1</Plurality>
		</Row>
		<Row Tag="TXT_KEY_UNIT_FIGHTER">
			<Text>Hävittäjäkone|hävittäjäkoneen|Hävittäjäkoneemme|hävittäjäkoneeksi</Text>
			<Gender>masculine:nominatiivi|feminine:akkusatiivi|masculine:possessiivi_m1|feminine:translatiivi</Gender>
			<Plurality>1</Plurality>
		</Row>
		<Row Tag="TXT_KEY_UNIT_FRENCH_FOREIGNLEGION">
			<Text>Muukalaislegioona|muukalaislegioonat|Muukalaislegioonamme|muukalaislegioonaksi</Text>
			<Gender>masculine:nominatiivi|feminine:akkusatiivi|masculine:possessiivi_m1|feminine:translatiivi</Gender>
			<Plurality>1</Plurality>
		</Row>
		<Row Tag="TXT_KEY_UNIT_FRENCH_MUSKETEER">
			<Text>Muskettisoturi|muskettisoturin|Muskettisoturimme|muskettisoturiksi</Text>
			<Gender>masculine:nominatiivi|feminine:akkusatiivi|masculine:possessiivi_m1|feminine:translatiivi</Gender>
			<Plurality>1</Plurality>
		</Row>
		<Row Tag="TXT_KEY_UNIT_FRIGATE">
			<Text>Fregatti|fregatin|Fregattimme|fregatiksi</Text>
			<Gender>masculine:nominatiivi|feminine:akkusatiivi|masculine:possessiivi_m1|feminine:translatiivi</Gender>
			<Plurality>1</Plurality>
		</Row>
		<Row Tag="TXT_KEY_UNIT_GALLEY">
			<Text>Kaleeri|kaleerin|Kaleerimme|kaleeriksi</Text>
			<Gender>masculine:nominatiivi|feminine:akkusatiivi|masculine:possessiivi_m1|feminine:translatiivi</Gender>
			<Plurality>1</Plurality>
		</Row>
		<Row Tag="TXT_KEY_UNIT_GERMAN_LANDSKNECHT">
			<Text>Landsknecht|landskenchtin|Landskechtimme|landsknechtiksi</Text>
			<Gender>masculine:nominatiivi|feminine:akkusatiivi|masculine:possessiivi_m1|feminine:translatiivi</Gender>
			<Plurality>1</Plurality>
		</Row>
		<Row Tag="TXT_KEY_UNIT_GERMAN_PANZER">
			<Text>Pantterivaunu|pantterivaunun|Pantterivaunumme|panssarivaunuksi</Text>
			<Gender>masculine:nominatiivi|feminine:akkusatiivi|masculine:possessiivi_m1|feminine:translatiivi</Gender>
			<Plurality>1</Plurality>
		</Row>
		<Row Tag="TXT_KEY_UNIT_GREAT_ARTIST">
			<Text>Merkittävä taiteilija|merkittävän taiteilijan|Merkittävä taiteilijamme|merkittäväksi taiteilijaksi|merkittävään taiteilijaan</Text>
			<Gender>masculine:nominatiivi|feminine:akkusatiivi|masculine:possessiivi_m1|feminine:translatiivi|feminine:illatiivi</Gender>
			<Plurality>1</Plurality>
		</Row>
		<Row Tag="TXT_KEY_UNIT_GREAT_ENGINEER">
			<Text>Merkittävä insinööri|merkittävän insinöörin|Merkittävä insinöörimme|merkittäväksi insinööriksi|merkittävään insinööriin</Text>
			<Gender>masculine:nominatiivi|feminine:akkusatiivi|masculine:possessiivi_m1|feminine:translatiivi|feminine:illatiivi</Gender>
			<Plurality>1</Plurality>
		</Row>
		<Row Tag="TXT_KEY_UNIT_GREAT_GENERAL">
			<Text>Merkittävä kenraali|merkittävän kenraalin|Merkittävä kenraalimme|merkittäväksi kenraaliksi|merkittävään kenraaliin</Text>
			<Gender>masculine:nominatiivi|feminine:akkusatiivi|masculine:possessiivi_m1|feminine:translatiivi|feminine:illatiivi</Gender>
			<Plurality>1</Plurality>
		</Row>
		<Row Tag="TXT_KEY_UNIT_GREAT_MERCHANT">
			<Text>Merkittävä kauppias|merkittävän kauppiaan|Merkittävä kauppiaamme|merkittäväksi kauppiaaksi|merkittävään kauppiaaseen</Text>
			<Gender>masculine:nominatiivi|feminine:akkusatiivi|masculine:possessiivi_m1|feminine:translatiivi|feminine:illatiivi</Gender>
			<Plurality>1</Plurality>
		</Row>
		<Row Tag="TXT_KEY_UNIT_GREAT_SCIENTIST">
			<Text>Merkittävä tiedemies|merkittävän tiedemiehen|Merkittävä tiedemiehemme|merkittäväksi tiedemieheksi|merkittävään tiedemieheen</Text>
			<Gender>masculine:nominatiivi|feminine:akkusatiivi|masculine:possessiivi_m1|feminine:translatiivi|feminine:illatiivi</Gender>
			<Plurality>1</Plurality>
		</Row>
		<Row Tag="TXT_KEY_UNIT_GREEK_COMPANIONCAVALRY">
			<Text>Toveriratsuväki|toveriratsuväen|Toveriratsuväkemme|toveriratsuväeksi</Text>
			<Gender>masculine:nominatiivi|feminine:akkusatiivi|masculine:possessiivi_m1|feminine:translatiivi</Gender>
			<Plurality>1</Plurality>
		</Row>
		<Row Tag="TXT_KEY_UNIT_GREEK_HOPLITE">
			<Text>Hopliitti|hopliitin|Hopliittimme|hopliitiksi</Text>
			<Gender>masculine:nominatiivi|feminine:akkusatiivi|masculine:possessiivi_m1|feminine:translatiivi</Gender>
			<Plurality>1</Plurality>
		</Row>
		<Row Tag="TXT_KEY_UNIT_GUIDED_MISSILE">
			<Text>Ohjus|ohjuksen|Ohjuksemme|ohjukseksi</Text>
			<Gender>masculine:nominatiivi|feminine:akkusatiivi|masculine:possessiivi_m1|feminine:translatiivi</Gender>
			<Plurality>1</Plurality>
		</Row>
		<Row Tag="TXT_KEY_UNIT_HELICOPTER_GUNSHIP">
			<Text>Taistelukopteri|taistelukopterin|Taistelukopterimme|taistelukopteriksi</Text>
			<Gender>masculine:nominatiivi|feminine:akkusatiivi|masculine:possessiivi_m1|feminine:translatiivi</Gender>
			<Plurality>1</Plurality>
		</Row>
		<Row Tag="TXT_KEY_UNIT_HORSEMAN">
			<Text>Ratsumies|ratsumiehen|Ratsumiehemme|ratsumieheksi</Text>
			<Gender>masculine:nominatiivi|feminine:akkusatiivi|masculine:possessiivi_m1|feminine:translatiivi</Gender>
			<Plurality>1</Plurality>
		</Row>
		<Row Tag="TXT_KEY_UNIT_INDIAN_WARELEPHANT">
			<Text>Sotanorsu|sotanorsun|Sotanorsumme|sotanorsuksi</Text>
			<Gender>masculine:nominatiivi|feminine:akkusatiivi|masculine:possessiivi_m1|feminine:translatiivi</Gender>
			<Plurality>1</Plurality>
		</Row>
		<Row Tag="TXT_KEY_UNIT_INFANTRY">
			<Text>Rynnäkkökivääri|rynnäkkökiväärin|Rynnäkkökiväärimme|rynnäkkökivääriksi</Text>
			<Gender>masculine:nominatiivi|feminine:akkusatiivi|masculine:possessiivi_m1|feminine:translatiivi</Gender>
			<Plurality>1</Plurality>
		</Row>
		<Row Tag="TXT_KEY_UNIT_IRONCLAD">
			<Text>Panssarilaiva|panssarilaivan|Panssarilaivamme|panssarilaivaksi</Text>
			<Gender>masculine:nominatiivi|feminine:akkusatiivi|masculine:possessiivi_m1|feminine:translatiivi</Gender>
			<Plurality>1</Plurality>
		</Row>
		<Row Tag="TXT_KEY_UNIT_IROQUOIAN_MOHAWKWARRIOR">
			<Text>Mohawk-soturi|mohawk-soturin|Mohawk-soturimme|mohawk-soturiksi</Text>
			<Gender>masculine:nominatiivi|feminine:akkusatiivi|masculine:possessiivi_m1|feminine:translatiivi</Gender>
			<Plurality>1</Plurality>
		</Row>
		<Row Tag="TXT_KEY_UNIT_JAPANESE_SAMURAI">
			<Text>Samurai|samurain|Samuraimme|samuraiksi</Text>
			<Gender>masculine:nominatiivi|feminine:akkusatiivi|masculine:possessiivi_m1|feminine:translatiivi</Gender>
			<Plurality>1</Plurality>
		</Row>
		<Row Tag="TXT_KEY_UNIT_JAPANESE_ZERO">
			<Text>Zero-hävittäjä|zero-hävittäjän|Zero-hävittäjämme|zero-hävittäjäksi</Text>
			<Gender>masculine:nominatiivi|feminine:akkusatiivi|masculine:possessiivi_m1|feminine:translatiivi</Gender>
			<Plurality>1</Plurality>
		</Row>
		<Row Tag="TXT_KEY_UNIT_JET_FIGHTER">
			<Text>Suihkuhävittäjä|suihkuhävittäjän|Suihkuhävittäjämme|suihkuhävittäjäksi</Text>
			<Gender>masculine:nominatiivi|feminine:akkusatiivi|masculine:possessiivi_m1|feminine:translatiivi</Gender>
			<Plurality>1</Plurality>
		</Row>
		<Row Tag="TXT_KEY_UNIT_KNIGHT">
			<Text>Ritari|ritarin|Ritarimme|ritariksi</Text>
			<Gender>masculine:nominatiivi|feminine:akkusatiivi|masculine:possessiivi_m1|feminine:translatiivi</Gender>
			<Plurality>1</Plurality>
		</Row>
		<Row Tag="TXT_KEY_UNIT_LANCER">
			<Text>Ratsukeihäsmies|ratsukeihäsmiehen|Ratsukeihäsmiehemme|ratsukeihäsmieheksi</Text>
			<Gender>masculine:nominatiivi|feminine:akkusatiivi|masculine:possessiivi_m1|feminine:translatiivi</Gender>
			<Plurality>1</Plurality>
		</Row>
		<Row Tag="TXT_KEY_UNIT_LONGSWORDSMAN">
			<Text>Pitkämiekka|pitkämiekan|Pitkämiekkamme|pitkämiekaksi</Text>
			<Gender>masculine:nominatiivi|feminine:akkusatiivi|masculine:possessiivi_m1|feminine:translatiivi</Gender>
			<Plurality>1</Plurality>
		</Row>
		<Row Tag="TXT_KEY_UNIT_MECH">
			<Text>Kuolonrobotti|kuolonrobotin|Kuolonrobottimme|kuolonrobotiksi</Text>
			<Gender>masculine:nominatiivi|feminine:akkusatiivi|masculine:possessiivi_m1|feminine:translatiivi</Gender>
			<Plurality>1</Plurality>
		</Row>
		<Row Tag="TXT_KEY_UNIT_MECHANIZED_INFANTRY">
			<Text>Rynnäkkövaunu|rynnäkkövaunun|Rynnäkkövaunumme|rynnäkkövaunuksi</Text>
			<Gender>masculine:nominatiivi|feminine:akkusatiivi|masculine:possessiivi_m1|feminine:translatiivi</Gender>
			<Plurality>1</Plurality>
		</Row>
		<Row Tag="TXT_KEY_UNIT_MISSILE_CRUISER">
			<Text>Ohjusristeilijä|ohjusristeilijän|Ohjusristeilijämme|ohjusristeilijäksi</Text>
			<Gender>masculine:nominatiivi|feminine:akkusatiivi|masculine:possessiivi_m1|feminine:translatiivi</Gender>
			<Plurality>1</Plurality>
		</Row>
		<Row Tag="TXT_KEY_UNIT_MOBILE_SAM">
			<Text>It-panssarivaunu|it-panssarivaunun|It-panssarivaunumme|it-panssarivaunuksi</Text>
			<Gender>masculine:nominatiivi|feminine:akkusatiivi|masculine:possessiivi_m1|feminine:translatiivi</Gender>
			<Plurality>1</Plurality>
		</Row>
		<Row Tag="TXT_KEY_UNIT_MODERN_ARMOR">
			<Text>Panssarivaunu|panssarivaunun|Panssarivaunumme|panssarivaunuksi</Text>
			<Gender>masculine:nominatiivi|feminine:akkusatiivi|masculine:possessiivi_m1|feminine:translatiivi</Gender>
			<Plurality>1</Plurality>
		</Row>
		<Row Tag="TXT_KEY_UNIT_MUSKETMAN">
			<Text>Musketööri|musketöörin|Musketöörimme|musketööriksi</Text>
			<Gender>masculine:nominatiivi|feminine:akkusatiivi|masculine:possessiivi_m1|feminine:translatiivi</Gender>
			<Plurality>1</Plurality>
		</Row>
		<Row Tag="TXT_KEY_UNIT_NUCLEAR_MISSILE">
			<Text>Ydinohjus|ydinohjuksen|Ydinohjuksemme|ydinohjukseksi</Text>
			<Gender>masculine:nominatiivi|feminine:akkusatiivi|masculine:possessiivi_m1|feminine:translatiivi</Gender>
			<Plurality>1</Plurality>
		</Row>
		<Row Tag="TXT_KEY_UNIT_NUCLEAR_SUBMARINE">
			<Text>Ydinsukellusvene|ydinsukellusveneen|Ydinsukellusveneemme|ydinsukellusveneeksi</Text>
			<Gender>masculine:nominatiivi|feminine:akkusatiivi|masculine:possessiivi_m1|feminine:translatiivi</Gender>
			<Plurality>1</Plurality>
		</Row>
		<Row Tag="TXT_KEY_UNIT_OTTOMAN_JANISSARY">
			<Text>Janissaari|janissaarin|Janissaarimme|janissaariksi</Text>
			<Gender>masculine:nominatiivi|feminine:akkusatiivi|masculine:possessiivi_m1|feminine:translatiivi</Gender>
			<Plurality>1</Plurality>
		</Row>
		<Row Tag="TXT_KEY_UNIT_OTTOMAN_SIPAHI">
			<Text>Sipahi|sipahin|Sipahimme|sipahiksi</Text>
			<Gender>masculine:nominatiivi|feminine:akkusatiivi|masculine:possessiivi_m1|feminine:translatiivi</Gender>
			<Plurality>1</Plurality>
		</Row>
		<Row Tag="TXT_KEY_UNIT_PARATROOPER">
			<Text>Laskuvarjojääkäri|laskuvarjojääkärin|Laskuvarjojääkärimme|laskuvarjojääkäriksi</Text>
			<Gender>masculine:nominatiivi|feminine:akkusatiivi|masculine:possessiivi_m1|feminine:translatiivi</Gender>
			<Plurality>1</Plurality>
		</Row>
		<Row Tag="TXT_KEY_UNIT_PERSIAN_IMMORTAL">
			<Text>Kuolematon|kuolemattoman|Kuolemattomamme|kuolemattomaksi</Text>
			<Gender>masculine:nominatiivi|feminine:akkusatiivi|masculine:possessiivi_m1|feminine:translatiivi</Gender>
			<Plurality>1</Plurality>
		</Row>
		<Row Tag="TXT_KEY_UNIT_PIKEMAN">
			<Text>Piikkimies|piikkimiehen|Piikkimiehemme|piikkimieheksi</Text>
			<Gender>masculine:nominatiivi|feminine:akkusatiivi|masculine:possessiivi_m1|feminine:translatiivi</Gender>
			<Plurality>1</Plurality>
		</Row>
		<Row Tag="TXT_KEY_UNIT_RIFLEMAN">
			<Text>Kiväärimies|kiväärimiehen|Kiväärimiehemme|kiväärimieheksi</Text>
			<Gender>masculine:nominatiivi|feminine:akkusatiivi|masculine:possessiivi_m1|feminine:translatiivi</Gender>
			<Plurality>1</Plurality>
		</Row>
		<Row Tag="TXT_KEY_UNIT_ROCKET_ARTILLERY">
			<Text>Raketinheitin|raketinheittimen|Raketinheittimemme|raketinheittimeksi</Text>
			<Gender>masculine:nominatiivi|feminine:akkusatiivi|masculine:possessiivi_m1|feminine:translatiivi</Gender>
			<Plurality>1</Plurality>
		</Row>
		<Row Tag="TXT_KEY_UNIT_ROMAN_BALLISTA">
			<Text>Ballista|ballistan|Ballistamme|ballistaksi</Text>
			<Gender>masculine:nominatiivi|feminine:akkusatiivi|masculine:possessiivi_m1|feminine:translatiivi</Gender>
			<Plurality>1</Plurality>
		</Row>
		<Row Tag="TXT_KEY_UNIT_ROMAN_LEGION">
			<Text>Milites|militesin|Militesimme|militesiksi</Text>
			<Gender>masculine:nominatiivi|feminine:akkusatiivi|masculine:possessiivi_m1|feminine:translatiivi</Gender>
			<Plurality>1</Plurality>
		</Row>
		<Row Tag="TXT_KEY_UNIT_RUSSIAN_COSSACK">
			<Text>Kasakka|kasakan|Kasakkamme|kasakaksi</Text>
			<Gender>masculine:nominatiivi|feminine:akkusatiivi|masculine:possessiivi_m1|feminine:translatiivi</Gender>
			<Plurality>1</Plurality>
		</Row>
		<Row Tag="TXT_KEY_UNIT_SCOUT">
			<Text>Tiedustelija|tiedustelijan|Tiedustelijamme|tiedustelijaksi</Text>
			<Gender>masculine:nominatiivi|feminine:akkusatiivi|masculine:possessiivi_m1|feminine:translatiivi</Gender>
			<Plurality>1</Plurality>
		</Row>
		<Row Tag="TXT_KEY_UNIT_SETTLER">
			<Text>Uudisasuttaja|uudisasuttajan|Uudisasuttajamme|uudisasuttajaksi</Text>
			<Gender>masculine:nominatiivi|feminine:akkusatiivi|masculine:possessiivi_m1|feminine:translatiivi</Gender>
			<Plurality>1</Plurality>
		</Row>
		<Row Tag="TXT_KEY_UNIT_SIAMESE_WARELEPHANT">
			<Text>Naresuanin sotanorsu|naresuanin sotanorsun|Naresuanin sotanorsumme|naresuanin sotanorsuksi</Text>
			<Gender>masculine:nominatiivi|feminine:akkusatiivi|masculine:possessiivi_m1|feminine:translatiivi</Gender>
			<Plurality>1</Plurality>
		</Row>
		<Row Tag="TXT_KEY_UNIT_SONGHAI_MUSLIMCAVALRY">
			<Text>Mandekaluratsu|mandekaluratsun|Mandekaluratsumme|mandekaluratsuksi</Text>
			<Gender>masculine:nominatiivi|feminine:akkusatiivi|masculine:possessiivi_m1|feminine:translatiivi</Gender>
			<Plurality>1</Plurality>
		</Row>
		<Row Tag="TXT_KEY_UNIT_SPEARMAN">
			<Text>Keihäsmies|keihäsmiehen|Keihäsmiehemme|keihäsmieheksi</Text>
			<Gender>masculine:nominatiivi|feminine:akkusatiivi|masculine:possessiivi_m1|feminine:translatiivi</Gender>
			<Plurality>1</Plurality>
		</Row>
		<Row Tag="TXT_KEY_UNIT_STEALTH_BOMBER">
			<Text>Häivepommittaja|häivepommittajan|Häivepommittajamme|häivepommittajaksi</Text>
			<Gender>masculine:nominatiivi|feminine:akkusatiivi|masculine:possessiivi_m1|feminine:translatiivi</Gender>
			<Plurality>1</Plurality>
		</Row>
		<Row Tag="TXT_KEY_UNIT_SUBMARINE">
			<Text>Sukellusvene|sukellusveneen|Sukellusveneemme|sukellusveneeksi</Text>
			<Gender>masculine:nominatiivi|feminine:akkusatiivi|masculine:possessiivi_m1|feminine:translatiivi</Gender>
			<Plurality>1</Plurality>
		</Row>
		<Row Tag="TXT_KEY_UNIT_SWORDSMAN">
			<Text>Miekkamies|miekkamiehen|Miekkamiehemme|miekkamieheksi</Text>
			<Gender>masculine:nominatiivi|feminine:akkusatiivi|masculine:possessiivi_m1|feminine:translatiivi</Gender>
			<Plurality>1</Plurality>
		</Row>
		<Row Tag="TXT_KEY_UNIT_TANK">
			<Text>Hyökkäysvaunu|hyökkäysvaunun|Hyökkäysvaunumme|hyökkäysvaunuksi</Text>
			<Gender>masculine:nominatiivi|feminine:akkusatiivi|masculine:possessiivi_m1|feminine:translatiivi</Gender>
			<Plurality>1</Plurality>
		</Row>
		<Row Tag="TXT_KEY_UNIT_TREBUCHET">
			<Text>Vastapainokatapultti|vastapainokatapultin|Vastapainokatapulttimme|vastapainokatapultiksi</Text>
			<Gender>masculine:nominatiivi|feminine:akkusatiivi|masculine:possessiivi_m1|feminine:translatiivi</Gender>
			<Plurality>1</Plurality>
		</Row>
		<Row Tag="TXT_KEY_UNIT_TRIREME">
			<Text>Kolmisoutu|kolmisoudun|Kolmisoutumme|kolmisouduksi</Text>
			<Gender>masculine:nominatiivi|feminine:akkusatiivi|masculine:possessiivi_m1|feminine:translatiivi</Gender>
			<Plurality>1</Plurality>
		</Row>
		<Row Tag="TXT_KEY_UNIT_WARRIOR">
			<Text>Soturi|soturin|Soturimme|soturiksi</Text>
			<Gender>masculine:nominatiivi|feminine:akkusatiivi|masculine:possessiivi_m1|feminine:translatiivi</Gender>
			<Plurality>1</Plurality>
		</Row>
		<Row Tag="TXT_KEY_UNIT_BRUTE">
			<Text>Raakalainen|raakalaisen|Raakalaisemme|raakalaiseksi</Text>
			<Gender>masculine:nominatiivi|feminine:akkusatiivi|masculine:possessiivi_m1|feminine:translatiivi</Gender>
			<Plurality>1</Plurality>
		</Row>
		<Row Tag="TXT_KEY_UNIT_WORK_BOAT">
			<Text>Työvene|työveneen|Työveneemme|työveneeksi</Text>
			<Gender>masculine:nominatiivi|feminine:akkusatiivi|masculine:possessiivi_m1|feminine:translatiivi</Gender>
			<Plurality>1</Plurality>
		</Row>
		<Row Tag="TXT_KEY_UNIT_WORKER">
			<Text>Työläinen|työläisen|Työläisemme|työläiseksi</Text>
			<Gender>masculine:nominatiivi|feminine:akkusatiivi|masculine:possessiivi_m1|feminine:translatiivi</Gender>
			<Plurality>1</Plurality>
		</Row>
		<!-- Mongolia -->
		<Row Tag="TXT_KEY_UNIT_MONGOL_GENGHIS">
			<Text>Tsingis|Tsingisin|Tsingisimme|Tsingikseksi</Text>
			<Gender>masculine:nominatiivi|feminine:akkusatiivi|masculine:possessiivi_m1|feminine:translatiivi</Gender>
			<Plurality>1</Plurality>
		</Row>
		<Row Tag="TXT_KEY_UNIT_MONGOL_KHAN">
			<Text>Kaani|kaanin|Kaanimme|kaaniksi</Text>
			<Gender>masculine:nominatiivi|feminine:akkusatiivi|masculine:possessiivi_m1|feminine:translatiivi</Gender>
			<Plurality>1</Plurality>
		</Row>
		<Row Tag="TXT_KEY_UNIT_MONGOL_KEREIT">
			<Text>Karaiitit|karaiitit|Karaiittimme|karaiiteiksi</Text>
			<Gender>masculine:nominatiivi|feminine:akkusatiivi|masculine:possessiivi_m1|feminine:translatiivi</Gender>
			<Plurality>1</Plurality>
		</Row>
		<Row Tag="TXT_KEY_UNIT_MONGOL_KESHIK">
			<Text>Keshik|keshikin|Keshikimme|keshikiksi</Text>
			<Gender>masculine:nominatiivi|feminine:akkusatiivi|masculine:possessiivi_m1|feminine:translatiivi</Gender>
			<Plurality>1</Plurality>
		</Row>
		<Row Tag="TXT_KEY_UNIT_MONGOL_TATARS">
			<Text>Tataarit|tataarit|Tataarimme|tataareiksi</Text>
			<Gender>masculine:nominatiivi|feminine:akkusatiivi|masculine:possessiivi_m1|feminine:translatiivi</Gender>
			<Plurality>1</Plurality>
		</Row>
		<Row Tag="TXT_KEY_UNIT_MONGOL_MERKITS">
			<Text>Merkiitit|merkiitit|Merkiittimme|merkiiteiksi</Text>
			<Gender>masculine:nominatiivi|feminine:akkusatiivi|masculine:possessiivi_m1|feminine:translatiivi</Gender>
			<Plurality>1</Plurality>
		</Row>
		<Row Tag="TXT_KEY_UNIT_MONGOL_MONGOLS">
			<Text>Mongolit|mongolit|Mongolimme|mongoleiksi</Text>
			<Gender>masculine:nominatiivi|feminine:akkusatiivi|masculine:possessiivi_m1|feminine:translatiivi</Gender>
			<Plurality>1</Plurality>
		</Row>
		<Row Tag="TXT_KEY_UNIT_MONGOL_NAIMANS">
			<Text>Naimaanit|naimaanit|Naimaanimme|naimaaneiksi</Text>
			<Gender>masculine:nominatiivi|feminine:akkusatiivi|masculine:possessiivi_m1|feminine:translatiivi</Gender>
			<Plurality>1</Plurality>
		</Row>
		<!-- Inkavaltio -->
		<Row Tag="TXT_KEY_UNIT_INCAN_SLINGER">
			<Text>Linkomies|linkomiehen|Linkomiehemme|linkomieheksi</Text>
			<Gender>masculine:nominatiivi|feminine:akkusatiivi|masculine:possessiivi_m1|feminine:translatiivi</Gender>
			<Plurality>1</Plurality>
		</Row>
		<Row Tag="TXT_KEY_UNIT_SPANISH_TERCIO">
			<Text>Tercio|tercion|Terciomme|tercioksi</Text>
			<Gender>masculine:nominatiivi|feminine:akkusatiivi|masculine:possessiivi_m1|feminine:translatiivi</Gender>
			<Plurality>1</Plurality>
		</Row>
		<Row Tag="TXT_KEY_UNIT_SPANISH_CONQUISTADOR">
			<Text>Konkistadori|konkistadorin|Konkistadorimme|konkistadoriksi</Text>
			<Gender>masculine:nominatiivi|feminine:akkusatiivi|masculine:possessiivi_m1|feminine:translatiivi</Gender>
			<Plurality>1</Plurality>
		</Row>
		<!-- Polynesia -->
		<Row Tag="TXT_KEY_UNIT_POLYNESIAN_MAORI_WARRIOR">
			<Text>Maorisoturi|maorisoturin|Maorisoturimme|maorisoturiksi</Text>
			<Gender>masculine:nominatiivi|feminine:akkusatiivi|masculine:possessiivi_m1|feminine:translatiivi</Gender>
			<Plurality>1</Plurality>
		</Row>
		<!-- Tanska -->
		<Row Tag="TXT_KEY_UNIT_DANISH_BERSERKER">
			<Text>Berserkki|berserkin|Berserkkimme|berserkiksi</Text>
			<Gender>masculine:nominatiivi|feminine:akkusatiivi|masculine:possessiivi_m1|feminine:translatiivi</Gender>
			<Plurality>1</Plurality>
		</Row>
		<Row Tag="TXT_KEY_UNIT_DANISH_SKI_INFANTRY">
			<Text>Ampumahiihtäjä|ampumahiihtäjän|Ampujahiihtäjämme|ampujahiihtäjäksi</Text>
			<Gender>masculine:nominatiivi|feminine:akkusatiivi|masculine:possessiivi_m1|feminine:translatiivi</Gender>
			<Plurality>1</Plurality>
		</Row>
		<Row Tag="TXT_KEY_UNIT_NORMAN_KNIGHT">
			<Text>Normanniritari|normanniritarin|Normanniritarimme|normanniritariksi</Text>
			<Gender>masculine:nominatiivi|feminine:akkusatiivi|masculine:possessiivi_m1|feminine:translatiivi</Gender>
			<Plurality>1</Plurality>
		</Row>
		<Row Tag="TXT_KEY_UNIT_SAXON_HUSCARL">
			<Text>Huskarl|huskarlin|Huskarlimme|huskarliksi</Text>
			<Gender>masculine:nominatiivi|feminine:akkusatiivi|masculine:possessiivi_m1|feminine:translatiivi</Gender>
			<Plurality>1</Plurality>
		</Row>
		<!-- Babylonia -->
		<Row Tag="TXT_KEY_UNIT_BABYLON_BOWMAN">
			<Text>Jousiampuja|jousiampujan|Jousiampujamme|jousiampujaksi</Text>
			<Gender>masculine:nominatiivi|feminine:akkusatiivi|masculine:possessiivi_m1|feminine:translatiivi</Gender>
			<Plurality>1</Plurality>
		</Row>
		<!-- Korea -->
		<Row Tag="TXT_KEY_KOREA_SCENARIO_UNIT_SETTLER">
			<Text>Klaani|klaanin|Klaanimme|klaaniksi</Text>
			<Gender>masculine:nominatiivi|feminine:akkusatiivi|masculine:possessiivi_m1|feminine:translatiivi</Gender>
			<Plurality>1</Plurality>
		</Row>
		<Row Tag="TXT_KEY_KOREA_SCENARIO_UNIT_MONGOL_KESHIK">
			<Text>Lippuratsuväki|lippuratsuväen|Lippuratsuväkemme|lippuratsuväeksi</Text>
			<Gender>masculine:nominatiivi|feminine:akkusatiivi|masculine:possessiivi_m1|feminine:translatiivi</Gender>
			<Plurality>1</Plurality>
		</Row>
		<Row Tag="TXT_KEY_KOREA_SCENARIO_UNIT_GENERAL_NURHACI">
			<Text>Nurhaci|Nurhacin|Nurhacimme|Nurhaciksi</Text>
			<Gender>masculine:erisnimi|feminine:akkusatiivi|masculine:possessiivi_m1|feminine:translatiivi</Gender>
			<Plurality>1</Plurality>
		</Row>
		<Row Tag="TXT_KEY_KOREA_SCENARIO_UNIT_GENERAL_KONISHI">
			<Text>Konishi Yukinaga|Konishi Yukinagan|Konishi Yukinagamme|Konishi Yukinagaksi</Text>
			<Gender>masculine:erisnimi|feminine:akkusatiivi|masculine:possessiivi_m1|feminine:translatiivi</Gender>
			<Plurality>1</Plurality>
		</Row>
		<Row Tag="TXT_KEY_KOREA_SCENARIO_UNIT_GENERAL_KATO">
			<Text>Kato Kiyomasa|Kato Kiyomasan|Kato Kiyomasamme|Kato Kiyomasaksi</Text>
			<Gender>masculine:erisnimi|feminine:akkusatiivi|masculine:possessiivi_m1|feminine:translatiivi</Gender>
			<Plurality>1</Plurality>
		</Row>
		<Row Tag="TXT_KEY_CIV5_KOREA_TURTLESHIP_HEADING">
			<Text>Kilpikonnalaiva|kilpikonnalaivan|Kilpikonnalaivamme|kilpikonnalaivaksi</Text>
			<Gender>masculine:nominatiivi|feminine:akkusatiivi|masculine:possessiivi_m1|feminine:translatiivi</Gender>
			<Plurality>1</Plurality>
		</Row>
		<Row Tag="TXT_KEY_CIV5_KOREA_HWACHA_HEADING">
			<Text>Hwacha|hwachan|Hwachamme|hwachaksi</Text>
			<Gender>masculine:nominatiivi|feminine:akkusatiivi|masculine:possessiivi_m1|feminine:translatiivi</Gender>
			<Plurality>1</Plurality>
		</Row>
		<!-- Jumalat ja kuninkaat -->
		<Row Tag="TXT_KEY_UNIT_GREAT_PROPHET">
			<Text>Merkittävä profeetta|merkittävän profeetan|Merkittävä profeettamme|merkittäväksi profeetaksi|merkittävään profeettaan</Text>
			<Gender>masculine:nominatiivi|feminine:akkusatiivi|masculine:possessiivi_m1|feminine:translatiivi|feminine:illatiivi</Gender>
			<Plurality>1</Plurality>
		</Row>
		<Row Tag="TXT_KEY_UNIT_MISSIONARY">
			<Text>Lähetyssaarnaaja|lähetyssaarnaajan|Lähetyssaarnaajamme|lähetyssaarnaajaksi</Text>
			<Gender>masculine:nominatiivi|feminine:akkusatiivi|masculine:possessiivi_m1|feminine:translatiivi</Gender>
			<Plurality>1</Plurality>
		</Row>
		<Row Tag="TXT_KEY_UNIT_INQUISITOR">
			<Text>Inkvisiittori|inkvisiittorin|Inkvisiittorimme|inkvisiittoriksi</Text>
			<Gender>masculine:nominatiivi|feminine:akkusatiivi|masculine:possessiivi_m1|feminine:translatiivi</Gender>
			<Plurality>1</Plurality>
		</Row>
		<Row Tag="TXT_KEY_UNIT_CELT_PICTISH_WARRIOR">
			<Text>Piktisoturi|piktisoturin|Piktisoturimme|piktisoturiksi</Text>
			<Gender>masculine:nominatiivi|feminine:akkusatiivi|masculine:possessiivi_m1|feminine:translatiivi</Gender>
			<Plurality>1</Plurality>
		</Row>
		<Row Tag="TXT_KEY_UNIT_MAYAN_ATLATLIST">
			<Text>Vipukeihäsmies|vipukeihäsmiehen|Vipukeihäsmiehemme|vipukeihäsmieheksi</Text>
			<Gender>masculine:nominatiivi|feminine:akkusatiivi|masculine:possessiivi_m1|feminine:translatiivi</Gender>
			<Plurality>1</Plurality>
		</Row>
		<Row Tag="TXT_KEY_UNIT_BYZANTINE_DROMON">
			<Text>Dromon|dromonin|Dromonimme|dromoniksi</Text>
			<Gender>masculine:nominatiivi|feminine:akkusatiivi|masculine:possessiivi_m1|feminine:translatiivi</Gender>
			<Plurality>1</Plurality>
		</Row>
		<Row Tag="TXT_KEY_UNIT_BYZANTINE_CATAPHRACT">
			<Text>Katafrakti|katafraktin|Katafraktimme|katafraktiksi</Text>
			<Gender>masculine:nominatiivi|feminine:akkusatiivi|masculine:possessiivi_m1|feminine:translatiivi</Gender>
			<Plurality>1</Plurality>
		</Row>
		<Row Tag="TXT_KEY_UNIT_CARTHAGINIAN_FOREST_ELEPHANT">
			<Text>Metsänorsu|metsänorsun|Metsänorsumme|metsänorsuksi</Text>
			<Gender>masculine:nominatiivi|feminine:akkusatiivi|masculine:possessiivi_m1|feminine:translatiivi</Gender>
			<Plurality>1</Plurality>
		</Row>
		<Row Tag="TXT_KEY_UNIT_CARTHAGINIAN_QUINQUEREME">
			<Text>Viisisoutu|viisisoudun|Viisisoutumme|viisisouduksi</Text>
			<Gender>masculine:nominatiivi|feminine:akkusatiivi|masculine:possessiivi_m1|feminine:translatiivi</Gender>
			<Plurality>1</Plurality>
		</Row>
		<Row Tag="TXT_KEY_UNIT_HUN_HORSE_ARCHER">
			<Text>Ratsujousimies|ratsujousimiehen|Ratsujousimiehemme|ratsujousimieheksi</Text>
			<Gender>masculine:nominatiivi|feminine:akkusatiivi|masculine:possessiivi_m1|feminine:translatiivi</Gender>
			<Plurality>1</Plurality>
		</Row>
		<Row Tag="TXT_KEY_UNIT_HUN_BATTERING_RAM">
			<Text>Muurinsärkijä|muurinsärkijän|Muurinsärkijämme|muurinsärkijäksi</Text>
			<Gender>masculine:nominatiivi|feminine:akkusatiivi|masculine:possessiivi_m1|feminine:translatiivi</Gender>
			<Plurality>1</Plurality>
		</Row>
		<Row Tag="TXT_KEY_UNIT_AUSTRIAN_HUSSAR">
			<Text>Husaari|husaarin|Husaarimme|husaariksi</Text>
			<Gender>masculine:nominatiivi|feminine:akkusatiivi|masculine:possessiivi_m1|feminine:translatiivi</Gender>
			<Plurality>1</Plurality>
		</Row>
		<Row Tag="TXT_KEY_UNIT_MEHAL_SEFARI">
			<Text>Mehal sefari|mehal sefarin|Mehal sefarimme|mehal sefariksi</Text>
			<Gender>masculine:nominatiivi|feminine:akkusatiivi|masculine:possessiivi_m1|feminine:translatiivi</Gender>
			<Plurality>1</Plurality>
		</Row>
		<Row Tag="TXT_KEY_UNIT_SWEDISH_CAROLEAN">
			<Text>Karoliini|karoliinin|Karoliinimme|karoliiniksi</Text>
			<Gender>masculine:nominatiivi|feminine:akkusatiivi|masculine:possessiivi_m1|feminine:translatiivi</Gender>
			<Plurality>1</Plurality>
		</Row>
		<Row Tag="TXT_KEY_UNIT_SWEDISH_HAKKAPELIITTA">
			<Text>Hakkapeliitta|hakkapeliitan|Hakkapeliittamme|hakkapeliitaksi</Text>
			<Gender>masculine:nominatiivi|feminine:akkusatiivi|masculine:possessiivi_m1|feminine:translatiivi</Gender>
			<Plurality>1</Plurality>
		</Row>
		<Row Tag="TXT_KEY_UNIT_COMPOSITE_BOWMAN">
			<Text>Vastakaarijousi|vastakaarijousen|Vastakaarijousemme|vastakaarijouseksi</Text>
			<Gender>masculine:nominatiivi|feminine:akkusatiivi|masculine:possessiivi_m1|feminine:translatiivi</Gender>
			<Plurality>1</Plurality>
		</Row>
		<Row Tag="TXT_KEY_UNIT_GATLINGGUN">
			<Text>Kuularuisku|kuularuiskun|Kuularuiskumme|kuularuiskuksi</Text>
			<Gender>masculine:nominatiivi|feminine:akkusatiivi|masculine:possessiivi_m1|feminine:translatiivi</Gender>
			<Plurality>1</Plurality>
		</Row>
		<Row Tag="TXT_KEY_UNIT_GALLEASS">
			<Text>Galeassi|galeassin|Galeassimme|galeassiksi</Text>
			<Gender>masculine:nominatiivi|feminine:akkusatiivi|masculine:possessiivi_m1|feminine:translatiivi</Gender>
			<Plurality>1</Plurality>
		</Row>
		<Row Tag="TXT_KEY_UNIT_GREAT_WAR_INFANTRY">
			<Text>Suursodan kiväärimies|suursodan kiväärimiehen|Suursodan kiväärimiehemme|suursodan kiväärimieheksi</Text>
			<Gender>masculine:nominatiivi|feminine:akkusatiivi|masculine:possessiivi_m1|feminine:translatiivi</Gender>
			<Plurality>1</Plurality>
		</Row>
		<Row Tag="TXT_KEY_UNIT_MARINE">
			<Text>Merijalkaväki|merijalkaväen|Merijalkaväkemme|merijalkaväeksi</Text>
			<Gender>masculine:nominatiivi|feminine:akkusatiivi|masculine:possessiivi_m1|feminine:translatiivi</Gender>
			<Plurality>1</Plurality>
		</Row>
		<Row Tag="TXT_KEY_UNIT_TRIPLANE">
			<Text>Kolmitaso|kolmitason|Kolmitasomme|kolmitasoksi</Text>
			<Gender>masculine:nominatiivi|feminine:akkusatiivi|masculine:possessiivi_m1|feminine:translatiivi</Gender>
			<Plurality>1</Plurality>
		</Row>
		<Row Tag="TXT_KEY_UNIT_WWI_BOMBER">
			<Text>Suursodan pommittaja|suursodan pommittajan|Suursodan pommittajamme|suursodan pommittajaksi</Text>
			<Gender>masculine:nominatiivi|feminine:akkusatiivi|masculine:possessiivi_m1|feminine:translatiivi</Gender>
			<Plurality>1</Plurality>
		</Row>
		<Row Tag="TXT_KEY_UNIT_WWI_TANK">
			<Text>Maavaunu|maavaunun|Maavaunumme|maavaunuksi</Text>
			<Gender>masculine:nominatiivi|feminine:akkusatiivi|masculine:possessiivi_m1|feminine:translatiivi</Gender>
			<Plurality>1</Plurality>
		</Row>
		<Row Tag="TXT_KEY_UNIT_MACHINE_GUN">
			<Text>Konekivääri|konekiväärin|Konekiväärimme|konekivääriksi</Text>
			<Gender>masculine:nominatiivi|feminine:akkusatiivi|masculine:possessiivi_m1|feminine:translatiivi</Gender>
			<Plurality>1</Plurality>
		</Row>
		<Row Tag="TXT_KEY_UNIT_PRIVATEER">
			<Text>Kaappari|kaapparin|Kaapparimme|kaappariksi</Text>
			<Gender>masculine:nominatiivi|feminine:akkusatiivi|masculine:possessiivi_m1|feminine:translatiivi</Gender>
			<Plurality>1</Plurality>
		</Row>
		<Row Tag="TXT_KEY_UNIT_SEA_BEGGAR">
			<Text>Merenkerjuri|merenkerjurin|Merenkerjurimme|merenkerjuriksi</Text>
			<Gender>masculine:nominatiivi|feminine:akkusatiivi|masculine:possessiivi_m1|feminine:translatiivi</Gender>
			<Plurality>1</Plurality>
		</Row>
		<Row Tag="TXT_KEY_UNIT_GREAT_ADMIRAL">
			<Text>Merkittävä amiraali|merkittävän amiraalin|Merkittävä amiraalimme|merkittäväksi amiraaliksi|merkittävään amiraaliin</Text>
			<Gender>masculine:nominatiivi|feminine:akkusatiivi|masculine:possessiivi_m1|feminine:translatiivi|feminine:illatiivi</Gender>
			<Plurality>1</Plurality>
		</Row>
		<!-- Uljas uusi maailma -->
		<Row Tag="TXT_KEY_UNIT_ARCHAEOLOGIST">
			<Text>Arkeologi|arkeologin|Arkeologimme|arkeologiksi</Text>

			<Gender>masculine:nominatiivi|feminine:akkusatiivi|masculine:possessiivi_m1|feminine:translatiivi</Gender>
			<Plurality>1</Plurality>
		</Row>
		<Row Tag="TXT_KEY_UNIT_ASSYRIAN_SIEGE_TOWER">
			<Text>Piiritystorni|piiritystornin|Piiritystornimme|piiritystorniksi</Text>

			<Gender>masculine:nominatiivi|feminine:akkusatiivi|masculine:possessiivi_m1|feminine:translatiivi</Gender>
			<Plurality>1</Plurality>
		</Row>
		<Row Tag="TXT_KEY_UNIT_AXMAN">
			<Text>Käsikirvesmies|käsikirvesmiehen|Käsikirvesmiehemme|käsikirvesmieheksi</Text>
			<Gender>masculine:nominatiivi|feminine:akkusatiivi|masculine:possessiivi_m1|feminine:translatiivi</Gender>
			<Plurality>1</Plurality>
		</Row>
		<Row Tag="TXT_KEY_UNIT_BAZOOKA">
			<Text>Bazooka|bazookan|Bazookamme|bazookaksi</Text>
			<Gender>masculine:nominatiivi|feminine:akkusatiivi|masculine:possessiivi_m1|feminine:translatiivi</Gender>
			<Plurality>1</Plurality>
		</Row>
		<Row Tag="TXT_KEY_UNIT_BERBER_CAVALRY">
			<Text>Berberiratsu|berberiratsun|Berberiratsumme|berberiratsuksi</Text>
			<Gender>masculine:nominatiivi|feminine:akkusatiivi|masculine:possessiivi_m1|feminine:translatiivi</Gender>
			<Plurality>1</Plurality>
		</Row>
		<Row Tag="TXT_KEY_UNIT_BRAZILIAN_PRACINHA">
			<Text>Pracinha|pracinhan|Pracinhamme|pracinhaksi</Text>
			<Gender>masculine:nominatiivi|feminine:akkusatiivi|masculine:possessiivi_m1|feminine:translatiivi</Gender>
			<Plurality>1</Plurality>
		</Row>
		<Row Tag="TXT_KEY_UNIT_CARAVAN">
			<Text>Karavaani|karavaanin|Karavaanimme|karavaaniksi</Text>
			<Gender>masculine:nominatiivi|feminine:akkusatiivi|masculine:possessiivi_m1|feminine:translatiivi</Gender>
			<Plurality>1</Plurality>
		</Row>
		<Row Tag="TXT_KEY_UNIT_CARGO_SHIP">
			<Text>Rahtilaiva|rahtilaivan|Rahtilaivamme|rahtilaivaksi</Text>
			<Gender>masculine:nominatiivi|feminine:akkusatiivi|masculine:possessiivi_m1|feminine:translatiivi</Gender>
			<Plurality>1</Plurality>
		</Row>
		<Row Tag="TXT_KEY_UNIT_EXPLORER">
			<Text>Tutkimusmatkaaja|tutkimusmatkaajan|Tutkimusmatkaajamme|tutkimusmatkaajaksi</Text>
			<Gender>masculine:nominatiivi|feminine:akkusatiivi|masculine:possessiivi_m1|feminine:translatiivi</Gender>
			<Plurality>1</Plurality>
		</Row>
		<Row Tag="TXT_KEY_UNIT_FORCE_PUBLIQUE">
			<Text>Force Publique|Force Publiquen|Force Publiquemme|Force Publiqueksi</Text>
			<Gender>masculine:nominatiivi|feminine:akkusatiivi|masculine:possessiivi_m1|feminine:translatiivi</Gender>
			<Plurality>1</Plurality>
		</Row>
		<Row Tag="TXT_KEY_UNIT_GREAT_MUSICIAN">
			<Text>Merkittävä muusikko|merkittävän muusikon|Merkittävä muusikkomme|merkittäväksi muusikoksi|merkittävään muusikkoon</Text>
			<Gender>masculine:nominatiivi|feminine:akkusatiivi|masculine:possessiivi_m1|feminine:translatiivi|feminine:illatiivi</Gender>
			<Plurality>1</Plurality>
		</Row>
		<Row Tag="TXT_KEY_UNIT_GREAT_WRITER">
			<Text>Merkittävä kirjailija|merkittävän kirjailijan|Merkittävä kirjailijamme|merkittäväksi kirjailijaksi</Text>
			<Gender>masculine:nominatiivi|feminine:akkusatiivi|masculine:possessiivi_m1|feminine:translatiivi|feminine:illatiivi</Gender>
			<Plurality>1</Plurality>
		</Row>
		<Row Tag="TXT_KEY_UNIT_INDONESIAN_KRIS_SWORDSMAN">
			<Text>Kris-miekkamies|kris-miekkamiehen|Kris-miekkamiehemme|kris-miekkamieheksi</Text>
			<Gender>masculine:nominatiivi|feminine:akkusatiivi|masculine:possessiivi_m1|feminine:translatiivi</Gender>
			<Plurality>1</Plurality>
		</Row>
		<Row Tag="TXT_KEY_UNIT_POLISH_WINGED_HUSSAR">
			<Text>Siipihusaari|siipihusaarin|Siipihusaarimme|siipihusaariksi</Text>
			<Gender>masculine:nominatiivi|feminine:akkusatiivi|masculine:possessiivi_m1|feminine:translatiivi</Gender>
			<Plurality>1</Plurality>
		</Row>
		<Row Tag="TXT_KEY_UNIT_PORTUGUESE_NAU">
			<Text>Nau|naun|Naumme|nauksi</Text>
			<Gender>masculine:nominatiivi|feminine:akkusatiivi|masculine:possessiivi_m1|feminine:translatiivi</Gender>
			<Plurality>1</Plurality>
		</Row>
		<Row Tag="TXT_KEY_UNIT_RIFLED_CANNON">
			<Text>Rihlattu kanuuna|rihlatun kanuunan|Rihlattu kanuunamme|rihlatuksi kanuunaksi</Text>
			<Gender>masculine:nominatiivi|feminine:akkusatiivi|masculine:possessiivi_m1|feminine:translatiivi</Gender>
			<Plurality>1</Plurality>
		</Row>
		<Row Tag="TXT_KEY_UNIT_SHOSHONE_PATHFINDER">
			<Text>Tunnustelija|tunnustelijan|Tunnustelijamme|tunnustelijaksi</Text>
			<Gender>masculine:nominatiivi|feminine:akkusatiivi|masculine:possessiivi_m1|feminine:translatiivi</Gender>
			<Plurality>1</Plurality>
		</Row>
		<Row Tag="TXT_KEY_UNIT_VENETIAN_GALLEASS">
			<Text>Suurgaleassi|suurgaleassin|Suurgaleassimme|suurgaleassiksi</Text>
			<Gender>masculine:nominatiivi|feminine:akkusatiivi|masculine:possessiivi_m1|feminine:translatiivi</Gender>
			<Plurality>1</Plurality>
		</Row>
		<Row Tag="TXT_KEY_UNIT_XCOM_SQUAD">
			<Text>XCOM-ryhmä|XCOM-ryhmän|XCOM-ryhmämme|XCOM-ryhmäksi</Text>
			<Gender>masculine:nominatiivi|feminine:akkusatiivi|masculine:possessiivi_m1|feminine:translatiivi</Gender>
			<Plurality>1</Plurality>
		</Row>
		<Row Tag="TXT_KEY_UNIT_ZULU_IMPI">
			<Text>Impi|impin|Impimme|impiksi</Text>
			<Gender>masculine:nominatiivi|feminine:akkusatiivi|masculine:possessiivi_m1|feminine:translatiivi</Gender>
			<Plurality>1</Plurality>
		</Row>
		<Row Tag="TXT_KEY_UNIT_BRANDENBURG_CLASS">
			<Text>Brandenburg-luokka|Brandenburgin|Brandenburgimme|Brandenburg-luokaksi</Text>
			<Gender>masculine:nominatiivi|feminine:akkusatiivi|masculine:possessiivi_m1|feminine:translatiivi</Gender>
			<Plurality>1</Plurality>
		</Row>
		<Row Tag="TXT_KEY_UNIT_CAIO_DUILIO_CLASS">
			<Text>Caio Duilio -luokka|Caio Duilion|Caio Duiliomme|Caio Duilio -luokaksi</Text>
			<Gender>masculine:nominatiivi|feminine:akkusatiivi|masculine:possessiivi_m1|feminine:translatiivi</Gender>
			<Plurality>1</Plurality>
		</Row>
		<Row Tag="TXT_KEY_UNIT_DERVISH_CAVALRY">
			<Text>Dervissiratsu|dervissiratsun|Dervissiratsumme|dervissiratsuksi</Text>
			<Gender>masculine:nominatiivi|feminine:akkusatiivi|masculine:possessiivi_m1|feminine:translatiivi</Gender>
			<Plurality>1</Plurality>
		</Row>
		<Row Tag="TXT_KEY_UNIT_FOREIGN_VOLUNTEERS">
			<Text>Vapaaehtoisjoukko|vapaaehtoisjoukon|Vapaaehtoisjoukkomme|vapaaehtoisjoukoksi</Text>
			<Gender>masculine:nominatiivi|feminine:akkusatiivi|masculine:possessiivi_m1|feminine:translatiivi</Gender>
			<Plurality>1</Plurality>
		</Row>
		<Row Tag="TXT_KEY_UNIT_SHOSHONE_COMANCHE_RIDERS">
			<Text>Comancheratsu|comancheratsun|Comancheratsumme|comancheratsuksi</Text>
			<Gender>masculine:nominatiivi|feminine:akkusatiivi|masculine:possessiivi_m1|feminine:translatiivi</Gender>
			<Plurality>1</Plurality>
		</Row>
		<Row Tag="TXT_KEY_UNIT_VENETIAN_MERCHANT">
			<Text>Venetsialaiskauppias|venetsialaiskauppiaan|Venetsialaiskauppiaamme|venetsialaiskauppiaaksi</Text>
			<Gender>masculine:nominatiivi|feminine:akkusatiivi|masculine:possessiivi_m1|feminine:translatiivi</Gender>
			<Plurality>1</Plurality>
		</Row>
		<!-- Merkittävät amiraalit -->
		<Row Tag="TXT_KEY_GREAT_PERSON_MATTHEW_PERRY">
			<Text>Matthew Perry</Text>
		</Row>
		<Row Tag="TXT_KEY_GREAT_PERSON_DAVID_FARRAGUT">
			<Text>David Farragut</Text>
		</Row>
		<Row Tag="TXT_KEY_GREAT_PERSON_GEORGE_DEWEY">
			<Text>George Dewey</Text>
		</Row>
		<Row Tag="TXT_KEY_GREAT_PERSON_CHESTER_NIMITZ">
			<Text>John Hawkins</Text>
		</Row>
		<Row Tag="TXT_KEY_GREAT_PERSON_FRANCIS_DRAKE">
			<Text>Francis Drake</Text>
		</Row>
		<Row Tag="TXT_KEY_GREAT_PERSON_ANDREW_CUNNINGHAM">
			<Text>Andrew Cunningham</Text>
		</Row>
		<Row Tag="TXT_KEY_GREAT_PERSON_COMTE_DE_GRASSE">
			<Text>Comte de Grasse</Text>
		</Row>
		<Row Tag="TXT_KEY_GREAT_PERSON_ALFRED_VON_TIRPITZ">
			<Text>Alfred von Tirpitz</Text>
		</Row>
		<Row Tag="TXT_KEY_GREAT_PERSON_ROGER_OF_LAURIA">
			<Text>Roger of Lauria</Text>
		</Row>
		<Row Tag="TXT_KEY_GREAT_PERSON_ALVARO_DE_BAZAN">
			<Text>Alvaro de Bazan</Text>
		</Row>
		<Row Tag="TXT_KEY_GREAT_PERSON_DON_JOHN_OF_AUSTRIA">
			<Text>Don John of Austria</Text>
		</Row>
		<Row Tag="TXT_KEY_GREAT_PERSON_FERNANDO_VILLAAMIL">
			<Text>Fernando Villaamil</Text>
		</Row>
		<Row Tag="TXT_KEY_GREAT_PERSON_PETER_TORDENSKJOLD">
			<Text>Peter Tordenskjold</Text>
		</Row>
		<Row Tag="TXT_KEY_GREAT_PERSON_FYODOR_USHAKOV">
			<Text>Fjodor Ushakov</Text>
		</Row>
		<Row Tag="TXT_KEY_GREAT_PERSON_JOHN_PAUL_JONES">
			<Text>John Paul Jones</Text>
		</Row>
		<Row Tag="TXT_KEY_GREAT_PERSON_ZINOVY_ROZHESTVENSKI">
			<Text>Zinovi Rozhestvenski</Text>
		</Row>
		<Row Tag="TXT_KEY_GREAT_PERSON_YI_SUN_SIN">
			<Text>Yi Sun-sin</Text>
		</Row>
		<Row Tag="TXT_KEY_GREAT_PERSON_ERIK_THORVALDSSON">
			<Text>Erik Thorvaldsson</Text>
		</Row>
		<Row Tag="TXT_KEY_GREAT_PERSON_LEIF_ERICSON">
			<Text>Leif Ericson</Text>
		</Row>
		<Row Tag="TXT_KEY_GREAT_PERSON_HAYREDDIN_BARBAROSSA">
			<Text>Hayreddin Barbarossa</Text>
		</Row>
		<Row Tag="TXT_KEY_GREAT_PERSON_TURGUT_REIS">
			<Text>Turgut Reis</Text>
		</Row>
		<Row Tag="TXT_KEY_GREAT_PERSON_MURAT_REIS">
			<Text>Murat Reis</Text>
		</Row>
		<Row Tag="TXT_KEY_GREAT_PERSON_HENRY_THE_NAVIGATOR">
			<Text>Henrik Purjehtija</Text>
		</Row>
		<Row Tag="TXT_KEY_GREAT_PERSON_AFONSO_DE_ALBUQUERQUE">
			<Text>Afonso de Albuquerque</Text>
		</Row>
		<Row Tag="TXT_KEY_GREAT_PERSON_ANREA_DORIA">
			<Text>Andrea Doria</Text>
		</Row>
		<Row Tag="TXT_KEY_GREAT_PERSON_PHORMIO">
			<Text>Phormio</Text>
		</Row>
		<Row Tag="TXT_KEY_GREAT_PERSON_MARCUS_ATILLIUS_REGULUS">
			<Text>Marcus Atilius Regulus</Text>
		</Row>
		<Row Tag="TXT_KEY_GREAT_PERSON_MARCUS_VIPSANIUS_AGRIPPA">
			<Text>Marcus Vipsanius Agrippa</Text>
		</Row>
		<Row Tag="TXT_KEY_GREAT_PERSON_HIMILCO">
			<Text>Himilco</Text>
		</Row>
		<Row Tag="TXT_KEY_GREAT_PERSON_CALONYMUS_OF_ALEXANDRIA">
			<Text>Aleksandrian Calonymus</Text>
		</Row>
		<Row Tag="TXT_KEY_GREAT_PERSON_JOHN_DOUKAS">
			<Text>John Doukas</Text>
		</Row>
		<Row Tag="TXT_KEY_GREAT_PERSON_TOGO_HEIHACHIRO">
			<Text>Togo Heihachiro</Text>
		</Row>
		<Row Tag="TXT_KEY_GREAT_PERSON_SHI_LANG">
			<Text>Shi Lang</Text>
		</Row>
		<!-- Merkittävät taiteilijat -->
		<Row Tag="TXT_KEY_GREAT_PERSON_ANSEL_ADAMS">
			<Text>Ansel Adams</Text>
		</Row>
		<Row Tag="TXT_KEY_GREAT_PERSON_BARTOLOME_DE_LAS_CASAS">
			<Text>Bartolomé de las Casas</Text>
		</Row>
		<Row Tag="TXT_KEY_GREAT_PERSON_SALVADOR_DALI">
			<Text>Salvador Dali</Text>
		</Row>
		<Row Tag="TXT_KEY_GREAT_PERSON_ARTHUR_CONAN_DOYLE">
			<Text>Arthur Conan Doyle</Text>
		</Row>
		<Row Tag="TXT_KEY_GREAT_PERSON_ANTONI_GAUDI">
			<Text>Antoni Gaudi</Text>
		</Row>
		<Row Tag="TXT_KEY_GREAT_PERSON_ERNEST_HEMMINGWAY">
			<Text>Ernest Hemingway</Text>
		</Row>
		<Row Tag="TXT_KEY_GREAT_PERSON_FRIEDENSREICH_HUNDERTWASSER">
			<Text>Friedensreich Hundertwasser</Text>
		</Row>
		<Row Tag="TXT_KEY_GREAT_PERSON_OMAR_KHAYYAM">
			<Text>Omar Khayyam</Text>
		</Row>
		<Row Tag="TXT_KEY_GREAT_PERSON_STANLEY_KUBRICK">
			<Text>Stanley Kubrick</Text>
		</Row>
		<Row Tag="TXT_KEY_GREAT_PERSON_PABLO_NERUDA">
			<Text>Pablo Neruda</Text>
		</Row>
		<Row Tag="TXT_KEY_GREAT_PERSON_RUMI">
			<Text>Rumi</Text>
		</Row>
		<Row Tag="TXT_KEY_GREAT_PERSON_FRIEDRICH_SCHILLER">
			<Text>Friedrich Schiller</Text>
		</Row>
		<Row Tag="TXT_KEY_GREAT_PERSON_LEO_TOLSTOY">
			<Text>Leo Tolstoi</Text>
		</Row>
		<Row Tag="TXT_KEY_GREAT_PERSON_FRANK_LLOYD_WRIGHT">
			<Text>Frank Lloyd Wright</Text>
		</Row>
		<Row Tag="TXT_KEY_GREAT_PERSON_WILLIAM_BUTLER_YEATS">
			<Text>William Butler Yeats</Text>
		</Row>
		<!-- Merkittävät tiedemiehet -->
		<Row Tag="TXT_KEY_GREAT_PERSON_AL_DIN_AL_TUSI">
			<Text>Al-Din al-Tusi</Text>
		</Row>
		<Row Tag="TXT_KEY_GREAT_PERSON_AL_QASIM_AL_ZAHRAWI">
			<Text>Al-Qasim Al-Zahrawi</Text>
		</Row>
		<Row Tag="TXT_KEY_GREAT_PERSON_LEONARD_EULER">
			<Text>Leonard Euler</Text>
		</Row>
		<Row Tag="TXT_KEY_GREAT_PERSON_RICHARD_FEYNMAN">
			<Text>Richard Feynman</Text>
		</Row>
		<Row Tag="TXT_KEY_GREAT_PERSON_ALEXANDER_VON_HUMBOLDT">
			<Text>Alexander von Humboldt</Text>
		</Row>
		<Row Tag="TXT_KEY_GREAT_PERSON_ANDREY_KOLMOGOROV">
			<Text>Andrei Kolmogorov</Text>
		</Row>
		<Row Tag="TXT_KEY_GREAT_PERSON_MARY_LEAKEY">
			<Text>Mary Leakey</Text>
		</Row>
		<Row Tag="TXT_KEY_GREAT_PERSON_CARL_LINNAEUS">
			<Text>Carl Linnaeus</Text>
		</Row>
		<Row Tag="TXT_KEY_GREAT_PERSON_SHEN_KUO">
			<Text>Shen Kuo</Text>
		</Row>
		<Row Tag="TXT_KEY_GREAT_PERSON_GREGOR_MENDEL">
			<Text>Gregor Mendel</Text>
		</Row>
		<Row Tag="TXT_KEY_GREAT_PERSON_DMITRY_MENDELEEV">
			<Text>Dmitri Mendeleev</Text>
		</Row>
		<Row Tag="TXT_KEY_GREAT_PERSON_JOHN_VON_NEUMANN">
			<Text>John von Neumann</Text>
		</Row>
		<Row Tag="TXT_KEY_GREAT_PERSON_CLAUDE_SHANNON">
			<Text>Claude Shannon</Text>
		</Row>
		<Row Tag="TXT_KEY_GREAT_PERSON_ALAN_TURING">
			<Text>Alan Turing</Text>
		</Row>
		<!-- Merkittävät kauppiaat -->
		<Row Tag="TXT_KEY_GREAT_PERSON_MARCUS_LICINIUS_CRASSUS">
			<Text>Marcus Licinius Crassus</Text>
		</Row>
		<Row Tag="TXT_KEY_GREAT_PERSON_EDWARD_HARRIMAN">
			<Text>Edward Harriman</Text>
		</Row>
		<Row Tag="TXT_KEY_GREAT_PERSON_MILTON_S_HERSHEY">
			<Text>Milton S. Hershey</Text>
		</Row>
		<Row Tag="TXT_KEY_GREAT_PERSON_SIR_JAMES_LANCASTER">
			<Text>Sir James Lancaster</Text>
		</Row>
		<Row Tag="TXT_KEY_GREAT_PERSON_HENRI_NESTLE">
			<Text>Henri Nestle</Text>
		</Row>
		<Row Tag="TXT_KEY_GREAT_PERSON_LEVI_STRAUSS">
			<Text>Levi Strauss</Text>
		</Row>
		<Row Tag="TXT_KEY_GREAT_PERSON_THOMAS_TWINING">
			<Text>Thomas Twining</Text>
		</Row>
		<Row Tag="TXT_KEY_GREAT_PERSON_STEVE_JOBS">
			<Text>Steve Jobs</Text>
		</Row>
		<Row Tag="TXT_KEY_GREAT_PERSON_JAKOB_FUGGER">
			<Text>Jakob Fugger</Text>
		</Row>
		<!-- Merkittävät insinöörit -->
		<Row Tag="TXT_KEY_GREAT_PERSON_CARL_BENZ">
			<Text>Carl Benz</Text>
		</Row>
		<Row Tag="TXT_KEY_GREAT_PERSON_GOTTLIEB_DAIMLER">
			<Text>Gottlieb Daimler</Text>
		</Row>
		<Row Tag="TXT_KEY_GREAT_PERSON_CHARLES_STARK_DRAPER">
			<Text>Charles Stark Draper</Text>
		</Row>
		<Row Tag="TXT_KEY_GREAT_PERSON_GEORGE_EASTMAN">
			<Text>George Eastman</Text>
		</Row>
		<Row Tag="TXT_KEY_GREAT_PERSON_ROBERT_GODDARD">
			<Text>Robert Goddard</Text>
		</Row>
		<!-- Merkittävät kenraalit -->
		<Row Tag="TXT_KEY_GREAT_PERSON_EPAMINONDAS">
			<Text>Epaminondas</Text>
		</Row>
		<Row Tag="TXT_KEY_GREAT_PERSON_MAURICE_OF_NASSAU">
			<Text>Maurice of Nassau</Text>
		</Row>
		<Row Tag="TXT_KEY_GREAT_PERSON_POMPEY">
			<Text>Pompei</Text>
		</Row>
		<Row Tag="TXT_KEY_GREAT_PERSON_PYRRHUS">
			<Text>Pyrrhus</Text>
		</Row>
		<Row Tag="TXT_KEY_GREAT_PERSON_WINFIELD_SCOTT">
			<Text>Winfield Scott</Text>
		</Row>
		<Row Tag="TXT_KEY_GREAT_PERSON_SITTING_BULL">
			<Text>Istuva Härkä</Text>
		</Row>
		<Row Tag="TXT_KEY_GREAT_PERSON_SPARTACUS">
			<Text>Spartacus</Text>
		</Row>
		<Row Tag="TXT_KEY_GREAT_PERSON_JOHANN_TSERCLAES">
			<Text>Johann Tserclaes</Text>
		</Row>
		<Row Tag="TXT_KEY_GREAT_PERSON_WALLENSTEIN">
			<Text>Wallenstein</Text>
		</Row>
		<Row Tag="TXT_KEY_GREAT_PERSON_HANNIBAL">
			<Text>Hannibal</Text>
		</Row>
		<!-- Rooman tuho -->
		<Row Tag="TXT_KEY_UNIT_CLIBANARII">
			<Text>Clibanarii|clibanariin|Clibanariimme|clibanariiksi</Text>
			<Gender>masculine:nominatiivi|feminine:akkusatiivi|masculine:possessiivi_m1|feminine:translatiivi</Gender>
			<Plurality>1</Plurality>
		</Row>
		<Row Tag="TXT_KEY_UNIT_FRANK_SEAXMAN">
			<Text>Väkipuukkomies|väkipuukkomiehen|Väkipuukkomiehemme|väkipuukkomieheksi</Text>
			<Gender>masculine:nominatiivi|feminine:akkusatiivi|masculine:possessiivi_m1|feminine:translatiivi</Gender>
			<Plurality>1</Plurality>
		</Row>
		<Row Tag="TXT_KEY_UNIT_VANDAL_AXEMAN">
			<Text>Kirvesmies|kirvesmiehen|Kirvesmiehemme|kirvesmieheksi</Text>
			<Gender>masculine:nominatiivi|feminine:akkusatiivi|masculine:possessiivi_m1|feminine:translatiivi</Gender>
			<Plurality>1</Plurality>
		</Row>
		<Row Tag="TXT_KEY_UNIT_VANDAL_TRIHEMIOLLA">
			<Text>Trihemiolia|trihemiolian|Trihemioliamme|trihemioliaksi</Text>
			<Gender>masculine:nominatiivi|feminine:akkusatiivi|masculine:possessiivi_m1|feminine:translatiivi</Gender>
			<Plurality>1</Plurality>
		</Row>
		<Row Tag="TXT_KEY_UNIT_GOTH_GADRAUHT">
			<Text>Gadrauht|gadrauhtin|Gadrauhtimme|gadrauhtiksi</Text>
			<Gender>masculine:nominatiivi|feminine:akkusatiivi|masculine:possessiivi_m1|feminine:translatiivi</Gender>
			<Plurality>1</Plurality>
		</Row>
		<Row Tag="TXT_KEY_UNIT_HUN_SCOURGE_OF_GOD">
			<Text>Jumalan ruoska|Jumalan ruoskan|Jumalan ruoskamme|Jumalan ruoskaksi</Text>
			<Gender>masculine:nominatiivi|feminine:akkusatiivi|masculine:possessiivi_m1|feminine:translatiivi</Gender>
			<Plurality>1</Plurality>
		</Row>
		<!-- Tuhkataivaitten imperiumit -->
		<Row Tag="TXT_KEY_UNIT_LAND_IRONCLAD">
			<Text>Maapanssarilaiva|maapanssarilaivan|Maapanssarilaivamme|maapanssarilaivaksi</Text>
			<Gender>masculine:nominatiivi|feminine:akkusatiivi|masculine:possessiivi_m1|feminine:translatiivi</Gender>
			<Plurality>1</Plurality>
		</Row>
		<Row Tag="TXT_KEY_UNIT_LANDSHIP">
			<Text>Maalaiva|maalaivan|Maalaivamme|maalaivaksi</Text>
			<Gender>masculine:nominatiivi|feminine:akkusatiivi|masculine:possessiivi_m1|feminine:translatiivi</Gender>
			<Plurality>1</Plurality>
		</Row>
		<Row Tag="TXT_KEY_UNIT_LAND_LEVIATHAN">
			<Text>Maaleviatan|maaleviatanin|Maaleviatanimme|maaleviataniksi</Text>
			<Gender>masculine:nominatiivi|feminine:akkusatiivi|masculine:possessiivi_m1|feminine:translatiivi</Gender>
			<Plurality>1</Plurality>
		</Row>
		<Row Tag="TXT_KEY_UNIT_FLYER">
			<Text>Lenturi|lenturin|Lenturimme|lenturiksi</Text>
			<Gender>masculine:nominatiivi|feminine:akkusatiivi|masculine:possessiivi_m1|feminine:translatiivi</Gender>
			<Plurality>1</Plurality>
		</Row>
		<Row Tag="TXT_KEY_UNIT_AIRSHIP">
			<Text>Ilmalaiva|ilmalaivan|Ilmalaivamme|ilmalaivaksi</Text>
			<Gender>masculine:nominatiivi|feminine:akkusatiivi|masculine:possessiivi_m1|feminine:translatiivi</Gender>
			<Plurality>1</Plurality>
		</Row>
		<Row Tag="TXT_KEY_UNIT_SKY_FORTRESS">
			<Text>Taivaslinnoitus|taivaslinnoituksen|Taivaslinnoituksemme|taivaslinnoitukseksi</Text>
			<Gender>masculine:nominatiivi|feminine:akkusatiivi|masculine:possessiivi_m1|feminine:translatiivi</Gender>
			<Plurality>1</Plurality>
		</Row>
		<!-- Matka renessanssiin -->
		<Row Tag="TXT_KEY_MEDIEVAL_SCENARIO_UNIT_SONGHAI_MUSLIMCAVALRY">
			<Text>Mamluk|mamlukin|Mamlukimme|mamlukiksi</Text>
			<Gender>masculine:nominatiivi|feminine:akkusatiivi|masculine:possessiivi_m1|feminine:translatiivi</Gender>
			<Plurality>1</Plurality>
		</Row>
		<Row Tag="TXT_KEY_UNIT_WELSH_LONGBOWMAN">
			<Text>Walesilainen pitkäjousi|walesilaisen pitkäjousen|Walesilainen pitkäjousemme|walesilaiseksi pitkäjouseksi</Text>
			<Gender>masculine:nominatiivi|feminine:akkusatiivi|masculine:possessiivi_m1|feminine:translatiivi</Gender>
			<Plurality>1</Plurality>
		</Row>
	</Language_fi_FI>
</GameData>