﻿<?xml version="1.0" encoding="utf-8"?>
<GameData>
	<Language_fi_FI>
		<Row Tag="TXT_KEY_IMPROVEMENT_CAMP">
			<Text>Leiri|Leirin</Text>
			<Gender>masculine:nominatiivi|masculine:genetiivi</Gender>
		</Row>
		<Row Tag="TXT_KEY_IMPROVEMENT_CITY_RUINS">
			<Text>Kaupungin rauniot|Kaupungin raunioiden</Text>
			<Gender>masculine:nominatiivi|masculine:genetiivi</Gender>
		</Row>
		<Row Tag="TXT_KEY_IMPROVEMENT_FARM">
			<Text>Maatila|Maatilan</Text>
			<Gender>masculine:nominatiivi|masculine:genetiivi</Gender>
		</Row>
		<Row Tag="TXT_KEY_IMPROVEMENT_FISHING_BOATS">
			<Text>Kalastus|Kalastuksen</Text>
			<Gender>masculine:nominatiivi|masculine:genetiivi</Gender>
		</Row>
		<Row Tag="TXT_KEY_IMPROVEMENT_FORT">
			<Text>Linnake|Linnakkeen</Text>
			<Gender>masculine:nominatiivi|masculine:genetiivi</Gender>
		</Row>
		<Row Tag="TXT_KEY_IMPROVEMENT_GOODY_HUT">
			<Text>Muinaisrauniot|Muinaisraunioiden</Text>
			<Gender>masculine:nominatiivi|masculine:genetiivi</Gender>
		</Row>
		<Row Tag="TXT_KEY_IMPROVEMENT_ENCAMPMENT">
			<Text>Sotaleiri|Sotaleirin</Text>
			<Gender>masculine:nominatiivi|masculine:genetiivi</Gender>
		</Row>
		<Row Tag="TXT_KEY_IMPROVEMENT_LUMBERMILL">
			<Text>Saha|Sahan</Text>
			<Gender>masculine:nominatiivi|masculine:genetiivi</Gender>
		</Row>
		<Row Tag="TXT_KEY_IMPROVEMENT_MINE">
			<Text>Kaivos|Kaivoksen</Text>
			<Gender>masculine:nominatiivi|masculine:genetiivi</Gender>
		</Row>
		<Row Tag="TXT_KEY_IMPROVEMENT_OFFSHORE_PLATFORM">
			<Text>Porauslautta|Porauslautan</Text>
			<Gender>masculine:nominatiivi|masculine:genetiivi</Gender>
		</Row>
		<Row Tag="TXT_KEY_IMPROVEMENT_PASTURE">
			<Text>Laidun|Laitumen</Text>
			<Gender>masculine:nominatiivi|masculine:genetiivi</Gender>
		</Row>
		<Row Tag="TXT_KEY_IMPROVEMENT_PLANTATION">
			<Text>Plantaasi|Plantaasin</Text>
			<Gender>masculine:nominatiivi|masculine:genetiivi</Gender>
		</Row>
		<Row Tag="TXT_KEY_IMPROVEMENT_QUARRY">
			<Text>Louhos|Louhoksen</Text>
			<Gender>masculine:nominatiivi|masculine:genetiivi</Gender>
		</Row>
		<Row Tag="TXT_KEY_IMPROVEMENT_TRADING_POST">
			<Text>Kauppapaikka|Kauppapaikan</Text>
			<Gender>masculine:nominatiivi|masculine:genetiivi</Gender>
		</Row>
		<Row Tag="TXT_KEY_IMPROVEMENT_WELL">
			<Text>Poraustorni|Poraustornin</Text>
			<Gender>masculine:nominatiivi|masculine:genetiivi</Gender>
		</Row>
		<Row Tag="TXT_KEY_IMPROVEMENT_LANDMARK">
			<Text>Maamerkki|Maamerkin</Text>
			<Gender>masculine:nominatiivi|masculine:genetiivi</Gender>
		</Row>
		<Row Tag="TXT_KEY_IMPROVEMENT_ACADEMY">
			<Text>Akademia|Akatemian</Text>
			<Gender>masculine:nominatiivi|masculine:genetiivi</Gender>
		</Row>
		<Row Tag="TXT_KEY_IMPROVEMENT_CUSTOMS_HOUSE">
			<Text>Tulli|Tullin</Text>
			<Gender>masculine:nominatiivi|masculine:genetiivi</Gender>
		</Row>
		<Row Tag="TXT_KEY_IMPROVEMENT_MANUFACTORY">
			<Text>Tuotantolaitos|Tuotantolaitoksen</Text>
			<Gender>masculine:nominatiivi|masculine:genetiivi</Gender>
		</Row>
		<Row Tag="TXT_KEY_IMPROVEMENT_CITADEL">
			<Text>Linnoitus|Linnoituksen</Text>
			<Gender>masculine:nominatiivi|masculine:genetiivi</Gender>
		</Row>
		<!-- Inkavaltio -->
		<Row Tag="TXT_KEY_IMPROVEMENT_TERRACE_FARM">
			<Text>Pengerviljelmä|Pengerviljelmän</Text>
			<Gender>masculine:nominatiivi|masculine:genetiivi</Gender>
		</Row>
		<!-- Polynesia -->
		<Row Tag="TXT_KEY_IMPROVEMENT_MOAI">
			<Text>Moai|Moain</Text>
			<Gender>masculine:nominatiivi|masculine:genetiivi</Gender>
		</Row>
		<!-- Tanska -->
		<Row Tag="TXT_KEY_IMPROVEMENT_HADRIANS_WALL">
			<Text>Hadrianuksen valli|Hadrianuksen vallin</Text>
			<Gender>masculine:nominatiivi|masculine:genetiivi</Gender>
		</Row>
		<Row Tag="TXT_KEY_IMPROVEMENT_MOTTE_BAILEY">
			<Text>Linnake ja suojavalli|Linnakkeen ja suojavallin</Text>
			<Gender>masculine:nominatiivi|masculine:genetiivi</Gender>
		</Row>
		<!-- Tuhkataivaitten imperiumit -->
	</Language_fi_FI>
</GameData>