﻿<?xml version="1.0" encoding="utf-8"?>
<GameData>
	<Language_fi_FI>
		<Row Tag="TXT_KEY_RELIGION_BUDDHISM">
			<Text>Buddhalaisuus|Buddhalaisuuden|buddhalaisuuden</Text><Plurality>masculine:nominatiivi|masculine:akkusatiivi|feminine:akkusatiivi</Plurality>
		</Row>
		<Row Tag="TXT_KEY_RELIGION_CHRISTIANITY">
			<Text>Kristinusko|Kristinuskon|kristinuskon</Text><Plurality>masculine:nominatiivi|masculine:akkusatiivi|feminine:akkusatiivi</Plurality>
		</Row>
		<Row Tag="TXT_KEY_RELIGION_HINDUISM">
			<Text>Hindulaisuus|Hindulaisuuden|hindulaisuuden</Text><Plurality>masculine:nominatiivi|masculine:akkusatiivi|feminine:akkusatiivi</Plurality>
		</Row>
		<Row Tag="TXT_KEY_RELIGION_ISLAM">
			<Text>Islam|Islamin|islamin</Text><Plurality>masculine:nominatiivi|masculine:akkusatiivi|feminine:akkusatiivi</Plurality>
		</Row>
		<Row Tag="TXT_KEY_RELIGION_POLYTHEISM">
			<Text>Polyteismi|Polyteismin|polyteismin</Text><Plurality>masculine:nominatiivi|masculine:akkusatiivi|feminine:akkusatiivi</Plurality>
		</Row>
		<Row Tag="TXT_KEY_RELIGION_SHINTOISM">
			<Text>Shintoisuus|Shintoisuuden|shintoisuuden</Text><Plurality>masculine:nominatiivi|masculine:akkusatiivi|feminine:akkusatiivi</Plurality>
		</Row>
		<Row Tag="TXT_KEY_RELIGION_SPIRITUALISM">
			<Text>Spiritualaisuus|Spiritualaisuuden|spiritualaisuuden</Text><Plurality>masculine:nominatiivi|masculine:akkusatiivi|feminine:akkusatiivi</Plurality>
		</Row>
		<Row Tag="TXT_KEY_RELIGION_ZOROASTRIANISM">
			<Text>Zarathustralaisuus|Zarathustralaisuuden|zarathustralaisuuden</Text><Plurality>masculine:nominatiivi|masculine:akkusatiivi|feminine:akkusatiivi</Plurality>
		</Row>
		<!-- Jumalat ja kuninkaat -->
		<Row Tag="TXT_KEY_RELIGION_PANTHEON">
			<Text>Kantausko|Kantauskon|kantauskon</Text><Plurality>masculine:nominatiivi|masculine:akkusatiivi|feminine:akkusatiivi</Plurality>
		</Row>
		<Row Tag="TXT_KEY_RELIGION_CONFUCIANISM">
			<Text>Kungfutselaisuus|Kungfutselaisuuden|kungfutselaisuuden</Text><Plurality>masculine:nominatiivi|masculine:akkusatiivi|feminine:akkusatiivi</Plurality>
		</Row>
		<Row Tag="TXT_KEY_RELIGION_JUDAISM">
			<Text>Juutalaisuus|Juutalaisuuden|juutalaisuuden</Text><Plurality>masculine:nominatiivi|masculine:akkusatiivi|feminine:akkusatiivi</Plurality>
		</Row>
		<Row Tag="TXT_KEY_RELIGION_SHINTO">
			<Text>Shintolaisuus|Shintolaisuuden|shintolaisuuden</Text><Plurality>masculine:nominatiivi|masculine:akkusatiivi|feminine:akkusatiivi</Plurality>
		</Row>
		<Row Tag="TXT_KEY_RELIGION_SIKHISM">
			<Text>Sikhiläisyys|Sikhiläisyyden|sikhiläisyyden</Text><Plurality>masculine:nominatiivi|masculine:akkusatiivi|feminine:akkusatiivi</Plurality>
		</Row>
		<Row Tag="TXT_KEY_RELIGION_TAOISM">
			<Text>Taolaisuus|Taolaisuuden|taolaisuuden</Text><Plurality>masculine:nominatiivi|masculine:akkusatiivi|feminine:akkusatiivi</Plurality>
		</Row>
		<Row Tag="TXT_KEY_RELIGION_TENGRIISM">
			<Text>Tengriläisyys|Tengriläisyyden|tengriläisyyden</Text><Plurality>masculine:nominatiivi|masculine:akkusatiivi|feminine:akkusatiivi</Plurality>
		</Row><Row Tag="TXT_KEY_RELIGION_CATHOLICISM">
			<Text>Katolilaisuus|Katolilaisuuden|katolilaisuuden</Text><Plurality>masculine:nominatiivi|masculine:akkusatiivi|feminine:akkusatiivi</Plurality>
		</Row><Row Tag="TXT_KEY_RELIGION_ORTHODOXY">
			<Text>Ortodoksisuus|Ortodoksisuuden|ortodoksisuuden</Text><Plurality>masculine:nominatiivi|masculine:akkusatiivi|feminine:akkusatiivi</Plurality>
		</Row><Row Tag="TXT_KEY_RELIGION_PROTESTANTISM">
			<Text>Protestanttisuus|Protestanttisuuden|protestanttisuuden</Text><Plurality>masculine:nominatiivi|masculine:akkusatiivi|feminine:akkusatiivi</Plurality>
		</Row>
		<!-- uskomukset -->
		<Row Tag="TXT_KEY_BELIEF_GODDESS_HUNT_SHORT">
			<Text>Metsästyksen jumalatar</Text>
		</Row>
		<Row Tag="TXT_KEY_BELIEF_FERTILITY_RITES_SHORT">
			<Text>Hedelmällisyysriitit</Text>
		</Row>
		<Row Tag="TXT_KEY_BELIEF_GOD_CRAFTSMEN_SHORT">
			<Text>Käsityöläisten jumala</Text>
		</Row>
		<Row Tag="TXT_KEY_BELIEF_GOD_SEA_SHORT">
			<Text>Merenjumala</Text>
		</Row>
		<Row Tag="TXT_KEY_BELIEF_OPEN_SKY_SHORT">
			<Text>Taivaanjumala</Text>
		</Row>
		<Row Tag="TXT_KEY_BELIEF_MESSENGER_GODS_SHORT">
			<Text>Jumalten sanansaattaja</Text>
		</Row>
		<Row Tag="TXT_KEY_BELIEF_ONE_WITH_NATURE_SHORT">
			<Text>Luonnon palvonta</Text>
		</Row>
		<Row Tag="TXT_KEY_BELIEF_FEED_WORLD_SHORT">
			<Text>Maailman ruokinta</Text>
		</Row>
		<Row Tag="TXT_KEY_BELIEF_FORMAL_LITURGY_SHORT">
			<Text>Uskonnolliset ikonit</Text>
		</Row>
		<Row Tag="TXT_KEY_BELIEF_STONE_CIRCLES_SHORT">
			<Text>Kivikehät</Text>
		</Row>
		<Row Tag="TXT_KEY_BELIEF_GOD_WAR_SHORT">
			<Text>Sodanjumala</Text>
		</Row>
		<Row Tag="TXT_KEY_BELIEF_SWORD_PLOWSHARES_SHORT">
			<Text>Miekoista aurojen siiviksi</Text>
		</Row>
		<Row Tag="TXT_KEY_BELIEF_SACRED_ANIMALS_SHORT">
			<Text>Pyhät eläimet</Text>
		</Row>
		<Row Tag="TXT_KEY_BELIEF_HARVEST_FESTIVAL_SHORT">
			<Text>Sadonkorjuun juhla</Text>
		</Row>
		<Row Tag="TXT_KEY_BELIEF_SACRED_WATERS_SHORT">
			<Text>Pyhät vedet</Text>
		</Row>
		<Row Tag="TXT_KEY_BELIEF_GODDESS_LOVE_SHORT">
			<Text>Rakkauden jumala</Text>
		</Row>
		<Row Tag="TXT_KEY_BELIEF_RELIGIOUS_SETTLEMENTS_SHORT">
			<Text>Uskonnolliset asutukset</Text>
		</Row>
		<Row Tag="TXT_KEY_BELIEF_GOD_FESTIVALS_SHORT">
			<Text>Juhlien jumalatar</Text>
		</Row>
		<Row Tag="TXT_KEY_BELIEF_ORAL_TRADITION_SHORT">
			<Text>Suulliset perinteet</Text>
		</Row>
		<Row Tag="TXT_KEY_BELIEF_ANCESTOR_WORSHIP_SHORT">
			<Text>Esi-isien palvonta</Text>
		</Row>
		<Row Tag="TXT_KEY_BELIEF_DESERT_FOLKLORE_SHORT">
			<Text>Aavikon kansantarut</Text>
		</Row>
		<Row Tag="TXT_KEY_BELIEF_SACRED_PATH_SHORT">
			<Text>Pyhä polku</Text>
		</Row>
		<Row Tag="TXT_KEY_BELIEF_GODDESS_STRATEGY_SHORT">
			<Text>Suojeluksen jumalatar</Text>
		</Row>
		<Row Tag="TXT_KEY_BELIEF_FAITH_HEALERS_SHORT">
			<Text>Uskonparantajat</Text>
		</Row>
		<Row Tag="TXT_KEY_BELIEF_MONUMENT_GODS_SHORT">
			<Text>Jumalten monumentti</Text>
		</Row>
		<Row Tag="TXT_KEY_BELIEF_RELIGIOUS_TEXTS_SHORT">
			<Text>Uskonkappaleet</Text>
		</Row>
		<Row Tag="TXT_KEY_BELIEF_RELIQUARY_SHORT">
			<Text>Pyhäinjäännökset</Text>
		</Row>
		<Row Tag="TXT_KEY_BELIEF_PEACE_LOVING_SHORT">
			<Text>Rauhan rakastajat</Text>
		</Row>
		<Row Tag="TXT_KEY_BELIEF_FLOURISHING_OF_ARTS_SHORT">
			<Text>Taiteiden kukoistus</Text>
		</Row>
		<Row Tag="TXT_KEY_BELIEF_CEREMONIAL_BURIAL_SHORT">
			<Text>Seremoniallinen hautaus</Text>
		</Row>
		<Row Tag="TXT_KEY_BELIEF_CHURCH_PROPERTY_SHORT">
			<Text>Kirkon omaisuus</Text>
		</Row>
		<Row Tag="TXT_KEY_BELIEF_TITHE_SHORT">
			<Text>Kymmenykset</Text>
		</Row>
		<Row Tag="TXT_KEY_BELIEF_INITIATION_RITES_SHORT">
			<Text>Siirtymäriitit</Text>
		</Row>
		<Row Tag="TXT_KEY_BELIEF_JUST_WAR_SHORT">
			<Text>Sodan oikeutus</Text>
		</Row>
		<Row Tag="TXT_KEY_BELIEF_DEFENDER_FAITH_SHORT">
			<Text>Uskon puolustaja</Text>
		</Row>
		<Row Tag="TXT_KEY_BELIEF_ITINERANT_PREACHERS_SHORT">
			<Text>Kiertävät saarnaajat</Text>
		</Row>
		<Row Tag="TXT_KEY_BELIEF_MESSIAH_SHORT">
			<Text>Messias</Text>
		</Row>
		<Row Tag="TXT_KEY_BELIEF_MISSIONARY_ZEAL_SHORT">
			<Text>Lähetyssaarnaajien kiihko</Text>
		</Row>
		<Row Tag="TXT_KEY_BELIEF_HOLY_ORDER_SHORT">
			<Text>Pyhä veljeskunta</Text>
		</Row>
		<Row Tag="TXT_KEY_BELIEF_RELIGIOUS_UNITY_SHORT">
			<Text>Uskonnollinen yhtenäisyys</Text>
		</Row>
		<Row Tag="TXT_KEY_BELIEF_CATHEDRALS_SHORT">
			<Text>Katedraalit</Text>
		</Row>
		<Row Tag="TXT_KEY_BELIEF_MOSQUES_SHORT">
			<Text>Moskeijat</Text>
		</Row>
		<Row Tag="TXT_KEY_BELIEF_PAGODAS_SHORT">
			<Text>Pagodit</Text>
		</Row>
		<Row Tag="TXT_KEY_BELIEF_MONASTERIES_SHORT">
			<Text>Luostarit</Text>
		</Row>
		<Row Tag="TXT_KEY_BELIEF_PEACE_GARDENS_SHORT">
			<Text>Rauhan puutarhat</Text>
		</Row>
		<Row Tag="TXT_KEY_BELIEF_CHORAL_MUSIC_SHORT">
			<Text>Kuoromusiikki</Text>
		</Row>
		<Row Tag="TXT_KEY_BELIEF_RELIGIOUS_ART_SHORT">
			<Text>Uskonnollinen taide</Text>
		</Row>
		<Row Tag="TXT_KEY_BELIEF_LITURGICAL_DRAMA_SHORT">
			<Text>Uskonnollinen draama</Text>
		</Row>
		<Row Tag="TXT_KEY_BELIEF_ASCETISM_SHORT">
			<Text>Asketismi</Text>
		</Row>
		<Row Tag="TXT_KEY_BELIEF_RELIGIOUS_CENTER_SHORT">
			<Text>Uskonnollinen keskus</Text>
		</Row>
		<Row Tag="TXT_KEY_BELIEF_PAPAL_PRIMACY_SHORT">
			<Text>Paavin hallitseva asema</Text>
		</Row>
		<Row Tag="TXT_KEY_BELIEF_DANCE_AURORA_SHORT">
			<Text>Auroran tanssi</Text>
		</Row>
		<Row Tag="TXT_KEY_BELIEF_WORLD_CHURCH_SHORT">
			<Text>Maailmankirkko</Text>
		</Row>
		<Row Tag="TXT_KEY_BELIEF_PILGRIMAGE_SHORT">
			<Text>Pyhiinvaellus</Text>
		</Row>
		<Row Tag="TXT_KEY_BELIEF_INTERFAITH_DIALOGUE_SHORT">
			<Text>Uskojenvälinen dialogi</Text>
		</Row>
		<Row Tag="TXT_KEY_BELIEF_HOLY_WARRIORS_SHORT">
			<Text>Pyhät soturit</Text>
		</Row>
		<Row Tag="TXT_KEY_BELIEF_RELIGIOUS_COMMUNITY_SHORT">
			<Text>Uskonnollinen yhteisö</Text>
		</Row>
		<Row Tag="TXT_KEY_BELIEF_DIVINE_INSPIRATION_SHORT">
			<Text>Jumalallinen inspiraatio</Text>
		</Row>
		<Row Tag="TXT_KEY_BELIEF_GURUSHIP_SHORT">
			<Text>Gurukeskeisyys</Text>
		</Row>
	</Language_fi_FI>
</GameData>