﻿<?xml version="1.0" encoding="utf-8"?>
<GameData>
	<Language_fi_FI>
		<Row Tag="TXT_KEY_1066_SCENARIO_CIV_ENGLAND_DESC">
			<Text>Anglosaksien Englanti</Text><Gender>masculine:nominatiivi</Gender><Plurality>1</Plurality>
		</Row>
		<Row Tag="TXT_KEY_1066_SCENARIO_CIV_FRANCE_ADJECTIVE">
			<Text>Normannien</Text><Gender>masculine:genetiivi</Gender><Plurality>2</Plurality>
		</Row>
		<Row Tag="TXT_KEY_1066_SCENARIO_CIV_FRANCE_DESC">
			<Text>Normandian herttuakunta</Text><Gender>masculine:nominatiivi</Gender><Plurality>1</Plurality>
		</Row>
		<Row Tag="TXT_KEY_1066_SCENARIO_CIV_FRANCE_SHORT_DESC">
			<Text>Normandia|Normandiaan|Normandian</Text>
			<Gender>masculine:nominatiivi|feminine:illatiivi|feminine:genetiivi</Gender><Plurality>1|1|1</Plurality>
		</Row>
		<Row Tag="TXT_KEY_1066_SCENARIO_CIV_GERMANY_ADJECTIVE">
			<Text>Norjan</Text><Gender>masculine:genetiivi</Gender><Plurality>1</Plurality>
		</Row>
		<Row Tag="TXT_KEY_1066_SCENARIO_CIV_GERMANY_DESC">
			<Text>Norjan valtakunta</Text><Gender>masculine:nominatiivi</Gender><Plurality>1</Plurality>
		</Row>
		<Row Tag="TXT_KEY_1066_SCENARIO_CIV_GERMANY_SHORT_DESC">
			<Text>Norja|Norjaan|Norjan</Text>
			<Gender>masculine:nominatiivi|feminine:illatiivi|feminine:genetiivi</Gender><Plurality>1|1|1</Plurality>
		</Row>
		<Row Tag="TXT_KEY_CIV_AMERICA_ADJECTIVE">
			<Text>Amerikan</Text><Gender>masculine:genetiivi</Gender>
		<Plurality>1</Plurality></Row>
		<Row Tag="TXT_KEY_CIV_AMERICA_DESC">
			<Text>Amerikan valtakunta</Text><Gender>masculine:nominatiivi</Gender>
		<Plurality>1</Plurality></Row>
		<Row Tag="TXT_KEY_CIV_AMERICA_SHORT_DESC">
			<Text>Amerikka|Amerikkaan|Amerikan</Text>
			<Gender>masculine:nominatiivi|feminine:illatiivi|feminine:genetiivi</Gender>
		<Plurality>1|1|1</Plurality></Row>
		<Row Tag="TXT_KEY_CIV_ARABIA_ADJECTIVE">
			<Text>Arabian</Text><Gender>masculine:genetiivi</Gender>
		<Plurality>1</Plurality></Row>
		<Row Tag="TXT_KEY_CIV_ARABIA_DESC">
			<Text>Arabian valtakunta</Text><Gender>masculine:nominatiivi</Gender>
		<Plurality>1</Plurality></Row>
		<Row Tag="TXT_KEY_CIV_ARABIA_SHORT_DESC">
			<Text>Arabia|Arabiaan|Arabian</Text>
			<Gender>masculine:nominatiivi|feminine:illatiivi|feminine:genetiivi</Gender>
		<Plurality>1|1|1</Plurality></Row>
		<Row Tag="TXT_KEY_CIV_ASSYRIA_ADJECTIVE">
			<Text>Assyrian</Text><Gender>masculine:genetiivi</Gender><Plurality>1</Plurality>
		</Row>
		<Row Tag="TXT_KEY_CIV_ASSYRIA_DESC">
			<Text>Assyrian valtakunta</Text><Gender>masculine:nominatiivi</Gender><Plurality>1</Plurality>
		</Row>
		<Row Tag="TXT_KEY_CIV_ASSYRIA_SHORT_DESC">
			<Text>Assyria|Assyriaan|Assyrian</Text>
			<Gender>masculine:nominatiivi|feminine:illatiivi|feminine:genetiivi</Gender><Plurality>1|1|1</Plurality>
		</Row>
		<Row Tag="TXT_KEY_CIV_AUSTRIA_ADJECTIVE">
			<Text>Itävallan</Text><Gender>masculine:genetiivi</Gender><Plurality>1</Plurality>
		</Row>
		<Row Tag="TXT_KEY_CIV_AUSTRIA_DESC">
			<Text>Itävalta</Text><Gender>masculine:nominatiivi</Gender><Plurality>1</Plurality>
		</Row>
		<Row Tag="TXT_KEY_CIV_AUSTRIA_SHORT_DESC">
			<Text>Itävalta|Itävaltaan|Itävallan</Text>
			<Gender>masculine:nominatiivi|feminine:illatiivi|feminine:genetiivi</Gender><Plurality>1|1|1</Plurality>
		</Row>
		<Row Tag="TXT_KEY_CIV_AZTEC_ADJECTIVE">
			<Text>Asteekkien</Text><Gender>masculine:genetiivi</Gender>
			<Plurality>2</Plurality>
		</Row>
		<Row Tag="TXT_KEY_CIV_AZTEC_DESC">
			<Text>Asteekkien valtakunta</Text><Gender>masculine:nominatiivi</Gender>
		<Plurality>1</Plurality></Row>
		<Row Tag="TXT_KEY_CIV_AZTEC_SHORT_DESC">
			<Text>Asteekit|asteekkeihin|asteekkien</Text>
			<Gender>masculine:nominatiivi|feminine:illatiivi|feminine:genetiivi</Gender>
			<Plurality>2|2|2</Plurality>
		</Row>
		<Row Tag="TXT_KEY_CIV_BABYLON_ADJECTIVE">
			<Text>Babylonian</Text><Gender>masculine:genetiivi</Gender><Plurality>1</Plurality>
		</Row>
		<Row Tag="TXT_KEY_CIV_BABYLON_DESC">
			<Text>Babylonian valtakunta</Text><Gender>masculine:nominatiivi</Gender><Plurality>1</Plurality>
		</Row>
		<Row Tag="TXT_KEY_CIV_BABYLON_SHORT_DESC">
			<Text>Babylonia|Babyloniaan|Babylonian</Text>
			<Gender>masculine:nominatiivi|feminine:illatiivi|feminine:genetiivi</Gender><Plurality>1|1|1</Plurality>
		</Row>
		<Row Tag="TXT_KEY_CIV_BARBARIAN_ADJECTIVE">
			<Text>Barbaarien</Text><Gender>masculine:genetiivi</Gender>
			<Plurality>2</Plurality>
		</Row>
		<Row Tag="TXT_KEY_CIV_BARBARIAN_DESC">
			<Text>Barbaarien valtakunta</Text><Gender>masculine:nominatiivi</Gender>
		<Plurality>1</Plurality></Row>
		<Row Tag="TXT_KEY_CIV_BARBARIAN_SHORT_DESC">
			<Text>Barbaarit|barbaareihin|barbaarien</Text>
			<Gender>masculine:nominatiivi|feminine:illatiivi|feminine:genetiivi</Gender>
			<Plurality>2|2|2</Plurality>
		</Row>
		<Row Tag="TXT_KEY_CIV_BRAZIL_ADJECTIVE">
			<Text>Brasilian</Text><Gender>masculine:genetiivi</Gender><Plurality>1</Plurality>
		</Row>
		<Row Tag="TXT_KEY_CIV_BRAZIL_DESC">
			<Text>Brasilian valtakunta</Text><Gender>masculine:nominatiivi</Gender><Plurality>1</Plurality>
		</Row>
		<Row Tag="TXT_KEY_CIV_BRAZIL_SHORT_DESC">
			<Text>Brasilia|Brasiliaan|Brasilian</Text>
			<Gender>masculine:nominatiivi|feminine:illatiivi|feminine:genetiivi</Gender><Plurality>1|1|1</Plurality>
		</Row>
		<Row Tag="TXT_KEY_CIV_BYZANTIUM_ADJECTIVE">
			<Text>Bysantin</Text><Gender>masculine:genetiivi</Gender><Plurality>1</Plurality>
		</Row>
		<Row Tag="TXT_KEY_CIV_BYZANTIUM_DESC">
			<Text>Bysantin valtakunta</Text><Gender>masculine:nominatiivi</Gender><Plurality>1</Plurality>
		</Row>
		<Row Tag="TXT_KEY_CIV_BYZANTIUM_SHORT_DESC">
			<Text>Bysantti|Bysanttiin|Bysantin</Text>
			<Gender>masculine:nominatiivi|feminine:illatiivi|feminine:genetiivi</Gender><Plurality>1|1|1</Plurality>
		</Row>
		<Row Tag="TXT_KEY_CIV_CARTHAGE_ADJECTIVE">
			<Text>Karthagon</Text><Gender>masculine:genetiivi</Gender><Plurality>1</Plurality>
		</Row>
		<Row Tag="TXT_KEY_CIV_CARTHAGE_DESC">
			<Text>Karthagon valtakunta</Text><Gender>masculine:nominatiivi</Gender><Plurality>1</Plurality>
		</Row>
		<Row Tag="TXT_KEY_CIV_CARTHAGE_SHORT_DESC">
			<Text>Karthago|Karthagoon|Karthagon</Text>
			<Gender>masculine:nominatiivi|feminine:illatiivi|feminine:genetiivi</Gender><Plurality>1|1|1</Plurality>
		</Row>
		<Row Tag="TXT_KEY_CIV_CELTS_ADJECTIVE">
			<Text>Kelttien</Text><Gender>masculine:genetiivi</Gender>
			<Plurality>2</Plurality>
		</Row>
		<Row Tag="TXT_KEY_CIV_CELTS_DESC">
			<Text>Kelttien valtakunta</Text><Gender>masculine:nominatiivi</Gender>
		<Plurality>1</Plurality></Row>
		<Row Tag="TXT_KEY_CIV_CELTS_SHORT_DESC">
			<Text>Keltit|keltteihin|kelttien</Text>
			<Gender>masculine:nominatiivi|feminine:illatiivi|feminine:genetiivi</Gender>
			<Plurality>2|2|2</Plurality>
		</Row>
		<Row Tag="TXT_KEY_CIV_CHINA_ADJECTIVE">
			<Text>Kiinan</Text><Gender>masculine:genetiivi</Gender>
		<Plurality>1</Plurality></Row>
		<Row Tag="TXT_KEY_CIV_CHINA_DESC">
			<Text>Kiinan valtakunta</Text><Gender>masculine:nominatiivi</Gender>
		<Plurality>1</Plurality></Row>
		<Row Tag="TXT_KEY_CIV_CHINA_SHORT_DESC">
			<Text>Kiina|Kiinaan|Kiinan</Text>
			<Gender>masculine:nominatiivi|feminine:illatiivi|feminine:genetiivi</Gender>
		<Plurality>1|1|1</Plurality></Row>
		<Row Tag="TXT_KEY_CIV_DENMARK_ADJECTIVE">
			<Text>Tanskan</Text><Gender>masculine:genetiivi</Gender><Plurality>1</Plurality>
		</Row>
		<Row Tag="TXT_KEY_CIV_DENMARK_DESC">
			<Text>Tanskan valtakunta</Text><Gender>masculine:nominatiivi</Gender><Plurality>1</Plurality>
		</Row>
		<Row Tag="TXT_KEY_CIV_DENMARK_SHORT_DESC">
			<Text>Tanska|Tanskaan|Tanskan</Text>
			<Gender>masculine:nominatiivi|feminine:illatiivi|feminine:genetiivi</Gender><Plurality>1|1|1</Plurality>
		</Row>
		<Row Tag="TXT_KEY_CIV_EGYPT_ADJECTIVE">
			<Text>Egyptin</Text><Gender>masculine:genetiivi</Gender>
		<Plurality>1</Plurality></Row>
		<Row Tag="TXT_KEY_CIV_EGYPT_DESC">
			<Text>Egyptin valtakunta</Text><Gender>masculine:nominatiivi</Gender>
		<Plurality>1</Plurality></Row>
		<Row Tag="TXT_KEY_CIV_EGYPT_SHORT_DESC">
			<Text>Egypti|Egyptiin|Egyptin</Text>
			<Gender>masculine:nominatiivi|feminine:illatiivi|feminine:genetiivi</Gender>
		<Plurality>1|1|1</Plurality></Row>
		<Row Tag="TXT_KEY_CIV_ENGLAND_ADJECTIVE">
			<Text>Englannin</Text><Gender>masculine:genetiivi</Gender><Plurality>1</Plurality>
		</Row>
		<Row Tag="TXT_KEY_CIV_ENGLAND_DESC">
			<Text>Englannin valtakunta</Text><Gender>masculine:nominatiivi</Gender><Plurality>1</Plurality>
		</Row>
		<Row Tag="TXT_KEY_CIV_ENGLAND_SHORT_DESC">
			<Text>Englanti|Englantiin|Englannin</Text>
			<Gender>masculine:nominatiivi|feminine:illatiivi|feminine:genetiivi</Gender><Plurality>1|1|1</Plurality>
		</Row>
		<Row Tag="TXT_KEY_CIV_ETHIOPIA_ADJECTIVE">
			<Text>Etiopian</Text><Gender>masculine:genetiivi</Gender><Plurality>1</Plurality>
		</Row>
		<Row Tag="TXT_KEY_CIV_ETHIOPIA_DESC">
			<Text>Etiopian valtakunta</Text><Gender>masculine:nominatiivi</Gender><Plurality>1</Plurality>
		</Row>
		<Row Tag="TXT_KEY_CIV_ETHIOPIA_SHORT_DESC">
			<Text>Etiopia|Etiopiaan|Etiopian</Text>
			<Gender>masculine:nominatiivi|feminine:illatiivi|feminine:genetiivi</Gender><Plurality>1|1|1</Plurality>
		</Row>
		<Row Tag="TXT_KEY_CIV_FRANCE_ADJECTIVE">
			<Text>Ranskan</Text><Gender>masculine:genetiivi</Gender><Plurality>1</Plurality>
		</Row>
		<Row Tag="TXT_KEY_CIV_FRANCE_DESC">
			<Text>Ranskan valtakunta</Text><Gender>masculine:nominatiivi</Gender><Plurality>1</Plurality>
		</Row>
		<Row Tag="TXT_KEY_CIV_FRANCE_SHORT_DESC">
			<Text>Ranska|Ranskaan|Ranskan</Text>
			<Gender>masculine:nominatiivi|feminine:illatiivi|feminine:genetiivi</Gender><Plurality>1|1|1</Plurality>
		</Row>
		<Row Tag="TXT_KEY_CIV_GERMANY_ADJECTIVE">
			<Text>Saksan</Text><Gender>masculine:genetiivi</Gender><Plurality>1</Plurality>
		</Row>
		<Row Tag="TXT_KEY_CIV_GERMANY_DESC">
			<Text>Saksan valtakunta</Text><Gender>masculine:nominatiivi</Gender><Plurality>1</Plurality>
		</Row>
		
		<Row Tag="TXT_KEY_CIV_GERMANY_SHORT_DESC">
			<Text>Saksa|Saksaan|Saksan</Text>
			<Gender>masculine:nominatiivi|feminine:illatiivi|feminine:genetiivi</Gender><Plurality>1|1|1</Plurality>
		</Row>
		<Row Tag="TXT_KEY_CIV_GREECE_ADJECTIVE">
			<Text>Kreikan</Text><Gender>masculine:genetiivi</Gender><Plurality>1</Plurality>
		</Row>
		<Row Tag="TXT_KEY_CIV_GREECE_DESC">
			<Text>Kreikan valtakunta</Text><Gender>masculine:nominatiivi</Gender><Plurality>1</Plurality>
		</Row>
		<Row Tag="TXT_KEY_CIV_GREECE_SHORT_DESC">
			<Text>Kreikka|Kreikkaan|Kreikan</Text>
			<Gender>masculine:nominatiivi|feminine:illatiivi|feminine:genetiivi</Gender><Plurality>1|1|1</Plurality>
		</Row>
		<Row Tag="TXT_KEY_CIV_HUNS_ADJECTIVE">
			<Text>Hunnien</Text><Gender>masculine:genetiivi</Gender>
			<Plurality>2</Plurality>
		</Row>
		
		<Row Tag="TXT_KEY_CIV_HUNS_DESC">
			<Text>Hunnien valtakunta</Text><Gender>masculine:nominatiivi</Gender>
		<Plurality>1</Plurality></Row>
		<Row Tag="TXT_KEY_CIV_HUNS_SHORT_DESC">
			<Text>Hunnit|hunneihin|hunnien</Text>
			<Gender>masculine:nominatiivi|feminine:illatiivi|feminine:genetiivi</Gender>
			<Plurality>2|2|2</Plurality>
		</Row>
		<Row Tag="TXT_KEY_CIV_INCA_ADJECTIVE">
			<Text>Inkojen</Text>
			<Gender>masculine:genetiivi</Gender>
			<Plurality>2</Plurality>
		</Row>
		
		<Row Tag="TXT_KEY_CIV_INCA_DESC">
			<Text>Inkojen valtakunta</Text>
			<Gender>masculine:nominatiivi</Gender>
		<Plurality>1</Plurality></Row>
		<Row Tag="TXT_KEY_CIV_INCA_SHORT_DESC">
			<Text>Inkat|inkoihin|inkojen</Text>
			<Gender>masculine:nominatiivi|feminine:illatiivi|feminine:genetiivi</Gender>
			<Plurality>2|2|2</Plurality>
		</Row>
		<Row Tag="TXT_KEY_CIV_INDIA_ADJECTIVE">
			<Text>Intian</Text><Gender>masculine:genetiivi</Gender><Plurality>1</Plurality>
		</Row>
		
		<Row Tag="TXT_KEY_CIV_INDIA_DESC">
			<Text>Intian valtakunta</Text><Gender>masculine:nominatiivi</Gender><Plurality>1</Plurality>
		</Row>
		<Row Tag="TXT_KEY_CIV_INDIA_SHORT_DESC">
			<Text>Intia|Intiaan|Intian</Text>
			<Gender>masculine:nominatiivi|feminine:illatiivi|feminine:genetiivi</Gender><Plurality>1|1|1</Plurality>
		</Row>
		<Row Tag="TXT_KEY_CIV_INDONESIA_ADJECTIVE">
			<Text>Indonesian</Text><Gender>masculine:genetiivi</Gender><Plurality>1</Plurality>
		</Row>
		<Row Tag="TXT_KEY_CIV_INDONESIA_DESC">
			<Text>Indonesian valtakunta</Text><Gender>masculine:nominatiivi</Gender><Plurality>1</Plurality>
		</Row>
		<Row Tag="TXT_KEY_CIV_INDONESIA_SHORT_DESC">
			<Text>Indonesia|Indonesiaan|Indonesian</Text>
			<Gender>masculine:nominatiivi|feminine:illatiivi|feminine:genetiivi</Gender><Plurality>1|1|1</Plurality>
		</Row>
		<Row Tag="TXT_KEY_CIV_IROQUOIS_ADJECTIVE">
			<Text>Irokeesien</Text><Gender>masculine:genetiivi</Gender>
			<Plurality>2</Plurality>
		</Row>
		<Row Tag="TXT_KEY_CIV_IROQUOIS_DESC">
			<Text>Irokeesien valtakunta</Text><Gender>masculine:nominatiivi</Gender>
		<Plurality>1</Plurality></Row>
		<Row Tag="TXT_KEY_CIV_IROQUOIS_SHORT_DESC">
			<Text>Irokeesiliitto|irokeeseihin|Irokeesiliiton</Text>
			<Gender>masculine:nominatiivi|feminine:illatiivi|feminine:genetiivi</Gender>
			<Plurality>1|2|1</Plurality>
		</Row>
		<Row Tag="TXT_KEY_CIV_JAPAN_ADJECTIVE">
			<Text>Japanin</Text><Gender>masculine:genetiivi</Gender><Plurality>1</Plurality>
		</Row>
		
		<Row Tag="TXT_KEY_CIV_JAPAN_DESC">
			<Text>Japanin valtakunta</Text><Gender>masculine:nominatiivi</Gender><Plurality>1</Plurality>
		</Row>
		<Row Tag="TXT_KEY_CIV_JAPAN_SHORT_DESC">
			<Text>Japani|Japaniin|Japanin</Text>
			<Gender>masculine:nominatiivi|feminine:illatiivi|feminine:genetiivi</Gender><Plurality>1|1|1</Plurality>
		</Row>
		<Row Tag="TXT_KEY_CIV_KOREA_ADJECTIVE">
			<Text>Korean</Text><Gender>masculine:genetiivi</Gender><Plurality>1</Plurality>
		</Row>
		<Row Tag="TXT_KEY_CIV_KOREA_DESC">
			<Text>Korean valtakunta</Text><Gender>masculine:nominatiivi</Gender><Plurality>1</Plurality>
		</Row>
		<Row Tag="TXT_KEY_CIV_KOREA_SHORT_DESC">
			<Text>Korea|Koreaan|Korean</Text>
			<Gender>masculine:nominatiivi|feminine:illatiivi|feminine:genetiivi</Gender><Plurality>1|1|1</Plurality>
		</Row>
		<Row Tag="TXT_KEY_CIV_MAYA_ADJECTIVE">
			<Text>Mayojen</Text><Gender>masculine:genetiivi</Gender>
			<Plurality>2</Plurality>
		</Row>
		<Row Tag="TXT_KEY_CIV_MAYA_DESC">
			<Text>Mayojen valtakunta</Text><Gender>masculine:nominatiivi</Gender>
		<Plurality>1</Plurality></Row>
		<Row Tag="TXT_KEY_CIV_MAYA_SHORT_DESC">
			<Text>Mayat|mayoihin|mayojen</Text>
			<Gender>masculine:nominatiivi|feminine:illatiivi|feminine:genetiivi</Gender>
			<Plurality>2|2|2</Plurality>
		</Row>
		<Row Tag="TXT_KEY_CIV_MINOR_ADJECTIVE">
			<Text>Kaupunkivaltion</Text><Gender>masculine:genetiivi</Gender><Plurality>1</Plurality>
		</Row>
		<Row Tag="TXT_KEY_CIV_MINOR_DESC">
			<Text>Kaupunkivaltio</Text><Gender>masculine:nominatiivi</Gender><Plurality>1</Plurality>
		</Row>
		
		<Row Tag="TXT_KEY_CIV_MINOR_SHORT_DESC">
			<Text>Kaupunkivaltio|kaupunkivaltioon|kaupunkivaltion</Text>
			<Gender>masculine:nominatiivi|feminine:illatiivi|feminine:genetiivi</Gender><Plurality>1|1|1</Plurality>
		</Row>
		<Row Tag="TXT_KEY_CIV_MONGOL_ADJECTIVE">
			<Text>Mongolien</Text><Gender>masculine:genetiivi</Gender><Plurality>2</Plurality>
		</Row>
		<Row Tag="TXT_KEY_CIV_MONGOL_DESC">
			<Text>Mongolien valtakunta</Text><Gender>masculine:nominatiivi</Gender><Plurality>1</Plurality>
		</Row>
		<Row Tag="TXT_KEY_CIV_MONGOL_SHORT_DESC">
			<Text>Mongolia|Mongoliaan|Mongolian</Text>
			<Gender>masculine:nominatiivi|feminine:illatiivi|feminine:genetiivi</Gender><Plurality>1|1|1</Plurality>
		</Row>
		
		<Row Tag="TXT_KEY_CIV_MOROCCO_ADJECTIVE">
			<Text>Marokon</Text><Gender>masculine:genetiivi</Gender><Plurality>1</Plurality>
		</Row>
		<Row Tag="TXT_KEY_CIV_MOROCCO_DESC">
			<Text>Marokon valtakunta</Text><Gender>masculine:nominatiivi</Gender><Plurality>1</Plurality>
		</Row>
		<Row Tag="TXT_KEY_CIV_MOROCCO_SHORT_DESC">
			<Text>Marokko|Marokkoon|Marokon</Text>
			<Gender>masculine:nominatiivi|feminine:illatiivi|feminine:genetiivi</Gender><Plurality>1|1|1</Plurality>
		</Row>
		<Row Tag="TXT_KEY_CIV_NETHERLANDS_ADJECTIVE">
			<Text>Hollannin</Text><Gender>masculine:genetiivi</Gender>
		<Plurality>1</Plurality></Row>
		<Row Tag="TXT_KEY_CIV_NETHERLANDS_DESC">
			<Text>Hollannin valtakunta</Text><Gender>masculine:nominatiivi</Gender>
		<Plurality>1</Plurality></Row>
		<Row Tag="TXT_KEY_CIV_NETHERLANDS_SHORT_DESC">
			<Text>Alankomaat|Hollantiin|Alankomaiden</Text>
			<Gender>masculine:nominatiivi|feminine:illatiivi|feminine:genetiivi</Gender>
			<Plurality>2|1|2</Plurality>
		</Row>
		<Row Tag="TXT_KEY_CIV_OTTOMAN_ADJECTIVE">
			<Text>Osmanien</Text><Gender>masculine:genetiivi</Gender>
			<Plurality>2</Plurality>
		</Row>
		<Row Tag="TXT_KEY_CIV_OTTOMAN_DESC">
			<Text>Osmanien valtakunta</Text><Gender>masculine:nominatiivi</Gender>
		<Plurality>1</Plurality></Row>
		<Row Tag="TXT_KEY_CIV_OTTOMAN_SHORT_DESC">
			<Text>Osmanit|osmaneihin|osmanien</Text>
			<Gender>masculine:nominatiivi|feminine:illatiivi|feminine:genetiivi</Gender>
			<Plurality>2|2|2</Plurality>
		</Row>
		<Row Tag="TXT_KEY_CIV_PERSIA_ADJECTIVE">
			<Text>Persian</Text><Gender>masculine:genetiivi</Gender><Plurality>1</Plurality>
		</Row>
		<Row Tag="TXT_KEY_CIV_PERSIA_DESC">
			<Text>Persian valtakunta</Text><Gender>masculine:nominatiivi</Gender><Plurality>1</Plurality>
		</Row>
		<Row Tag="TXT_KEY_CIV_PERSIA_SHORT_DESC">
			<Text>Persia|Persiaan|Persian</Text>
			<Gender>masculine:nominatiivi|feminine:illatiivi|feminine:genetiivi</Gender><Plurality>1|1|1</Plurality>
		</Row>
		<Row Tag="TXT_KEY_CIV_POLAND_ADJECTIVE">
			<Text>Puolan</Text><Gender>masculine:genetiivi</Gender><Plurality>1</Plurality>
		</Row>
		<Row Tag="TXT_KEY_CIV_POLAND_DESC">
			<Text>Puolan valtakunta</Text><Gender>masculine:nominatiivi</Gender><Plurality>1</Plurality>
		</Row>
		<Row Tag="TXT_KEY_CIV_POLAND_SHORT_DESC">
			<Text>Puola|Puolaan|Puolan</Text>
			<Gender>masculine:nominatiivi|feminine:illatiivi|feminine:genetiivi</Gender><Plurality>1|1|1</Plurality>
		</Row>
		<Row Tag="TXT_KEY_CIV_POLYNESIA_ADJECTIVE">
			<Text>Polynesian</Text><Gender>masculine:genetiivi</Gender><Plurality>1</Plurality>
		</Row>
		<Row Tag="TXT_KEY_CIV_POLYNESIA_DESC">
			<Text>Polynesian valtakunta</Text><Gender>masculine:nominatiivi</Gender><Plurality>1</Plurality>
		</Row>
		<Row Tag="TXT_KEY_CIV_POLYNESIA_SHORT_DESC">
			<Text>Polynesia|Polynesiaan|Polynesian</Text>
			<Gender>masculine:nominatiivi|feminine:illatiivi|feminine:genetiivi</Gender><Plurality>1|1|1</Plurality>
		</Row>
		<Row Tag="TXT_KEY_CIV_PORTUGAL_ADJECTIVE">
			<Text>Portugalin</Text><Gender>masculine:genetiivi</Gender><Plurality>1</Plurality>
		</Row>
		<Row Tag="TXT_KEY_CIV_PORTUGAL_DESC">
			<Text>Portugalin valtakunta</Text><Gender>masculine:nominatiivi</Gender><Plurality>1</Plurality>
		</Row>
		<Row Tag="TXT_KEY_CIV_PORTUGAL_SHORT_DESC">
			<Text>Portugali|Portugaliin|Portugalin</Text>
			<Gender>masculine:nominatiivi|feminine:illatiivi|feminine:genetiivi</Gender><Plurality>1|1|1</Plurality>
		</Row>
		<Row Tag="TXT_KEY_CIV_ROME_ADJECTIVE">
			<Text>Rooman</Text><Gender>masculine:genetiivi</Gender><Plurality>1</Plurality>
		</Row>
		<Row Tag="TXT_KEY_CIV_ROME_DESC">
			<Text>Rooman valtakunta</Text><Gender>masculine:nominatiivi</Gender><Plurality>1</Plurality>
		</Row>
		<Row Tag="TXT_KEY_CIV_ROME_SHORT_DESC">
			<Text>Rooma|Roomaan|Rooman</Text>
			<Gender>masculine:nominatiivi|feminine:illatiivi|feminine:genetiivi</Gender><Plurality>1|1|1</Plurality>
		</Row>
		<Row Tag="TXT_KEY_CIV_RUSSIA_ADJECTIVE">
			<Text>Venäjän</Text><Gender>masculine:genetiivi</Gender><Plurality>1</Plurality>
		</Row>
		<Row Tag="TXT_KEY_CIV_RUSSIA_DESC">
			<Text>Venäjän valtakunta</Text><Gender>masculine:nominatiivi</Gender><Plurality>1</Plurality>
		</Row>
		<Row Tag="TXT_KEY_CIV_RUSSIA_SHORT_DESC">
			<Text>Venäjä|Venäjään|Venäjän</Text>
			<Gender>masculine:nominatiivi|feminine:illatiivi|feminine:genetiivi</Gender><Plurality>1|1|1</Plurality>
		</Row>
		
		<Row Tag="TXT_KEY_CIV_SHOSHONE_ADJECTIVE">
			<Text>Shoshonien</Text><Gender>masculine:genetiivi</Gender>
			<Plurality>2</Plurality>
		</Row>
		<Row Tag="TXT_KEY_CIV_SHOSHONE_DESC">
			<Text>Shoshonien valtakunta</Text><Gender>masculine:nominatiivi</Gender>
		<Plurality>1</Plurality></Row>
		<Row Tag="TXT_KEY_CIV_SHOSHONE_SHORT_DESC">
			<Text>Shoshonit|shoshoneihin|shoshonien</Text>
			<Gender>masculine:nominatiivi|feminine:illatiivi|feminine:genetiivi</Gender>
			<Plurality>2|2|2</Plurality>
		</Row>
		<Row Tag="TXT_KEY_CIV_SIAM_ADJECTIVE">
			<Text>Siamin</Text><Gender>masculine:genetiivi</Gender><Plurality>1</Plurality>
		</Row>
		<Row Tag="TXT_KEY_CIV_SIAM_DESC">
			<Text>Siamin valtakunta</Text><Gender>masculine:nominatiivi</Gender><Plurality>1</Plurality>
		</Row>
		<Row Tag="TXT_KEY_CIV_SIAM_SHORT_DESC">
			<Text>Siam|Siamiin|Siamin</Text>
			<Gender>masculine:nominatiivi|feminine:illatiivi|feminine:genetiivi</Gender><Plurality>1|1|1</Plurality>
		</Row>
		<Row Tag="TXT_KEY_CIV_SONGHAI_ADJECTIVE">
			<Text>Songhain</Text><Gender>masculine:genetiivi</Gender><Plurality>1</Plurality>
		</Row>
		<Row Tag="TXT_KEY_CIV_SONGHAI_DESC">
			<Text>Songhain valtakunta</Text><Gender>masculine:nominatiivi</Gender><Plurality>1</Plurality>
		</Row>
		<Row Tag="TXT_KEY_CIV_SONGHAI_SHORT_DESC">
			<Text>Songhai|Songhaihin|Songhain</Text>
			<Gender>masculine:nominatiivi|feminine:illatiivi|feminine:genetiivi</Gender><Plurality>1|1|1</Plurality>
		</Row>
		<Row Tag="TXT_KEY_CIV_SPAIN_ADJECTIVE">
			<Text>Espanjan</Text><Gender>masculine:genetiivi</Gender><Plurality>1</Plurality>
		</Row>
		<Row Tag="TXT_KEY_CIV_SPAIN_DESC">
			<Text>Espanjan valtakunta</Text><Gender>masculine:nominatiivi</Gender><Plurality>1</Plurality>
		</Row>
		<Row Tag="TXT_KEY_CIV_SPAIN_SHORT_DESC">
			<Text>Espanja|Espanjaan|Espanjan</Text>
			<Gender>masculine:nominatiivi|feminine:illatiivi|feminine:genetiivi</Gender><Plurality>1|1|1</Plurality>
		</Row>
		<Row Tag="TXT_KEY_CIV_SWEDEN_ADJECTIVE">
			<Text>Ruotsin</Text><Gender>masculine:genetiivi</Gender><Plurality>1</Plurality>
		</Row>
		<Row Tag="TXT_KEY_CIV_SWEDEN_DESC">
			<Text>Ruotsin valtakunta</Text><Gender>masculine:nominatiivi</Gender><Plurality>1</Plurality>
		</Row>
		<Row Tag="TXT_KEY_CIV_SWEDEN_SHORT_DESC">
			<Text>Ruotsi|Ruotsiin|Ruotsin</Text>
			<Gender>masculine:nominatiivi|feminine:illatiivi|feminine:genetiivi</Gender><Plurality>1|1|1</Plurality>
		</Row>
		<Row Tag="TXT_KEY_CIV_VENICE_ADJECTIVE">
			<Text>Venetsian</Text><Gender>masculine:genetiivi</Gender>
		<Plurality>1</Plurality></Row>
		<Row Tag="TXT_KEY_CIV_VENICE_DESC">
			<Text>Venetsian tasavalta</Text><Gender>masculine:nominatiivi</Gender>
		<Plurality>1</Plurality></Row>
		<Row Tag="TXT_KEY_CIV_VENICE_SHORT_DESC">
			<Text>Venetsia|Venetsiaan|Venetsian</Text>
			<Gender>masculine:nominatiivi|feminine:illatiivi|feminine:genetiivi</Gender>
		<Plurality>1|1|1</Plurality></Row>
		<Row Tag="TXT_KEY_CIV_ZULU_ADJECTIVE">
			<Text>Zulujen</Text><Gender>masculine:genetiivi</Gender>
			<Plurality>2</Plurality>
		</Row>
		<Row Tag="TXT_KEY_CIV_ZULU_DESC">
			<Text>Zulujen kuningaskunta</Text><Gender>masculine:nominatiivi</Gender>
		<Plurality>1</Plurality></Row>
		<Row Tag="TXT_KEY_CIV_ZULU_SHORT_DESC">
			<Text>Zulut|zuluihin|zulujen</Text>
			<Gender>masculine:nominatiivi|feminine:illatiivi|feminine:genetiivi</Gender>
			<Plurality>2|2|2</Plurality>
		</Row>
		<Row Tag="TXT_KEY_FOR_SCENARIO_CIV_BYZANTIUM_ADJECTIVE">
			<Text>Itä-Rooman</Text><Gender>masculine:genetiivi</Gender>
		<Plurality>1</Plurality></Row>
		<Row Tag="TXT_KEY_FOR_SCENARIO_CIV_BYZANTIUM_DESC">
			<Text>Itä-Rooma</Text><Gender>masculine:nominatiivi</Gender>
		<Plurality>1</Plurality></Row>
		<Row Tag="TXT_KEY_FOR_SCENARIO_CIV_BYZANTIUM_SHORT_DESC">
			<Text>Itä-Rooma|Itä-Roomaan|Itä-Rooman</Text>
			<Gender>masculine:nominatiivi|feminine:illatiivi|feminine:genetiivi</Gender>
		<Plurality>1|1|1</Plurality></Row>
		<Row Tag="TXT_KEY_FOR_SCENARIO_CIV_FRANCE_ADJECTIVE">
			<Text>Frankkien</Text><Gender>masculine:genetiivi</Gender>
		<Plurality>2</Plurality></Row>
		<Row Tag="TXT_KEY_FOR_SCENARIO_CIV_FRANCE_DESC">
			<Text>Frankkien kuningaskunta</Text><Gender>masculine:nominatiivi</Gender>
		<Plurality>1</Plurality></Row>
		<Row Tag="TXT_KEY_FOR_SCENARIO_CIV_FRANCE_SHORT_DESC">
			<Text>Frankit|frankkeihin|frankkien</Text>
			<Gender>masculine:nominatiivi|feminine:illatiivi|feminine:genetiivi</Gender>
			<Plurality>2|2|2</Plurality>
		</Row>
		
		<Row Tag="TXT_KEY_FOR_SCENARIO_CIV_GERMANY_ADJECTIVE">
			<Text>Goottien</Text><Gender>masculine:genetiivi</Gender>
		<Plurality>2</Plurality></Row>
		<Row Tag="TXT_KEY_FOR_SCENARIO_CIV_GERMANY_DESC">
			<Text>Goottien kuningaskunta</Text><Gender>masculine:nominatiivi</Gender>
		<Plurality>1</Plurality></Row>
		<Row Tag="TXT_KEY_FOR_SCENARIO_CIV_GERMANY_SHORT_DESC">
			<Text>Gootit|gootteihin|goottien</Text>
			<Gender>masculine:nominatiivi|feminine:illatiivi|feminine:genetiivi</Gender>
			<Plurality>2|2|2</Plurality>
		</Row>
		<Row Tag="TXT_KEY_FOR_SCENARIO_CIV_PERSIA_ADJECTIVE">
			<Text>Sassanidien</Text><Gender>masculine:genetiivi</Gender>
		<Plurality>2</Plurality></Row>
		<Row Tag="TXT_KEY_FOR_SCENARIO_CIV_PERSIA_DESC">
			<Text>Sassanidien valtakunta</Text><Gender>masculine:nominatiivi</Gender>
		<Plurality>1</Plurality></Row>
		<Row Tag="TXT_KEY_FOR_SCENARIO_CIV_PERSIA_SHORT_DESC">
			<Text>Sassanidit|sassanideihin|sassanidien</Text>
			<Gender>masculine:nominatiivi|feminine:illatiivi|feminine:genetiivi</Gender>
			<Plurality>2|2|2</Plurality>
		</Row>
		<Row Tag="TXT_KEY_FOR_SCENARIO_CIV_ROME_ADJECTIVE">
			<Text>Länsi-Rooman</Text><Gender>masculine:genetiivi</Gender>
		<Plurality>1</Plurality></Row>
		<Row Tag="TXT_KEY_FOR_SCENARIO_CIV_ROME_DESC">
			<Text>Länsi-Rooma</Text><Gender>masculine:nominatiivi</Gender>
		<Plurality>1</Plurality></Row>
		<Row Tag="TXT_KEY_FOR_SCENARIO_CIV_ROME_SHORT_DESC">
			<Text>Länsi-Rooma|Länsi-Roomaan|Länsi-Rooman</Text>
			<Gender>masculine:nominatiivi|feminine:illatiivi|feminine:genetiivi</Gender>
		<Plurality>1|1|1</Plurality></Row>
		<Row Tag="TXT_KEY_FOR_SCENARIO_CIV_SONGHAI_ADJECTIVE">
			<Text>Vandaalien</Text><Gender>masculine:genetiivi</Gender>
		<Plurality>2</Plurality></Row>
		<Row Tag="TXT_KEY_FOR_SCENARIO_CIV_SONGHAI_DESC">
			<Text>Vandaalien kuningaskunta</Text><Gender>masculine:nominatiivi</Gender>
		<Plurality>1</Plurality></Row>
		<Row Tag="TXT_KEY_FOR_SCENARIO_CIV_SONGHAI_SHORT_DESC">
			<Text>Vandaalit|vandaaleihin|vandaalien</Text>
			<Gender>masculine:nominatiivi|feminine:illatiivi|feminine:genetiivi</Gender>
			<Plurality>2|2|2</Plurality>
		</Row><Row Tag="TXT_KEY_KOREA_SCENARIO_CIV_MONGOL_ADJECTIVE">
			<Text>Mantsujen</Text><Gender>masculine:genetiivi</Gender>
		<Plurality>2</Plurality></Row><Row Tag="TXT_KEY_KOREA_SCENARIO_CIV_MONGOL_DESC">
			<Text>Mantsujen valtakunta</Text><Gender>masculine:nominatiivi</Gender>
		<Plurality>2</Plurality></Row>
		<Row Tag="TXT_KEY_KOREA_SCENARIO_CIV_MONGOL_SHORT_DESC">
			<Text>Mantsut|Mantsuihin|Mantsujen</Text>
			<Gender>masculine:nominatiivi|feminine:illatiivi|feminine:genetiivi</Gender><Plurality>2|2|2</Plurality>
		</Row>
		<Row Tag="TXT_KEY_MEDIEVAL_SCENARIO_CIV_ARABIA_ADJECTIVE">
			<Text>Almohadien</Text><Gender>masculine:genetiivi</Gender>
		<Plurality>2</Plurality></Row>
		<Row Tag="TXT_KEY_MEDIEVAL_SCENARIO_CIV_ARABIA_DESC">
			<Text>Almohadien kalifaatti</Text><Gender>masculine:nominatiivi</Gender>
		<Plurality>1</Plurality></Row>
		<Row Tag="TXT_KEY_MEDIEVAL_SCENARIO_CIV_ARABIA_SHORT_DESC">
			<Text>Almohadit|almohadeihin|almohadien</Text>
			<Gender>masculine:nominatiivi|feminine:illatiivi|feminine:genetiivi</Gender>
			<Plurality>2|2|2</Plurality>
		</Row>
		<Row Tag="TXT_KEY_MEDIEVAL_SCENARIO_CIV_OTTOMAN_ADJECTIVE">
			<Text>Turkin</Text><Gender>masculine:genetiivi</Gender>
		<Plurality>1</Plurality></Row>
		<Row Tag="TXT_KEY_MEDIEVAL_SCENARIO_CIV_OTTOMAN_DESC">
			<Text>Turkin valtakunta</Text><Gender>masculine:nominatiivi</Gender>
		<Plurality>1</Plurality></Row>
		
		<Row Tag="TXT_KEY_MEDIEVAL_SCENARIO_CIV_OTTOMAN_SHORT_DESC">
			<Text>Turkki|Turkkiin|Turkin</Text>
			<Gender>masculine:nominatiivi|feminine:illatiivi|feminine:genetiivi</Gender>
		<Plurality>1|1|1</Plurality></Row>
		<Row Tag="TXT_KEY_MEDIEVAL_SCENARIO_CIV_SONGHAI_ADJECTIVE">
			<Text>Aijubidien</Text><Gender>masculine:genetiivi</Gender>
		<Plurality>2</Plurality></Row>
		<Row Tag="TXT_KEY_MEDIEVAL_SCENARIO_CIV_SONGHAI_DESC">
			<Text>Aijubidien dynastia</Text><Gender>masculine:nominatiivi</Gender>
		<Plurality>1</Plurality></Row>
		<Row Tag="TXT_KEY_MEDIEVAL_SCENARIO_CIV_SONGHAI_SHORT_DESC">
			<Text>Aijubidit|aijubideihin|aijubidien</Text>
			<Gender>masculine:nominatiivi|feminine:illatiivi|feminine:genetiivi</Gender>
			<Plurality>2|2|2</Plurality>
		</Row>
		<Row Tag="TXT_KEY_MONGOL_SCENARIO_CIV_SIAM_ADJECTIVE">
			<Text>Jinin</Text><Gender>masculine:genetiivi</Gender><Plurality>1</Plurality>
		</Row>
		<Row Tag="TXT_KEY_MONGOL_SCENARIO_CIV_SIAM_SHORT_DESC">
			<Text>Jin|Jiniin|Jinin</Text>
			<Gender>masculine:nominatiivi|feminine:illatiivi|feminine:genetiivi</Gender><Plurality>1|1|1</Plurality>
		</Row>
		<Row Tag="TXT_KEY_NEWWORLD_SCENARIO_CIV_JAPAN_ADJECTIVE">
			<Text>Vanhan maailman Euroopan</Text><Gender>masculine:genetiivi</Gender><Plurality>1</Plurality>
		</Row>
		<Row Tag="TXT_KEY_NEWWORLD_SCENARIO_CIV_JAPAN_DESC">
			<Text>Vanhan maailman Eurooppa</Text><Gender>masculine:nominatiivi</Gender><Plurality>1</Plurality>
		</Row>
		<Row Tag="TXT_KEY_NEWWORLD_SCENARIO_CIV_JAPAN_SHORT_DESC">
			<Text>Vanha maailma|vanhaan maailmaan|Vanhan maailman</Text>
			<Gender>masculine:nominatiivi|feminine:illatiivi|feminine:genetiivi</Gender><Plurality>1|1|1</Plurality>
		</Row>
		<Row Tag="TXT_KEY_STEAMPUNK_SCENARIO_CIV_BARBARIAN_ADJECTIVE">
			<Text>Ludiittien</Text><Gender>masculine:genetiivi</Gender>
		<Plurality>2</Plurality></Row>
		<Row Tag="TXT_KEY_STEAMPUNK_SCENARIO_CIV_BARBARIAN_DESC">
			<Text>Ludiittivaltakunta</Text><Gender>masculine:nominatiivi</Gender>
		<Plurality>1</Plurality></Row>
		<Row Tag="TXT_KEY_STEAMPUNK_SCENARIO_CIV_BARBARIAN_SHORT_DESC">
			<Text>Ludiitit|ludiitteihin|ludiittien</Text>
			<Gender>masculine:nominatiivi|feminine:illatiivi|feminine:genetiivi</Gender>
			<Plurality>2|2|2</Plurality>
		</Row>
		<Row Tag="TXT_KEY_STEAMPUNK_SCENARIO_CIV_ENGLAND_ADJECTIVE">
			<Text>Puljasin</Text><Gender>masculine:genetiivi</Gender>
		<Plurality>1</Plurality></Row>
		<Row Tag="TXT_KEY_STEAMPUNK_SCENARIO_CIV_ENGLAND_DESC">
			<Text>Puljasin valtakunta</Text><Gender>masculine:nominatiivi</Gender>
		<Plurality>1</Plurality></Row>
		<Row Tag="TXT_KEY_STEAMPUNK_SCENARIO_CIV_ENGLAND_SHORT_DESC">
			<Text>Puljas|Puljasiin|Puljasin</Text>
			<Gender>masculine:nominatiivi|feminine:illatiivi|feminine:genetiivi</Gender>
		<Plurality>1|1|1</Plurality></Row>
		<Row Tag="TXT_KEY_STEAMPUNK_SCENARIO_CIV_FRANCE_ADJECTIVE">
			<Text>Dalmasin</Text><Gender>masculine:genetiivi</Gender>
		<Plurality>1</Plurality></Row>
		<Row Tag="TXT_KEY_STEAMPUNK_SCENARIO_CIV_FRANCE_DESC">
			<Text>Dalmasin valtakunta</Text><Gender>masculine:nominatiivi</Gender>
		<Plurality>1</Plurality></Row>
		<Row Tag="TXT_KEY_STEAMPUNK_SCENARIO_CIV_FRANCE_SHORT_DESC">
			<Text>Dalmasi|Dalmasiin|Dalmasin</Text>
			<Gender>masculine:nominatiivi|feminine:illatiivi|feminine:genetiivi</Gender>
		<Plurality>1|1|1</Plurality></Row>
		
		<Row Tag="TXT_KEY_STEAMPUNK_SCENARIO_CIV_GERMANY_ADJECTIVE">
			<Text>Erukien</Text><Gender>masculine:genetiivi</Gender>
		<Plurality>1</Plurality></Row>
		<Row Tag="TXT_KEY_STEAMPUNK_SCENARIO_CIV_GERMANY_DESC">
			<Text>Erukian valtakunta</Text><Gender>masculine:nominatiivi</Gender>
		<Plurality>1</Plurality></Row>
		<Row Tag="TXT_KEY_STEAMPUNK_SCENARIO_CIV_GERMANY_SHORT_DESC">
			<Text>Erukia|Erukiaan|Erukian</Text>
			<Gender>masculine:nominatiivi|feminine:illatiivi|feminine:genetiivi</Gender>
		<Plurality>1|1|1</Plurality></Row>
		<Row Tag="TXT_KEY_STEAMPUNK_SCENARIO_CIV_RUSSIA_ADJECTIVE">
			<Text>Orlin</Text><Gender>masculine:genetiivi</Gender>
		<Plurality>1</Plurality></Row>
		<Row Tag="TXT_KEY_STEAMPUNK_SCENARIO_CIV_RUSSIA_DESC">
			<Text>Orlin valtakunta</Text><Gender>masculine:nominatiivi</Gender>
		<Plurality>1</Plurality></Row>
		<Row Tag="TXT_KEY_STEAMPUNK_SCENARIO_CIV_RUSSIA_SHORT_DESC">
			<Text>Orli|Orliin|Orlin</Text>
			<Gender>masculine:nominatiivi|feminine:illatiivi|feminine:genetiivi</Gender>
		<Plurality>1|1|1</Plurality></Row>
		<Row Tag="TXT_KEY_STEAMPUNK_SCENARIO_CIV_SWEDEN_ADJECTIVE">
			<Text>Vedrian</Text><Gender>masculine:genetiivi</Gender>
		<Plurality>1</Plurality></Row>
		<Row Tag="TXT_KEY_STEAMPUNK_SCENARIO_CIV_SWEDEN_DESC">
			<Text>Vedrian valtakunta</Text><Gender>masculine:nominatiivi</Gender>
		<Plurality>1</Plurality></Row>
		<Row Tag="TXT_KEY_STEAMPUNK_SCENARIO_CIV_SWEDEN_SHORT_DESC">
			<Text>Vedria|Vedriaan|Vedrian</Text>
			<Gender>masculine:nominatiivi|feminine:illatiivi|feminine:genetiivi</Gender>
		<Plurality>1|1|1</Plurality></Row><Row Tag="TXT_KEY_CIVIL_WAR_SCENARIO_CIV_AMERICA_ADJECTIVE">
			<Text>Unionin</Text><Gender>masculine:genetiivi</Gender>
		<Plurality>1</Plurality></Row><Row Tag="TXT_KEY_CIVIL_WAR_SCENARIO_CIV_AMERICA_DESC">
			<Text>Amerikan Yhdysvallat</Text><Gender>masculine:nominatiivi</Gender>
		<Plurality>2</Plurality></Row><Row Tag="TXT_KEY_CIVIL_WAR_SCENARIO_CIV_AMERICA_SHORT_DESC">
			<Text>Unioni|Unioniin|Unionin</Text><Gender>masculine:nominatiivi|feminine:illatiivi|feminine:genetiivi</Gender><Plurality>1|1|1</Plurality>
		</Row><Row Tag="TXT_KEY_CIVIL_WAR_SCENARIO_CIV_ENGLAND_ADJECTIVE">
			<Text>Konfederaation</Text><Gender>masculine:genetiivi</Gender>
		<Plurality>1</Plurality></Row><Row Tag="TXT_KEY_CIVIL_WAR_SCENARIO_CIV_ENGLAND_DESC">
			<Text>Amerikan valtioliitto</Text><Gender>masculine:nominatiivi</Gender>
		<Plurality>1</Plurality></Row><Row Tag="TXT_KEY_CIVIL_WAR_SCENARIO_CIV_ENGLAND_SHORT_DESC">
			<Text>Konfederaatio|Konfederaatioon|Konfederaation</Text><Gender>masculine:nominatiivi|feminine:illatiivi|feminine:genetiivi</Gender>
		<Plurality>1|1|1</Plurality></Row><Row Tag="TXT_KEY_MONGOL_SCENARIO_CIV_GREECE_ADJECTIVE">
			<Text>Bysantin</Text><Gender>masculine:genetiivi</Gender><Plurality>1</Plurality>
		</Row><Row Tag="TXT_KEY_MONGOL_SCENARIO_CIV_GREECE_DESC">
			<Text>Bysantin valtakunta</Text><Gender>masculine:nominatiivi</Gender><Plurality>1</Plurality>
		</Row><Row Tag="TXT_KEY_MONGOL_SCENARIO_CIV_GREECE_SHORT_DESC">
			<Text>Bysantti|Bysanttiin|Bysantin</Text><Gender>masculine:nominatiivi|feminine:illatiivi|feminine:genetiivi</Gender><Plurality>1|1|1</Plurality>
		</Row><Row Tag="TXT_KEY_SCRAMBLE_AFRICA_CIV_AMERICA_ADJECTIVE">
			<Text>Buurien</Text><Gender>masculine:genetiivi</Gender>
		<Plurality>2</Plurality></Row><Row Tag="TXT_KEY_SCRAMBLE_AFRICA_CIV_AMERICA_DESC">
			<Text>Buurit</Text><Gender>masculine:nominatiivi</Gender>
		<Plurality>2</Plurality></Row><Row Tag="TXT_KEY_SCRAMBLE_AFRICA_CIV_AMERICA_SHORT_DESC">
			<Text>Buurit|Buureihin|Buurien</Text><Gender>masculine:nominatiivi|feminine:illatiivi|feminine:genetiivi</Gender>
		<Plurality>2|2|2</Plurality></Row><Row Tag="TXT_KEY_SCRAMBLE_AFRICA_CIV_BRAZIL_ADJECTIVE">
			<Text>Belgian</Text><Gender>masculine:genetiivi</Gender><Plurality>1</Plurality>
		</Row><Row Tag="TXT_KEY_SCRAMBLE_AFRICA_CIV_BRAZIL_DESC">
			<Text>Belgia</Text><Gender>masculine:nominatiivi</Gender><Plurality>1</Plurality>
		</Row><Row Tag="TXT_KEY_SCRAMBLE_AFRICA_CIV_BRAZIL_SHORT_DESC">
			<Text>Belgia|Belgiaan|Belgian</Text><Gender>masculine:nominatiivi|feminine:illatiivi|feminine:genetiivi</Gender><Plurality>1|1|1</Plurality>
		</Row><Row Tag="TXT_KEY_SCRAMBLE_AFRICA_CIV_ROME_ADJECTIVE">
			<Text>Italian</Text><Gender>masculine:genetiivi</Gender><Plurality>1</Plurality>
		</Row><Row Tag="TXT_KEY_SCRAMBLE_AFRICA_CIV_ROME_DESC">
			<Text>Italia</Text><Gender>masculine:nominatiivi</Gender><Plurality>1</Plurality>
		</Row><Row Tag="TXT_KEY_SCRAMBLE_AFRICA_CIV_ROME_SHORT_DESC">
			<Text>Italia|Italiaan|Italian</Text><Gender>masculine:nominatiivi|feminine:illatiivi|feminine:genetiivi</Gender><Plurality>1|1|1</Plurality>
		</Row><Row Tag="TXT_KEY_POLYNESIAN_SCENARIO_CIV_AZTEC_ADJECTIVE">
			<Text>Tongan</Text><Gender>masculine:genetiivi</Gender><Plurality>1</Plurality>
		</Row><Row Tag="TXT_KEY_POLYNESIAN_SCENARIO_CIV_AZTEC_DESC">
			<Text>Tongan valtakunta</Text><Gender>masculine:nominatiivi</Gender><Plurality>1</Plurality>
		</Row><Row Tag="TXT_KEY_POLYNESIAN_SCENARIO_CIV_AZTEC_SHORT_DESC">
			<Text>Tonga|Tongaan|Tongan</Text><Gender>masculine:nominatiivi|feminine:illatiivi|feminine:genetiivi</Gender><Plurality>1|1|1</Plurality>
		</Row><Row Tag="TXT_KEY_POLYNESIAN_SCENARIO_CIV_HIVA">
			<Text>Hiva</Text><Gender>masculine:nominatiivi</Gender>
		<Plurality>1</Plurality></Row><Row Tag="TXT_KEY_POLYNESIAN_SCENARIO_CIV_INDIA_ADJECTIVE">
			<Text>Samoan</Text><Gender>masculine:genetiivi</Gender><Plurality>1</Plurality>
		</Row><Row Tag="TXT_KEY_POLYNESIAN_SCENARIO_CIV_INDIA_DESC">
			<Text>Samoan valtakunta</Text><Gender>masculine:nominatiivi</Gender><Plurality>1</Plurality>
		</Row><Row Tag="TXT_KEY_POLYNESIAN_SCENARIO_CIV_INDIA_SHORT_DESC">
			<Text>Samoa|Samoaan|Samoan</Text><Gender>masculine:nominatiivi|feminine:illatiivi|feminine:genetiivi</Gender><Plurality>1|1|1</Plurality>
		</Row><Row Tag="TXT_KEY_POLYNESIAN_SCENARIO_CIV_IROQUOIS_ADJECTIVE">
			<Text>Tahitin</Text><Gender>masculine:genetiivi</Gender><Plurality>1</Plurality>
		</Row><Row Tag="TXT_KEY_POLYNESIAN_SCENARIO_CIV_IROQUOIS_DESC">
			<Text>Tahitin valtakunta</Text><Gender>masculine:nominatiivi</Gender><Plurality>1</Plurality>
		</Row><Row Tag="TXT_KEY_POLYNESIAN_SCENARIO_CIV_IROQUOIS_SHORT_DESC">
			<Text>Tahiti|Tahitiin|Tahitin</Text><Gender>masculine:nominatiivi|feminine:illatiivi|feminine:genetiivi</Gender><Plurality>1|1|1</Plurality>
		</Row><Row Tag="TXT_KEY_POLYNESIAN_SCENARIO_CIV_POLYNESIA_ADJECTIVE">
			<Text>Hivan</Text><Gender>masculine:genetiivi</Gender><Plurality>1</Plurality>
		</Row><Row Tag="TXT_KEY_POLYNESIAN_SCENARIO_CIV_POLYNESIA_DESC">
			<Text>Hivan valtakunta</Text><Gender>masculine:nominatiivi</Gender><Plurality>1</Plurality>
		</Row><Row Tag="TXT_KEY_POLYNESIAN_SCENARIO_CIV_POLYNESIA_SHORT_DESC">
			<Text>Hiva|Hivaan|Hivan</Text><Gender>masculine:nominatiivi|feminine:illatiivi|feminine:genetiivi</Gender><Plurality>1|1|1</Plurality>
		</Row><Row Tag="TXT_KEY_POLYNESIAN_SCENARIO_CIV_SAMOA">
			<Text>Samoa</Text><Gender>masculine:nominatiivi</Gender>
		<Plurality>1</Plurality></Row><Row Tag="TXT_KEY_POLYNESIAN_SCENARIO_CIV_TAHITI">
			<Text>Tahiti</Text><Gender>masculine:nominatiivi</Gender>
		<Plurality>1</Plurality></Row><Row Tag="TXT_KEY_POLYNESIAN_SCENARIO_CIV_TONGA">
			<Text>Tonga</Text><Gender>masculine:nominatiivi</Gender>
		<Plurality>1</Plurality></Row>
	</Language_fi_FI>
</GameData>