﻿<?xml version="1.0" encoding="utf-8"?>
<GameData>
	<Language_fi_FI>
		<Row Tag="TXT_KEY_RESOURCE_ALUMINUM">
			<Text>Alumiini|Alumiinia|Alumiinin|alumiini|alumiinia|alumiinin</Text>
			<Gender>masculine:nominatiivi|masculine:partitiivi|masculine:akkusatiivi|feminine:nominatiivi|feminine:partitiivi|feminine:akkusatiivi</Gender>
			<Plurality>1</Plurality>
		</Row>
		<Row Tag="TXT_KEY_RESOURCE_BANANAS">
			<Text>Banaani|Banaania|Banaanin|banaani|banaania|banaanin</Text>
			<Gender>masculine:nominatiivi|masculine:partitiivi|masculine:akkusatiivi|feminine:nominatiivi|feminine:partitiivi|feminine:akkusatiivi</Gender>
			<Plurality>1</Plurality>
		</Row>
		<Row Tag="TXT_KEY_RESOURCE_COAL">
			<Text>Hiili|Hiiltä|Hiilen|hiili|hiiltä|hiilen</Text>
			<Gender>masculine:nominatiivi|masculine:partitiivi|masculine:akkusatiivi|feminine:nominatiivi|feminine:partitiivi|feminine:akkusatiivi</Gender>
			<Plurality>1</Plurality>
		</Row>
		<Row Tag="TXT_KEY_RESOURCE_CATTLE">
			<Text>Nauta|Nautoja|Nautojen|nauta|nautoja|nautojen</Text>
			<Gender>masculine:nominatiivi|masculine:partitiivi|masculine:akkusatiivi|feminine:nominatiivi|feminine:partitiivi|feminine:akkusatiivi</Gender>
			<Plurality>1</Plurality>
		</Row>
		<Row Tag="TXT_KEY_RESOURCE_SHEEP">
			<Text>Lammas|Lampaita|Lampaiden|lammas|lampaita|lampaiden</Text>
			<Gender>masculine:nominatiivi|masculine:partitiivi|masculine:akkusatiivi|feminine:nominatiivi|feminine:partitiivi|feminine:akkusatiivi</Gender>
			<Plurality>1</Plurality>
		</Row>
		<Row Tag="TXT_KEY_RESOURCE_DEER">
			<Text>Peura|Peuroja|Peurojen|peura|peuroja|peurojen</Text>
			<Gender>masculine:nominatiivi|masculine:partitiivi|masculine:akkusatiivi|feminine:nominatiivi|feminine:partitiivi|feminine:akkusatiivi</Gender>
			<Plurality>1</Plurality>
		</Row>
		<Row Tag="TXT_KEY_RESOURCE_DYES">
			<Text>Väriaine|Väriaineita|Väriaineiden|väriaine|väriaineita|väriaineiden</Text>
			<Gender>masculine:nominatiivi|masculine:partitiivi|masculine:akkusatiivi|feminine:nominatiivi|feminine:partitiivi|feminine:akkusatiivi</Gender>
			<Plurality>1</Plurality>
		</Row>
		<Row Tag="TXT_KEY_RESOURCE_FISH">
			<Text>Kala|Kalaa|Kalan|kala|kalaa|kalan</Text>
			<Gender>masculine:nominatiivi|masculine:partitiivi|masculine:akkusatiivi|feminine:nominatiivi|feminine:partitiivi|feminine:akkusatiivi</Gender>
			<Plurality>1</Plurality>
		</Row>
		<Row Tag="TXT_KEY_RESOURCE_GEMS">
			<Text>Jalokivi|Jalokiviä|Jalokivien|jalokivi|jalokiviä|jalokivien</Text>
			<Gender>masculine:nominatiivi|masculine:partitiivi|masculine:akkusatiivi|feminine:nominatiivi|feminine:partitiivi|feminine:akkusatiivi</Gender>
			<Plurality>1</Plurality>
		</Row>
		<Row Tag="TXT_KEY_RESOURCE_GOLD">
			<Text>Kulta|Kultaa|Kullan|kulta|kultaa|kullan</Text>
			<Gender>masculine:nominatiivi|masculine:partitiivi|masculine:akkusatiivi|feminine:nominatiivi|feminine:partitiivi|feminine:akkusatiivi</Gender>
			<Plurality>1</Plurality>
		</Row>
		<Row Tag="TXT_KEY_RESOURCE_HORSES">
			<Text>Hevonen|Hevosia|Hevosien|hevonen|hevosia|hevosien</Text>
			<Gender>masculine:nominatiivi|masculine:partitiivi|masculine:akkusatiivi|feminine:nominatiivi|feminine:partitiivi|feminine:akkusatiivi</Gender>
			<Plurality>1</Plurality>
		</Row>
		<Row Tag="TXT_KEY_RESOURCE_IRON">
			<Text>Rauta|Rautaa|Raudan|rauta|rautaa|raudan</Text>
			<Gender>masculine:nominatiivi|masculine:partitiivi|masculine:akkusatiivi|feminine:nominatiivi|feminine:partitiivi|feminine:akkusatiivi</Gender>
			<Plurality>1</Plurality>
		</Row>
		<Row Tag="TXT_KEY_RESOURCE_IVORY">
			<Text>Norsunluu|Norsunluuta|Norsunluun|norsunluu|norsunluuta|norsunluun</Text>
			<Gender>masculine:nominatiivi|masculine:partitiivi|masculine:akkusatiivi|feminine:nominatiivi|feminine:partitiivi|feminine:akkusatiivi</Gender>
			<Plurality>1</Plurality>
		</Row>
		<Row Tag="TXT_KEY_RESOURCE_MARBLE">
			<Text>Marmori|Marmoria|Marmorin|marmori|marmoria|marmorin</Text>
			<Gender>masculine:nominatiivi|masculine:partitiivi|masculine:akkusatiivi|feminine:nominatiivi|feminine:partitiivi|feminine:akkusatiivi</Gender>
			<Plurality>1</Plurality>
		</Row>
		<Row Tag="TXT_KEY_RESOURCE_OIL">
			<Text>Öljy|Öljyä|Öljyn|öljy|öljyä|öljyn</Text>
			<Gender>masculine:nominatiivi|masculine:partitiivi|masculine:akkusatiivi|feminine:nominatiivi|feminine:partitiivi|feminine:akkusatiivi</Gender>
			<Plurality>1</Plurality>
		</Row>
		<Row Tag="TXT_KEY_RESOURCE_SILK">
			<Text>Silkki|Silkkiä|Silkin|silkki|silkkiä|silkin</Text>
			<Gender>masculine:nominatiivi|masculine:partitiivi|masculine:akkusatiivi|feminine:nominatiivi|feminine:partitiivi|feminine:akkusatiivi</Gender>
			<Plurality>1</Plurality>
		</Row>
		<Row Tag="TXT_KEY_RESOURCE_SPICES">
			<Text>Mauste|Mausteita|Mausteiden|mauste|mausteita|mausteiden</Text>
			<Gender>masculine:nominatiivi|masculine:partitiivi|masculine:akkusatiivi|feminine:nominatiivi|feminine:partitiivi|feminine:akkusatiivi</Gender>
			<Plurality>1</Plurality>
		</Row>
		<Row Tag="TXT_KEY_RESOURCE_SUGAR">
			<Text>Sokeri|Sokeria|Sokerin|sokeri|sokeria|sokerin</Text>
			<Gender>masculine:nominatiivi|masculine:partitiivi|masculine:akkusatiivi|feminine:nominatiivi|feminine:partitiivi|feminine:akkusatiivi</Gender>
			<Plurality>1</Plurality>
		</Row>
		<Row Tag="TXT_KEY_RESOURCE_URANIUM">
			<Text>Uraani|Uraania|Uraanin|uraani|uraania|uraanin</Text>
			<Gender>masculine:nominatiivi|masculine:partitiivi|masculine:akkusatiivi|feminine:nominatiivi|feminine:partitiivi|feminine:akkusatiivi</Gender>
			<Plurality>1</Plurality>
		</Row>
		<Row Tag="TXT_KEY_RESOURCE_WHALES">
			<Text>Valas|Valaita|Valaiden|valas|valaita|valaiden</Text>
			<Gender>masculine:nominatiivi|masculine:partitiivi|masculine:akkusatiivi|feminine:nominatiivi|feminine:partitiivi|feminine:akkusatiivi</Gender>
			<Plurality>1</Plurality>
		</Row>
		<Row Tag="TXT_KEY_RESOURCE_WHEAT">
			<Text>Vilja|Viljaa|Viljan|vilja|viljaa|viljan</Text>
			<Gender>masculine:nominatiivi|masculine:partitiivi|masculine:akkusatiivi|feminine:nominatiivi|feminine:partitiivi|feminine:akkusatiivi</Gender>
			<Plurality>1</Plurality>
		</Row>
		<Row Tag="TXT_KEY_RESOURCE_WINE">
			<Text>Viini|Viiniä|Viinin|viini|viiniä|viinin</Text>
			<Gender>masculine:nominatiivi|masculine:partitiivi|masculine:akkusatiivi|feminine:nominatiivi|feminine:partitiivi|feminine:akkusatiivi</Gender>
			<Plurality>1</Plurality>
		</Row>
		<Row Tag="TXT_KEY_RESOURCE_COTTON">
			<Text>Puuvilla|Puuvillaa|Puuvillan|puuvilla|puuvillaa|puuvillan</Text>
			<Gender>masculine:nominatiivi|masculine:partitiivi|masculine:akkusatiivi|feminine:nominatiivi|feminine:partitiivi|feminine:akkusatiivi</Gender>
			<Plurality>1</Plurality>
		</Row>
		<Row Tag="TXT_KEY_RESOURCE_FURS">
			<Text>Turkis|Turkiksia|Turkisten|turkis|turkiksia|turkisten</Text>
			<Gender>masculine:nominatiivi|masculine:partitiivi|masculine:akkusatiivi|feminine:nominatiivi|feminine:partitiivi|feminine:akkusatiivi</Gender>
			<Plurality>1</Plurality>
		</Row>
		<Row Tag="TXT_KEY_RESOURCE_INCENSE">
			<Text>Suitsuke|Suitsukkeita|Suitsukkeiden|suitsuke|suitsukkeita|suitsukkeiden</Text>
			<Gender>masculine:nominatiivi|masculine:partitiivi|masculine:akkusatiivi|feminine:nominatiivi|feminine:partitiivi|feminine:akkusatiivi</Gender>
			<Plurality>1</Plurality>
		</Row>
		<Row Tag="TXT_KEY_RESOURCE_PEARLS">
			<Text>Helmi|Helmiä|Helmien|helmi|helmiä|helmien</Text>
			<Gender>masculine:nominatiivi|masculine:partitiivi|masculine:akkusatiivi|feminine:nominatiivi|feminine:partitiivi|feminine:akkusatiivi</Gender>
			<Plurality>1</Plurality>
		</Row>
		<Row Tag="TXT_KEY_RESOURCE_SILVER">
			<Text>Hopea|Hopeaa|Hopean|hopea|hopeaa|hopean</Text>
			<Gender>masculine:nominatiivi|masculine:partitiivi|masculine:akkusatiivi|feminine:nominatiivi|feminine:partitiivi|feminine:akkusatiivi</Gender>
			<Plurality>1</Plurality>
		</Row>
		<Row Tag="TXT_KEY_RESOURCE_STONE">
			<Text>Kivi|Kiveä|Kiven|kivi|kiveä|kiven</Text>
			<Gender>masculine:nominatiivi|masculine:partitiivi|masculine:akkusatiivi|feminine:nominatiivi|feminine:partitiivi|feminine:akkusatiivi</Gender>
			<Plurality>1</Plurality>
		</Row>
		<Row Tag="TXT_KEY_RESOURCE_CITRUS">
			<Text>Sitrus|Sitruksia|Sitrusten|sitrus|sitruksia|sitrusten</Text>
			<Gender>masculine:nominatiivi|masculine:partitiivi|masculine:akkusatiivi|feminine:nominatiivi|feminine:partitiivi|feminine:akkusatiivi</Gender>
			<Plurality>1</Plurality>
		</Row>
		<Row Tag="TXT_KEY_RESOURCE_COPPER">
			<Text>Kupari|Kuparia|Kuparin|kupari|kuparia|kuparin</Text>
			<Gender>masculine:nominatiivi|masculine:partitiivi|masculine:akkusatiivi|feminine:nominatiivi|feminine:partitiivi|feminine:akkusatiivi</Gender>
			<Plurality>1</Plurality>
		</Row>
		<Row Tag="TXT_KEY_RESOURCE_CRAB">
			<Text>Rapu|Rapuja|Rapujen|rapu|rapuja|rapujen</Text>
			<Gender>masculine:nominatiivi|masculine:partitiivi|masculine:akkusatiivi|feminine:nominatiivi|feminine:partitiivi|feminine:akkusatiivi</Gender>
			<Plurality>1</Plurality>
		</Row>
		<Row Tag="TXT_KEY_RESOURCE_JEWELRY">
			<Text>Koru|Koruja|Korujen|koru|koruja|korujen</Text>
			<Gender>masculine:nominatiivi|masculine:partitiivi|masculine:akkusatiivi|feminine:nominatiivi|feminine:partitiivi|feminine:akkusatiivi</Gender>
			<Plurality>1</Plurality>
		</Row>
		<Row Tag="TXT_KEY_RESOURCE_PORCELAIN">
			<Text>Posliini|Posliinia|Posliinin|posliini|posliinia|posliinin</Text>
			<Gender>masculine:nominatiivi|masculine:partitiivi|masculine:akkusatiivi|feminine:nominatiivi|feminine:partitiivi|feminine:akkusatiivi</Gender>
			<Plurality>1</Plurality>
		</Row>
		<Row Tag="TXT_KEY_RESOURCE_SALT">
			<Text>Suola|Suolaa|Suolan|suola|suolaa|suolan</Text>
			<Gender>masculine:nominatiivi|masculine:partitiivi|masculine:akkusatiivi|feminine:nominatiivi|feminine:partitiivi|feminine:akkusatiivi</Gender>
			<Plurality>1</Plurality>
		</Row>
		<Row Tag="TXT_KEY_RESOURCE_TRUFFLES">
			<Text>Tryffeli|Tryffeleitä|Tryffeleiden|tryffeli|tryffeleitä|tryffeleiden</Text>
			<Gender>masculine:nominatiivi|masculine:partitiivi|masculine:akkusatiivi|feminine:nominatiivi|feminine:partitiivi|feminine:akkusatiivi</Gender>
			<Plurality>1</Plurality>
		</Row><Row Tag="TXT_KEY_RESOURCE_ARTIFACTS">
			<Text>Muinaisjäänteet|Muinaisjäänteitä|Muinaisjäänteiden|muinaisjäänteet|muinaisjäänteitä|muinaisjäänteiden</Text><Gender>masculine:nominatiivi|masculine:partitiivi|masculine:akkusatiivi|feminine:nominatiivi|feminine:partitiivi|feminine:akkusatiivi</Gender>
		<Plurality>2</Plurality></Row><Row Tag="TXT_KEY_RESOURCE_CLOVES">
			<Text>Mausteneilikka|Mausteneilikkaa|Mausteneilikan|mausteneilikka|mausteneilikkaa|mausteneilikan</Text><Gender>masculine:nominatiivi|masculine:partitiivi|masculine:akkusatiivi|feminine:nominatiivi|feminine:partitiivi|feminine:akkusatiivi</Gender>
		<Plurality>1</Plurality></Row><Row Tag="TXT_KEY_RESOURCE_HIDDEN_ARTIFACTS">
			<Text>Kätketyt muinaisjäänteet|Kätkettyjä muinaisjäänteitä|Kätkettyjen muinaisjäänteiden|kätketyt muinaisjäänteet|kätkettyjä muinaisjäänteitä|kätkettyjen muinaisjäänteiden</Text><Gender>masculine:nominatiivi|masculine:partitiivi|masculine:akkusatiivi|feminine:nominatiivi|feminine:partitiivi|feminine:akkusatiivi</Gender>
		<Plurality>2</Plurality></Row><Row Tag="TXT_KEY_RESOURCE_NUTMEG">
			<Text>Muskotti|Muskottia|Muskotin|muskotti|muskottia|muskotin</Text><Gender>masculine:nominatiivi|masculine:partitiivi|masculine:akkusatiivi|feminine:nominatiivi|feminine:partitiivi|feminine:akkusatiivi</Gender>
		<Plurality>1</Plurality></Row><Row Tag="TXT_KEY_RESOURCE_PEPPER">
			<Text>Pippuri|Pippuria|Pippurin|pippuri|pippuria|pippurin</Text><Gender>masculine:nominatiivi|masculine:partitiivi|masculine:akkusatiivi|feminine:nominatiivi|feminine:partitiivi|feminine:akkusatiivi</Gender>
		<Plurality>1</Plurality></Row>
		<!-- Tuhkataivaitten imperiumit -->
		<Row Tag="TXT_KEY_STEAMPUNK_SCENARIO_RESOURCE_ALUMINUM">
			<Text>Eettiini|Eettiiniä|Eettiinin|eettiini|eettiiniä|eettiinin</Text>
			<Gender>masculine:nominatiivi|masculine:partitiivi|masculine:akkusatiivi|feminine:nominatiivi|feminine:partitiivi|feminine:akkusatiivi</Gender>
			<Plurality>1</Plurality>
		</Row>
		<Row Tag="TXT_KEY_STEAMPUNK_SCENARIO_RESOURCE_URANIUM">
			<Text>Lypööri|Lypööriä|Lypöörin|lypööri|lypööriä|lypöörin</Text>
			<Gender>masculine:nominatiivi|masculine:partitiivi|masculine:akkusatiivi|feminine:nominatiivi|feminine:partitiivi|feminine:akkusatiivi</Gender>
			<Plurality>1</Plurality>
		</Row>
	</Language_fi_FI>
</GameData>