<?xml version="1.0" encoding="utf-8"?>
<GameData>
	<Language_fi_FI>
	
    <Row Tag="TXT_KEY_TECH_ACOUSTICS_HELP">
			<Text>Mahdollistaa [COLOR_POSITIVE_TEXT]oopperatalon[ENDCOLOR] rakentamisen, joka antaa paljon [ICON_CULTURE] kulttuuria.</Text>
		</Row><Row Tag="TXT_KEY_TECH_ADVANCED_BALLISTICS_HELP">
			<Text>Mahdollistaa [COLOR_POSITIVE_TEXT]ydinohjuksen[ENDCOLOR] rakentamisen, a frightening weapon that requires [ICON_RES_URANIUM] Uranium, and is capable of destroying units and cities. Also allows you to build the [COLOR_POSITIVE_TEXT]Guided Missile[ENDCOLOR], an inexpensive single-use Unit that can damage enemy Units, and the [COLOR_POSITIVE_TEXT]SS Booster[ENDCOLOR], joka on yksi avaruussukkulan vaatimista osista tiellä [COLOR_POSITIVE_TEXT]tiedevoittoon[ENDCOLOR].</Text>
		</Row><Row Tag="TXT_KEY_TECH_AGRICULTURE_HELP">
			<Text>Työläiset voivat rakentaa [COLOR_POSITIVE_TEXT]maatiloja[ENDCOLOR], jotka ovat välttämättömiä [ICON_FOOD] [COLOR_POSITIVE_TEXT]ruuan[ENDCOLOR] tuotannon kasvattamiseksi.</Text>
		</Row><Row Tag="TXT_KEY_TECH_ANIMAL_HUSBANDRY_HELP">
			<Text>Mahdollistaa [COLOR_POSITIVE_TEXT]karavaanin[ENDCOLOR], jolla on mahdollista luoda kauppareittejä. Työläiset voivat myös rakentaa [COLOR_POSITIVE_TEXT]laitumia[ENDCOLOR] [ICON_RES_COW] [COLOR_POSITIVE_TEXT]naudoille[ENDCOLOR] ja [ICON_RES_SHEEP] [COLOR_POSITIVE_TEXT]lampaille[ENDCOLOR]. Paljastaa mysö [ICON_RES_HORSE] hevoset, joita voi käyttää voimakkaiden ratsuyksiköiden kouluttamiseen.</Text>
		</Row><Row Tag="TXT_KEY_TECH_ARCHAEOLOGY_HELP">
			<Text>Mahdollistaa [COLOR_POSITIVE_TEXT]museon[ENDCOLOR] rakentamisen, joka antaa kaupunkien [ICON_CULTURE] kulttuurille aikamoisen sysäyksen. Antaa myös muita [ICON_CULTURE] kulttuuriliitännäisiä etuja.</Text>
		</Row><Row Tag="TXT_KEY_TECH_ARCHERY_HELP">
			<Text>Mahdollistaa [COLOR_POSITIVE_TEXT]jousimiehen[ENDCOLOR] kouluttamisen, joka on pelin ensimmäinen ampuva yksikkö.</Text>
		</Row><Row Tag="TXT_KEY_TECH_ARCHITECTURE_HELP">
			<Text>Mahdollistaa useita ihmeitä, jotka kykenevät pönkittämään [ICON_CULTURE] kulttuuria, [ICON_RESEARCH] tiedettä ja [ICON_HAPPINESS_1] onnellisuutta.</Text>
		</Row><Row Tag="TXT_KEY_TECH_ASTRONOMY_HELP">
			<Text>Mahdollistaa [COLOR_POSITIVE_TEXT]karavelin[ENDCOLOR] rakentamisen, joka on ensimmäinen maailman merien tutkimiseen soveltuva yksikkö, sekä [COLOR_POSITIVE_TEXT]observatorion[ENDCOLOR], joka edistää huikeasti [ICON_RESEARCH] tiedettä. Uitossa olevat yksiköt kykenevät ylittämään meriä.</Text>
		</Row><Row Tag="TXT_KEY_TECH_ATOMIC_THEORY_HELP">
			<Text>Paljastaa [ICON_RES_URANIUM] [COLOR_POSITIVE_TEXT]uraanin[ENDCOLOR] ja antaa mahdollisuuden aloittaa [COLOR_POSITIVE_TEXT]Manhattan-projektin[ENDCOLOR], jonka valmistuttua ydinaseiden valmistaminen tulee mahdolliseksi.</Text>
		</Row><Row Tag="TXT_KEY_TECH_BALLISTICS_HELP">
			<Text>Mahdollistaa [COLOR_POSITIVE_TEXT]ilmatorjuntatykin[ENDCOLOR] rakentamisen, joka on hyödyllinen viholliskoneiden pudottamiseen, sekä [COLOR_POSITIVE_TEXT]konekiväärin[ENDCOLOR], joka on tehokas viereiseen ruutuun tulittava yksikkö.</Text>
		</Row><Row Tag="TXT_KEY_TECH_BANKING_HELP">
			<Text>Mahdollistaa [COLOR_POSITIVE_TEXT]pankin[ENDCOLOR] rakentamisen, joka kasvattaa kaupungin [ICON_GOLD] kullan tuottoa, sekä [COLOR_POSITIVE_TEXT]nimismiehen[ENDCOLOR], joka heikentää vihollisvakoojien kykyä varastaa tekniikoitamme.</Text>
		</Row><Row Tag="TXT_KEY_TECH_BIOLOGY_HELP">
			<Text>Paljastaa [ICON_RES_OIL] [COLOR_POSITIVE_TEXT]öljyn[ENDCOLOR], joka on tärkeä loppupelin luonnonvara. Mahdollistaa myös [COLOR_POSITIVE_TEXT]sairaalan[ENDCOLOR] rakentamisen, joka nopeuttaa kaupunkien [ICON_FOOD] kasvua.</Text>
		</Row><Row Tag="TXT_KEY_TECH_BRONZE_WORKING_HELP">
			<Text>Paljastaa [ICON_RES_IRON] [COLOR_POSITIVE_TEXT]raudan[ENDCOLOR] ja antaa työläisille kyvyn [COLOR_POSITIVE_TEXT]raivata viidakon[ENDCOLOR], jolloin ruutuun voi rakentaa rakenteita. Mahdollistaa myös [COLOR_POSITIVE_TEXT]keihäsmiehen[ENDCOLOR] kouluttamisen, joka on vahva ratsuyksiköitä vastaan.</Text>
		</Row><Row Tag="TXT_KEY_TECH_CALENDAR_HELP">
			<Text>Allows Workers to construct [COLOR_POSITIVE_TEXT]Plantations[ENDCOLOR] on many Luxury Resources, which are extremely important for [ICON_FOOD] growth and [ICON_HAPPINESS_1] Happiness. (Note: Many resources require you to have chopped a forest or jungle first, which requires other Technologies.)</Text>
		</Row><Row Tag="TXT_KEY_TECH_CHEMISTRY_HELP">
			<Text>Mahdollistaa [COLOR_POSITIVE_TEXT]kanuunan[ENDCOLOR] rakentamisen, joka on renessanssin piiritysyksikkö.</Text>
		</Row><Row Tag="TXT_KEY_TECH_CHIVALRY_HELP">
			<Text>Mahdollistaa [COLOR_POSITIVE_TEXT]ritarin[ENDCOLOR] kouluttamisen, joka on nopea ja tehokas ratsuyksikkö. Mahdollistaa myös [COLOR_POSITIVE_TEXT]linnan[ENDCOLOR] rakentamisen, joka kohentaa kaupunkien [ICON_STRENGTH] puolustusta. Puolustusliitot tulevat myös mahdolliseksi.</Text>
		</Row><Row Tag="TXT_KEY_TECH_CIVIL_SERVICE_HELP">
			<Text>Jokien ja järvien rannoilla olevat [COLOR_POSITIVE_TEXT]maatilat[ENDCOLOR] tuottavat +1 [ICON_FOOD] ruokaa, joka on erittäin hyödyllistä. Mahdollistaa myös [COLOR_POSITIVE_TEXT]piikkimiehen[ENDCOLOR] kouluttamisen, joka on vahva yksikkö ratsumiehiä ja ritareita vastaan.</Text>
		</Row><Row Tag="TXT_KEY_TECH_COMBINED_ARMS_HELP">
			<Text>Mahdollistaa [COLOR_POSITIVE_TEXT]hyökkäysvaunun[ENDCOLOR] rakentamisen, joka on nopea ja vahva panssaroitu yksikkö, sekä [COLOR_POSITIVE_TEXT]panssarintorjuntatykin[ENDCOLOR], joka on erikoistunut vihollisen panssarivaunujen tuhoamiseen.</Text>
		</Row><Row Tag="TXT_KEY_TECH_COMBUSTION_HELP">
			<Text>Mahdollistaa [COLOR_POSITIVE_TEXT]maalaivan[ENDCOLOR] rakentamisen, joka on erittäin vahva panssaroitu yksikkö. Se kykenee liikkumaan hyökkäämisen jälkeen. Mahdollistaa myös [COLOR_POSITIVE_TEXT]hävittäjän[ENDCOLOR] valmistamisen, joka on nopea sukellusveneiden paikantamiseen erikoistunut laiva.</Text>
		</Row><Row Tag="TXT_KEY_TECH_COMPASS_HELP">
			<Text>Mahdollistaa [COLOR_POSITIVE_TEXT]galeassin[ENDCOLOR] rakentamisen, joka on ensimmäinen etähyökkäävä meriyksikkö. Mahdollistaa myös [COLOR_POSITIVE_TEXT]sataman[ENDCOLOR] rakentamisen, joka luo kaupunkiyhteyden pääkaupunkiin meren ylitse tuottaen [ICON_GOLD] kultaa. Tämän lisäksi kalastajien [ICON_GOLD] kullan tuotto kasvaa.</Text>
		</Row><Row Tag="TXT_KEY_TECH_COMPUTERS_HELP">
			<Text>Mahdollistaa [COLOR_POSITIVE_TEXT]taistelukopterin[ENDCOLOR] valmistamisen, joka on erikoistunut vihollispanssarien tuhoamiseen.</Text>
		</Row><Row Tag="TXT_KEY_TECH_CONSTRUCTION_HELP">
			<Text>Mahdollistaa [COLOR_POSITIVE_TEXT]vastakaarijousen[ENDCOLOR] rakentamisen, a powerful ranged unit, and the [COLOR_POSITIVE_TEXT]Colosseum[ENDCOLOR], which improves [ICON_HAPPINESS_1] Happiness in the empire, which in turn helps your city growth and makes [ICON_GOLDEN_AGE] Golden Ages more likely. Also allows Workers to construct [COLOR_POSITIVE_TEXT]Lumbermills[ENDCOLOR] on forested map tiles, increasing their [ICON_PRODUCTION] Production.</Text>
		</Row><Row Tag="TXT_KEY_TECH_CURRENCY_HELP">
			<Text>Allows you to build various [ICON_GOLD] Gold-boosting buildings like the [COLOR_POSITIVE_TEXT]Mint[ENDCOLOR] and [COLOR_POSITIVE_TEXT]Market[ENDCOLOR].</Text>
		</Row><Row Tag="TXT_KEY_TECH_DRAMA_HELP">
			<Text>Mahdollistaa [COLOR_POSITIVE_TEXT]amfiteatterin[ENDCOLOR] rakentamisen, which provides a boost to [ICON_CULTURE] Culture.</Text>
		</Row><Row Tag="TXT_KEY_TECH_DYNAMITE_HELP">
			<Text>Mahdollistaa [COLOR_POSITIVE_TEXT]tykin[ENDCOLOR] valmistamisen, a deadly siege unit capable of shooting further than any previous ranged unit.</Text>
		</Row><Row Tag="TXT_KEY_TECH_ECOLOGY_HELP">
			<Text>Mahdollistaa [COLOR_POSITIVE_TEXT]aurinkovoimalan[ENDCOLOR] rakentamisen, a building which may only be built in Cities on or next to Desert, and increases [ICON_PRODUCTION] Production. Also allows you to build the [COLOR_POSITIVE_TEXT]Recycling Center[ENDCOLOR], which provides bonus [ICON_RES_ALUMINUM] Aluminum.</Text>
		</Row><Row Tag="TXT_KEY_TECH_ECONOMICS_HELP">
			<Text>Mahdollistaa [COLOR_POSITIVE_TEXT]tuulimyllyn[ENDCOLOR] rakentamisen in cities built on flat land, increasing [ICON_PRODUCTION] Production.</Text>
		</Row><Row Tag="TXT_KEY_TECH_EDUCATION_HELP">
			<Text>Mahdollistaa [COLOR_POSITIVE_TEXT]yliopiston[ENDCOLOR] rakentamisen, which boosts [ICON_RESEARCH] Science. Also provides new [ICON_RESEARCH] Science-related abilities, like the [COLOR_POSITIVE_TEXT]Research Agreement[ENDCOLOR], which is a special deal that may be made with other players in the game.</Text>
		</Row><Row Tag="TXT_KEY_TECH_ELECTRICITY_HELP">
			<Text>Paljastaa [ICON_RES_ALUMINUM] Aluminum, a resource used for many late-game units. Also allows Cities to build the [COLOR_POSITIVE_TEXT]Stock Exchange[ENDCOLOR], a building which boosts [ICON_GOLD] Gold. Also allows you to build the [COLOR_POSITIVE_TEXT]Hydro Plant[ENDCOLOR], which increases [ICON_PRODUCTION] Production from tiles next to a River, and the [COLOR_POSITIVE_TEXT]Police Station[ENDCOLOR], which hinders a spies' ability to steal your technology.</Text>
		</Row><Row Tag="TXT_KEY_TECH_ELECTRONICS_HELP">
			<Text>Mahdollistaa [COLOR_POSITIVE_TEXT]lentotukialuksen[ENDCOLOR] valmistamisen, a ship capable of carrying aircraft, and the [COLOR_POSITIVE_TEXT]Battleship[ENDCOLOR], a powerful late-game ranged Naval Unit.</Text>
		</Row><Row Tag="TXT_KEY_TECH_ENGINEERING_HELP">
			<Text>Allows your cities to build [COLOR_POSITIVE_TEXT]Aqueducts[ENDCOLOR], increasing the [ICON_FOOD] Food that is carried over as your city grows. Also allows Workers to construct [COLOR_POSITIVE_TEXT]Forts[ENDCOLOR] on map tiles, increasing the defense of units stationed there. Additionally, bridges are automatically added to roads which cross rivers, allowing units to pass over them without slowing down.</Text>
		</Row><Row Tag="TXT_KEY_TECH_EXPLORATION_HELP">
			<Text>Mahdollistaa [COLOR_POSITIVE_TEXT]karavelin[ENDCOLOR] rakentamisen, an expensive naval unit that represents a major expedition of New World exploration. Build these and sail them to the western map edge to gain VP.</Text>
		</Row><Row Tag="TXT_KEY_TECH_FERTILIZER_HELP">
			<Text>Increases the [ICON_FOOD] Food from Farmed tiles without Fresh Water, providing a massive boost to growth.</Text>
		</Row><Row Tag="TXT_KEY_TECH_FLIGHT_HELP">
			<Text>Mahdollistaa [COLOR_POSITIVE_TEXT]kolmitason[ENDCOLOR] valmistamisen, an Air Unit designed to gain control of the skies, and the [COLOR_POSITIVE_TEXT]Great War Bomber[ENDCOLOR], which can devastate Land Units and Cities.</Text>
		</Row><Row Tag="TXT_KEY_TECH_GLOBALIZATION_HELP">
			<Text>With Globalization, each Spy you send to another Civilization as a [ICON_DIPLOMAT] Diplomat will increase the number of Delegates you control in the World Congress, bringing you closer to [COLOR_POSITIVE_TEXT]Diplomatic Victory[ENDCOLOR].</Text>
		</Row><Row Tag="TXT_KEY_TECH_GUILDS_HELP">
			<Text>Allows Workers to construct the [COLOR_POSITIVE_TEXT]Trading Post[ENDCOLOR], which increases the [ICON_GOLD] Gold output of map tiles. Also allows your cities to convert [ICON_PRODUCTION] Production into [ICON_GOLD] Gold instead of working on units or buildings.</Text>
		</Row><Row Tag="TXT_KEY_TECH_GUNPOWDER_HELP">
			<Text>Mahdollistaa [COLOR_POSITIVE_TEXT]musketöörin[ENDCOLOR] kouluttamisen, the first unit in the game which wields firearms.</Text>
		</Row><Row Tag="TXT_KEY_TECH_HORSEBACK_RIDING_HELP">
			<Text>Mahdollistaa [COLOR_POSITIVE_TEXT]hevosmiehen[ENDCOLOR] kouluttamisen, a fast and powerful mounted unit.</Text>
		</Row><Row Tag="TXT_KEY_TECH_HUMANISM_DESC">
			<Text>Renaissance Humanism was a cultural and educational reform originating in 14th and 15th Century Europe. Humanists sought to encourage the study of subjects that are now labeled as "humanities:" philosophy, history, language and religion. Foremost of the humanists was Desiderius Erasmus, whose Latin and Greek translations of the New Testament influenced the development of the Protestant Reformation.</Text>
		</Row><Row Tag="TXT_KEY_TECH_INDUSTRIALIZATION_HELP">
			<Text>Paljastaa [ICON_RES_COAL] [COLOR_POSITIVE_TEXT]Coal[ENDCOLOR] and allows you to build the [COLOR_POSITIVE_TEXT]Factory[ENDCOLOR], a building which greatly improves the [ICON_PRODUCTION] Production of a city.</Text>
		</Row><Row Tag="TXT_KEY_TECH_INTERNET_HELP">
			<Text>The Internet automatically doubles the [ICON_TOURISM] Tourism output of all your cities, helping you advance toward a [COLOR_POSITIVE_TEXT]Cultural Victory[ENDCOLOR].</Text>
		</Row><Row Tag="TXT_KEY_TECH_IRON_WORKING_HELP">
			<Text>Mahdollistaa [COLOR_POSITIVE_TEXT]miekkamiehen[ENDCOLOR] kouluttamisen, an extremely powerful melee unit.</Text>
		</Row><Row Tag="TXT_KEY_TECH_LASERS_HELP">
			<Text>Mahdollistaa [COLOR_POSITIVE_TEXT]panssarivaunun[ENDCOLOR] valmistamisen, an incredibly fast and powerful Armored Unit, and the [COLOR_POSITIVE_TEXT]Jet Fighter[ENDCOLOR], the most powerful fighter Unit in the game.</Text>
		</Row><Row Tag="TXT_KEY_TECH_MACHINERY_HELP">
			<Text>Mahdollistaa [COLOR_POSITIVE_TEXT]varsijousen[ENDCOLOR] kouluttamisen, a strong medieval ranged unit. Also increases the movement rate of units traveling along [COLOR_POSITIVE_TEXT]Roads[ENDCOLOR].</Text>
		</Row><Row Tag="TXT_KEY_TECH_MASONRY_HELP">
			<Text>Mahdollistaa [COLOR_POSITIVE_TEXT]muurien[ENDCOLOR] rakentamisen, which greatly improve the defense of cities from attack. Also allows Workers to construct Quarries on [ICON_RES_MARBLE] [COLOR_POSITIVE_TEXT]Marble[ENDCOLOR] and [COLOR_POSITIVE_TEXT]Clear Marshes[ENDCOLOR], allowing other improvements to be constructed.</Text>
		</Row><Row Tag="TXT_KEY_TECH_MASS_MEDIA_HELP">
			<Text>Mahdollistaa [COLOR_POSITIVE_TEXT]stadionin[ENDCOLOR] rakentamisen, which improves [ICON_HAPPINESS_1] Happiness in the empire, which in turn helps your city growth and makes [ICON_GOLDEN_AGE] Golden Ages more likely. Also allows you to build the [COLOR_POSITIVE_TEXT]Sydney Opera House[ENDCOLOR], a wonder very useful when pursuing a [COLOR_POSITIVE_TEXT]Cultural Victory[ENDCOLOR].</Text>
		</Row><Row Tag="TXT_KEY_TECH_MATHEMATICS_HELP">
			<Text>Mahdollistaa [COLOR_POSITIVE_TEXT]katapultin[ENDCOLOR] rakentamisen, a powerful siege weapon. Also allows you to build the [COLOR_POSITIVE_TEXT]Courthouse[ENDCOLOR], a building which reduces the [ICON_HAPPINESS_4] Unhappiness from [ICON_OCCUPIED] Occupied Cities.</Text>
		</Row><Row Tag="TXT_KEY_TECH_METALLURGY_HELP">
			<Text>Mahdollistaa [COLOR_POSITIVE_TEXT]ratsukeihäsmiehen[ENDCOLOR] kouluttamisen, a fast mounted unit designed to hunt down other mounted units, and the [COLOR_POSITIVE_TEXT]Arsenal[ENDCOLOR], which boosts City defense.</Text>
		</Row><Row Tag="TXT_KEY_TECH_METAL_CASTING_HELP">
			<Text>Mahdollistaa [COLOR_POSITIVE_TEXT]työpajan[ENDCOLOR] rakentamisen, which speeds up the production of buildings, and the [COLOR_POSITIVE_TEXT]Forge[ENDCOLOR], which speeds the production of units.</Text>
		</Row><Row Tag="TXT_KEY_TECH_MILITARY_SCIENCE_HELP">
			<Text>Mahdollistaa [COLOR_POSITIVE_TEXT]kivääriratsun[ENDCOLOR] kouluttamisen, a mounted unit which can hold its own against strong infantry units, and the [COLOR_POSITIVE_TEXT]Military Academy[ENDCOLOR], which gives all your Units an experience boost.</Text>
		</Row><Row Tag="TXT_KEY_TECH_MINING_HELP">
			<Text>Allows Workers to construct [COLOR_POSITIVE_TEXT]Mines[ENDCOLOR] to increase the [ICON_PRODUCTION] Production of map tiles, and [COLOR_POSITIVE_TEXT]Chop Forests[ENDCOLOR], allowing the construction of other improvements.</Text>
		</Row><Row Tag="TXT_KEY_TECH_MOBILE_TACTICS_HELP">
			<Text>Mahdollistaa [COLOR_POSITIVE_TEXT]rynnäkkövaunun[ENDCOLOR] valmistamisen, a fast and versatile late game Unit that doesn't require any resources.</Text>
		</Row><Row Tag="TXT_KEY_TECH_NANOTECHNOLOGY_HELP">
			<Text>Mahdollistaa [COLOR_POSITIVE_TEXT]XCOM-ryhmän[ENDCOLOR] kouluttamisen, and the [COLOR_POSITIVE_TEXT]SS Stasis Chamber[ENDCOLOR], joka on yksi avaruussukkulan vaatimista osista tiellä [COLOR_POSITIVE_TEXT]tiedevoittoon[ENDCOLOR].</Text>
		</Row><Row Tag="TXT_KEY_TECH_NAVIGATION_HELP">
			<Text>Mahdollistaa [COLOR_POSITIVE_TEXT]fregatin[ENDCOLOR] rakentamisen, a powerful Renaissance-era warship, and the [COLOR_POSITIVE_TEXT]Privateer[ENDCOLOR], a unique Naval Unit that can earn [ICON_GOLD] Gold from attacking coastal cities as well as capture enemy ships. Also allows coastal cities to build the [COLOR_POSITIVE_TEXT]Seaport[ENDCOLOR], which provides [ICON_PRODUCTION] Production from sea resources.</Text>
		</Row><Row Tag="TXT_KEY_TECH_NUCLEAR_FISSION_HELP">
			<Text>Mahdollistaa [COLOR_POSITIVE_TEXT]bazookan[ENDCOLOR] valmistamisen, the most powerful ranged Unit and [COLOR_POSITIVE_TEXT]Atomic Bombs[ENDCOLOR], the first nuclear weapon in the game (note: you must first have completed the Manhattan Project and have [ICON_RES_URANIUM] Uranium available). Also allows you to build the [COLOR_POSITIVE_TEXT]Nuclear Plant[ENDCOLOR], a building which requires [ICON_RES_URANIUM] Uranium and increases the [ICON_PRODUCTION] Production of a City.</Text>
		</Row><Row Tag="TXT_KEY_TECH_NUCLEAR_FUSION_HELP">
			<Text>Mahdollistaa [COLOR_POSITIVE_TEXT]kuolonrobotin[ENDCOLOR] valmistamisen, the strongest unit in the game.</Text>
		</Row><Row Tag="TXT_KEY_TECH_OPTICS_HELP">
			<Text>Allows land units to [COLOR_POSITIVE_TEXT]Embark[ENDCOLOR] onto water tiles and travel the ocean. Also allows you to build the [COLOR_POSITIVE_TEXT]Lighthouse[ENDCOLOR] in coastal cities, improving [ICON_FOOD] Food output from water tiles, speeding their growth.</Text>
		</Row><Row Tag="TXT_KEY_TECH_PARTICLE_PHYSICS_HELP">
			<Text>Mahdollistaa [COLOR_POSITIVE_TEXT]sukkulan moottorin[ENDCOLOR] rakentamisen, joka on yksi avaruussukkulan vaatimista osista tiellä [COLOR_POSITIVE_TEXT]tiedevoittoon[ENDCOLOR].</Text>
		</Row><Row Tag="TXT_KEY_TECH_PENICILIN_HELP">
			<Text>Mahdollistaa [COLOR_POSITIVE_TEXT]merijalkaväen[ENDCOLOR] kouluttamisen, a Unit that specializes in amphibious assaults. Also allows you to build the [COLOR_POSITIVE_TEXT]Medical Lab[ENDCOLOR], a building which speeds the [ICON_FOOD] growth of your Cities.</Text>
		</Row><Row Tag="TXT_KEY_TECH_PHILOSOPHY_HELP">
			<Text>Mahdollistaa [COLOR_POSITIVE_TEXT]temppelin[ENDCOLOR] rakentamisen, which increases the [ICON_PEACE] Faith output of a city.</Text>
		</Row><Row Tag="TXT_KEY_TECH_PHYSICS_HELP">
			<Text>Mahdollistaa [COLOR_POSITIVE_TEXT]vastapainokatapultin[ENDCOLOR] rakentamisen, a very useful siege unit specialized in weakening enemy cities.</Text>
		</Row><Row Tag="TXT_KEY_TECH_PLASTICS_HELP">
			<Text>Mahdollistaa [COLOR_POSITIVE_TEXT]tutkimuslaboratorion[ENDCOLOR] rakentamisen, a building which improves [ICON_RESEARCH] Science in a City, and [COLOR_POSITIVE_TEXT]Infantry[ENDCOLOR], a basic late-game Land Unit.</Text>
		</Row><Row Tag="TXT_KEY_TECH_POTTERY_HELP">
			<Text>Mahdollistaa [COLOR_POSITIVE_TEXT]aitan[ENDCOLOR] rakentamisen kaupunkeihimme, which provides [ICON_FOOD] Food, helping your cities grow larger. Also allows you to build the [COLOR_POSITIVE_TEXT]Shrine[ENDCOLOR], the first [ICON_PEACE] Faith producing building in the game.</Text>
		</Row><Row Tag="TXT_KEY_TECH_PRINTING_PRESS_HELP">
			<Text>Mahdollistaa [COLOR_POSITIVE_TEXT]eläintarhan[ENDCOLOR] rakentamisen, a building which increases [ICON_HAPPINESS_1] Happiness in the empire and makes [ICON_GOLDEN_AGE] Golden Ages more likely. Also unlocks the ability to found the World Congress.</Text>
		</Row><Row Tag="TXT_KEY_TECH_RADAR_HELP">
			<Text>Mahdollistaa [COLOR_POSITIVE_TEXT]pommikoneen[ENDCOLOR] rakentamisen, a deadly air Unit capable of delivering death from afar, and the [COLOR_POSITIVE_TEXT]Fighter[ENDCOLOR], an air Unit designed to wrest control of the skies from enemy aircraft. Also allows you to build the [COLOR_POSITIVE_TEXT]Paratrooper[ENDCOLOR], a late-game infantry unit capable of paradropping behind enemy lines.</Text>
		</Row><Row Tag="TXT_KEY_TECH_RADIO_HELP">
			<Text>Mahdollistaa [COLOR_POSITIVE_TEXT]lähetystornin[ENDCOLOR] rakentamisen, a building which greatly increases the [ICON_CULTURE] Cultural output of a city.</Text>
		</Row><Row Tag="TXT_KEY_TECH_RAILROAD_HELP">
			<Text>Allows Workers to build [COLOR_POSITIVE_TEXT]Railroads[ENDCOLOR] on map tiles. Connecting cities with them will increase [ICON_PRODUCTION] Production, and units traveling along them will move more quickly.</Text>
		</Row><Row Tag="TXT_KEY_TECH_REFRIGERATION_HELP">
			<Text>Mahdollistaa [COLOR_POSITIVE_TEXT]sukellusveneen[ENDCOLOR] rakentamisen, a ship invisible to all units except Destroyers and other Submarines, and [COLOR_POSITIVE_TEXT]Stadiums[ENDCOLOR], which increases [ICON_HAPPINESS_1] Happiness within the City. Also allows Work Boats to construct an Offshore Platform.</Text>
		</Row><Row Tag="TXT_KEY_TECH_REPLACEABLE_PARTS_HELP">
			<Text>Allows you to build the basic land unit [COLOR_POSITIVE_TEXT]Great War Infantry[ENDCOLOR], and the [COLOR_POSITIVE_TEXT]Military Base[ENDCOLOR], which boosts City defense.</Text>
		</Row><Row Tag="TXT_KEY_TECH_RIFLING_HELP">
			<Text>Mahdollistaa [COLOR_POSITIVE_TEXT]kiväärimiehen[ENDCOLOR] kouluttamisen, a front-line infantry unit of the mid-game eras.</Text>
		</Row><Row Tag="TXT_KEY_TECH_ROBOTICS_HELP">
			<Text>An important technology for the Space Race, Robotics allows you to build the [COLOR_POSITIVE_TEXT]Spaceship Factory[ENDCOLOR], a building which speeds the construction of Spaceship parts. It also allows you to build the [COLOR_POSITIVE_TEXT]Missile Cruiser[ENDCOLOR], a Naval Unit capable of carrying 3 Missiles and spotting enemy Submarines.</Text>
		</Row><Row Tag="TXT_KEY_TECH_ROCKETRY_HELP">
			<Text>An important technology, Rocketry allows you to build the [COLOR_POSITIVE_TEXT]Apollo Program[ENDCOLOR], a project necessary to win a [COLOR_POSITIVE_TEXT]Science Victory[ENDCOLOR]. Also allows you to build the [COLOR_POSITIVE_TEXT]Rocket Artillery[ENDCOLOR] military unit, and the [COLOR_POSITIVE_TEXT]Mobile SAM[ENDCOLOR], a fast unit specialized in thwarting enemy aircraft.</Text>
		</Row><Row Tag="TXT_KEY_TECH_SAILING_HELP">
			<Text>Mahdollistaa [COLOR_POSITIVE_TEXT]rahtilaivan[ENDCOLOR] rakentamisen, used to establish lucrative sea-based Trade Routes. Also allows you to build military and economic ships, useful for exploration and harvesting resources in the water like [ICON_RES_FISH] [COLOR_POSITIVE_TEXT]Fish[ENDCOLOR] and [ICON_RES_PEARLS] [COLOR_POSITIVE_TEXT]Pearls[ENDCOLOR].</Text>
		</Row><Row Tag="TXT_KEY_TECH_SATELLITES_HELP">
			<Text>Mahdollistaa [COLOR_POSITIVE_TEXT]sukkulan ohjaamon[ENDCOLOR] rakentamisen, joka on yksi avaruussukkulan vaatimista osista tiellä [COLOR_POSITIVE_TEXT]tiedevoittoon[ENDCOLOR].</Text>
		</Row><Row Tag="TXT_KEY_TECH_SCIENTIFIC_THEORY_HELP">
			<Text>Mahdollistaa [COLOR_POSITIVE_TEXT]julkisen koulun[ENDCOLOR] rakentamisen, which increases [ICON_RESEARCH] Science in Cities.</Text>
		</Row><Row Tag="TXT_KEY_TECH_STEALTH_HELP">
			<Text>Mahdollistaa [COLOR_POSITIVE_TEXT]häivepommittajan[ENDCOLOR] rakentamisen, the most powerful Ranged Unit in the game.</Text>
		</Row><Row Tag="TXT_KEY_TECH_STEAM_POWER_HELP">
			<Text>Mahdollistaa [COLOR_POSITIVE_TEXT]panssarilaivan[ENDCOLOR] rakentamisen, a powerful warship especially suited to combat in coastal waters.</Text>
		</Row><Row Tag="TXT_KEY_TECH_STEEL_HELP">
			<Text>Mahdollistaa [COLOR_POSITIVE_TEXT]pitkämiekan[ENDCOLOR] kouluttamisen, a deadly medieval melee unit, and the [COLOR_POSITIVE_TEXT]Armory[ENDCOLOR], which gives all your Units an experience boost.</Text>
		</Row><Row Tag="TXT_KEY_TECH_TELECOM_HELP">
			<Text>Mahdollistaa [COLOR_POSITIVE_TEXT]ydinsukellusveneen[ENDCOLOR] rakentamisen, a Naval Unit invisible to most other Units and capable of carrying 2 Missiles. Also allows the construction of the [COLOR_POSITIVE_TEXT]Bomb Shelter[ENDCOLOR], which significantly reduces population loss from a nuclear attack.</Text>
		</Row><Row Tag="TXT_KEY_TECH_TELEGRAPH_HELP">
			<Text>Mahdollistaa [COLOR_POSITIVE_TEXT]taistelulaivan[ENDCOLOR] rakentamisen, the mightiest front-line warship in the game. Also allows you to build the [COLOR_POSITIVE_TEXT]Military Base[ENDCOLOR] in your Cities, increasing their [ICON_STRENGTH] Combat Strength and making them harder to capture.</Text>
		</Row><Row Tag="TXT_KEY_TECH_THEOLOGY_HELP">
			<Text>Allows you to build a handful of specialized buildings and Wonders which improve your [ICON_PEACE] Faith output and ability to create new [ICON_GREAT_PEOPLE] Great People.</Text>
		</Row><Row Tag="TXT_KEY_TECH_THE_WHEEL_HELP">
			<Text>Mahdollistaa [COLOR_POSITIVE_TEXT]jousivaunun[ENDCOLOR] rakentamisen, a fast and powerful ranged unit which requires [ICON_RES_HORSE] Horses, and the [COLOR_POSITIVE_TEXT]Water Mill[ENDCOLOR], which gives your city a [ICON_FOOD] Food and [ICON_PRODUCTION] Production boost if it's next to a river. Also allows Workers to construct [COLOR_POSITIVE_TEXT]Roads[ENDCOLOR], which allow units to move across the map faster and provide extra [ICON_GOLD] Gold when connecting cities to your capital.</Text>
		</Row><Row Tag="TXT_KEY_TECH_TRAPPING_HELP">
			<Text>Allows your Workers to construct [COLOR_POSITIVE_TEXT]Camps[ENDCOLOR] on sources of [ICON_RES_DEER] Deer, [ICON_RES_IVORY] Ivory, [ICON_RES_FUR] Fur and [ICON_RES_TRUFFLES] Truffles.</Text>
		</Row><Row Tag="TXT_KEY_TECH_WRITING_HELP">
			<Text>Allows you to build the first [ICON_RESEARCH] Science building, the [COLOR_POSITIVE_TEXT]Library[ENDCOLOR], helping your empire research new technologies more quickly. Also allows you to establish Embassies in other civilizations.</Text>
		</Row><Row Tag="TXT_KEY_STEAMPUNK_SCENARIO_TECH_AIRSHIPS_HELP">
			<Text>Mahdollistaa [COLOR_POSITIVE_TEXT]ilmalaivan[ENDCOLOR] rakentamisen, which can travel over land and sea alike.  Also allows you to build the [COLOR_POSITIVE_TEXT]Inventor's Hall[ENDCOLOR] national wonder.</Text>
		</Row><Row Tag="TXT_KEY_STEAMPUNK_SCENARIO_TECH_ANALOG_COMPUTATION_HELP">
			<Text>Mahdollistaa [COLOR_POSITIVE_TEXT]differenssikoneen[ENDCOLOR] rakentamisen and the [COLOR_POSITIVE_TEXT]Analytical Engine[ENDCOLOR] national wonder, which boost a city's [ICON_PRODUCTION] Production and [ICON_RESEARCH] Science.</Text>
		</Row><Row Tag="TXT_KEY_STEAMPUNK_SCENARIO_TECH_ANALYTICAL_ENGINE_HELP">
			<Text>Provides access to the [COLOR_POSITIVE_TEXT]Analytical Engine[ENDCOLOR] national wonder, which greatly increases [ICON_PRODUCTION] Production.</Text>
		</Row><Row Tag="TXT_KEY_STEAMPUNK_SCENARIO_TECH_AUTOMATA_HELP">
			<Text>Mahdollistaa [COLOR_POSITIVE_TEXT]eettiinivalmistamon[ENDCOLOR] rakentamisen, which will produce [ICON_RES_ALUMINUM] Aetherium resources for you.</Text>
		</Row><Row Tag="TXT_KEY_STEAMPUNK_SCENARIO_TECH_CIVIL_DEFENSE_HELP">
			<Text>Mahdollistaa [COLOR_POSITIVE_TEXT]ilmatorjuntatykin[ENDCOLOR] rakentamisen, a powerful counter to air units, and the [COLOR_POSITIVE_TEXT]Military Base[ENDCOLOR], which increases a city's defense.</Text>
		</Row><Row Tag="TXT_KEY_STEAMPUNK_SCENARIO_TECH_ECONOMIC_IMPERIALISM_HELP">
			<Text>Mahdollistaa [COLOR_POSITIVE_TEXT]suurkartanon[ENDCOLOR] rakentamisen and its national wonder counterpart, the [COLOR_POSITIVE_TEXT]Biltmore House[ENDCOLOR], both of which grant [ICON_GOLD] Gold and [ICON_CULTURE] Culture.</Text>
		</Row><Row Tag="TXT_KEY_STEAMPUNK_SCENARIO_TECH_ERUPTIVES_HELP">
			<Text>Paljastaa [ICON_RES_URANIUM] Luboric and allows you to build the [COLOR_POSITIVE_TEXT]Battleship[ENDCOLOR].</Text>
		</Row><Row Tag="TXT_KEY_STEAMPUNK_SCENARIO_TECH_EXPEDITIONARY_SCIENCE_HELP">
			<Text>Paljastaa [ICON_RES_ALUMINUM] Aetherium and allows you to build the [COLOR_POSITIVE_TEXT]Submarine[ENDCOLOR].  Also allows you to build the [COLOR_POSITIVE_TEXT]Trade College[ENDCOLOR], which increases a city's [ICON_RESEARCH] Science and [ICON_CULTURE] Culture.</Text>
		</Row><Row Tag="TXT_KEY_STEAMPUNK_SCENARIO_TECH_GALVANOMAGNETISM_HELP">
			<Text>Mahdollistaa [COLOR_POSITIVE_TEXT]teslakäämin[ENDCOLOR] rakentamisen, which greatly increases a city's [ICON_RESEARCH] Science output and slightly boosts [ICON_GOLD] Gold.</Text>
		</Row><Row Tag="TXT_KEY_STEAMPUNK_SCENARIO_TECH_GOSPEL_OF_WEALTH_HELP">
			<Text>Mahdollistaa [COLOR_POSITIVE_TEXT]filantroporian[ENDCOLOR] rakentamisen, which increases a city's [ICON_CULTURE] Culture and [ICON_HAPPINESS_1] Happiness.</Text>
		</Row><Row Tag="TXT_KEY_STEAMPUNK_SCENARIO_TECH_INFERNAL_COMBUSTION_HELP">
			<Text>Mahdollistaa [COLOR_POSITIVE_TEXT]lypöörijalostamon[ENDCOLOR] rakentamisen, which will produce [ICON_RES_URANIUM] Luboric resources for you.</Text>
		</Row><Row Tag="TXT_KEY_STEAMPUNK_SCENARIO_TECH_LANDSHIPS_HELP">
			<Text>Mahdollistaa [COLOR_POSITIVE_TEXT]maalaivan[ENDCOLOR] rakentamisen, a powerful land unit.  Also grants access to the [COLOR_POSITIVE_TEXT]Patent Office[ENDCOLOR], which increases a city's [ICON_PRODUCTION] Production and [ICON_GOLD] Gold.</Text>
		</Row><Row Tag="TXT_KEY_STEAMPUNK_SCENARIO_TECH_LAND_LEVIATHAN_HELP">
			<Text>Allows you to build the most powerful landship unit, the [COLOR_POSITIVE_TEXT]Land Leviathan[ENDCOLOR].</Text>
		</Row><Row Tag="TXT_KEY_STEAMPUNK_SCENARIO_TECH_NOBLESSE_OBLIGE_HELP">
			<Text>Mahdollistaa [COLOR_POSITIVE_TEXT]stadionin[ENDCOLOR] rakentamisen, which increases your empire's [ICON_HAPPINESS_1] Happiness.</Text>
		</Row><Row Tag="TXT_KEY_STEAMPUNK_SCENARIO_TECH_PERPETUAL_MOTION_HELP">
			<Text>Mahdollistaa [COLOR_POSITIVE_TEXT]ikiliikkujan[ENDCOLOR] rakentamisen national wonder, which provides an enormous boost to [ICON_PRODUCTION] Production.</Text>
		</Row><Row Tag="TXT_KEY_STEAMPUNK_SCENARIO_TECH_PROPULSION_HELP">
			<Text>Mahdollistaa [COLOR_POSITIVE_TEXT]hävittäjän[ENDCOLOR] ja [COLOR_POSITIVE_TEXT]lenturin[ENDCOLOR] rakentamisen, joka on ensimmäinen lentoyksikkö.</Text>
		</Row><Row Tag="TXT_KEY_STEAMPUNK_SCENARIO_TECH_RADIO_HELP">
			<Text>Mahdollistaa [COLOR_POSITIVE_TEXT]lähetystornin[ENDCOLOR] rakentamisen, a building which greatly increases the [ICON_CULTURE] Cultural output of a city.  Also grants access to the [COLOR_POSITIVE_TEXT]Carnegie Hall[ENDCOLOR] national wonder, another large source of [ICON_CULTURE] Culture.</Text>
		</Row><Row Tag="TXT_KEY_STEAMPUNK_SCENARIO_TECH_RAILROAD_HELP">
			<Text>Mahdollistaa [COLOR_POSITIVE_TEXT]maapanssarilaivan[ENDCOLOR] rakentamisen, the first landship unit.  Also allows Workers to build [COLOR_POSITIVE_TEXT]Railroads[ENDCOLOR] on map tiles.</Text>
		</Row><Row Tag="TXT_KEY_STEAMPUNK_SCENARIO_TECH_REPLACEABLE_PARTS_HELP">
			<Text>Gives access to [COLOR_POSITIVE_TEXT]Great War Infantry[ENDCOLOR], the most advanced infantry unit in the world.</Text>
		</Row><Row Tag="TXT_KEY_STEAMPUNK_SCENARIO_TECH_ROBOTICS_HELP">
			<Text>Mahdollistaa [COLOR_POSITIVE_TEXT]itsenäistehtaan[ENDCOLOR] rakentamisen, which significantly increases the [ICON_PRODUCTION] Production output of a city.</Text>
		</Row><Row Tag="TXT_KEY_STEAMPUNK_SCENARIO_TECH_SKY_FORTRESS_HELP">
			<Text>Allows you to build the most powerful airship unit, the [COLOR_POSITIVE_TEXT]Sky Fortress[ENDCOLOR].</Text>
		</Row><Row Tag="TXT_KEY_STEAMPUNK_SCENARIO_TECH_SUBTERRANEAN_EXPLORATION_HELP">
			<Text>Mahdollistaa [COLOR_POSITIVE_TEXT]maanalaisvartion[ENDCOLOR] sekä sen kansallisihmevastineen [COLOR_POSITIVE_TEXT]maanalaisen siirtokunnan[ENDCOLOR] rakentamisen, jotka tarjoavat molemmat suuren korotuksen kaupungin [ICON_PRODUCTION] tuottavuudelle.</Text>
		</Row><Row Tag="TXT_KEY_STEAMPUNK_SCENARIO_TECH_TECHNOCRACY_HELP">
			<Text>Allows you to build the late-game [COLOR_POSITIVE_TEXT]CN Tower[ENDCOLOR] wonder, which provides a Broadcast Tower in all of your cities.</Text>
		</Row><Row Tag="TXT_KEY_STEAMPUNK_SCENARIO_TECH_THE_GRAND_IDEA_HELP">
			<Text>May be researched more than once.  Provides [ICON_CULTURE] Culture each time it is successfully researched.</Text>
		</Row><Row Tag="TXT_KEY_STEAMPUNK_SCENARIO_TECH_URANOGRAPHY_HELP">
			<Text>Mahdollistaa [COLOR_POSITIVE_TEXT]lentolaivahangaarin[ENDCOLOR] rakentamisen, joka antaa lisää kokemusta uusille yksiköille.</Text>
		</Row><Row Tag="TXT_KEY_STEAMPUNK_SCENARIO_TECH_VERTICAL_INTEGRATION_HELP">
			<Text>Mahdollistaa [COLOR_POSITIVE_TEXT]pörssin[ENDCOLOR] rakentamisen, joka nostaa [ICON_GOLD] kullan tuottoa.</Text>
		</Row><Row Tag="TXT_KEY_POLYNESIAN_SCENARIO_TECH_AQUACULTURE_HELP">
			<Text>Improves [ICON_GOLD] Gold output from Fishing Boats.  Also allows you to build the [COLOR_POSITIVE_TEXT]Seaport[ENDCOLOR] in coastal cities, improving [ICON_PRODUCTION] Production output from water resources.</Text>
		</Row><Row Tag="TXT_KEY_POLYNESIAN_SCENARIO_TECH_ASTRONOMY_HELP">
			<Text>Uitossa olevat yksiköt saavat +1 [ICON_MOVES] liikkuvuutta. Mahdollistaa [COLOR_POSITIVE_TEXT]observatorion[ENDCOLOR] rakentamisen, the first building that improves Science output. Also allows you to build the [COLOR_POSITIVE_TEXT]Lighthouse[ENDCOLOR] and [COLOR_POSITIVE_TEXT]Harbor[ENDCOLOR] buildings which improve your [ICON_FOOD] Food output from water tiles and connect trade routes over water.</Text>
		</Row><Row Tag="TXT_KEY_POLYNESIAN_SCENARIO_TECH_CEREMONIAL_DANCE_HELP">
			<Text>Mahdollistaa [COLOR_POSITIVE_TEXT]maorisoturin[ENDCOLOR] kouluttamisen, the most powerful Classical unit in the game. Also allows the [COLOR_POSITIVE_TEXT]National Epic[ENDCOLOR] to be constructed.</Text>
		</Row><Row Tag="TXT_KEY_POLYNESIAN_SCENARIO_TECH_COMPASS_HELP">
			<Text>Mahdollistaa [COLOR_POSITIVE_TEXT]karavelin[ENDCOLOR] rakentamisen, joka on renessanssin ensimmäinen meriyksikkö.</Text>
		</Row><Row Tag="TXT_KEY_POLYNESIAN_SCENARIO_TECH_CONSTRUCTION_HELP">
			<Text>Mahdollistaa [COLOR_POSITIVE_TEXT]muurien[ENDCOLOR] rakentamisen, which greatly improve the defense of cities from attack. Also allows Workers to construct build [COLOR_POSITIVE_TEXT]Roads[ENDCOLOR] and [COLOR_POSITIVE_TEXT]Forts[ENDCOLOR].</Text>
		</Row><Row Tag="TXT_KEY_POLYNESIAN_SCENARIO_TECH_ECONOMICS_HELP">
			<Text>Allows you to build the [ICON_GOLD] Gold-boosting [COLOR_POSITIVE_TEXT]Market[ENDCOLOR], allows you to improve tiles with [COLOR_POSITIVE_TEXT]Trading Posts[ENDCOLOR] and also allows your cities to convert [ICON_PRODUCTION] Production into [ICON_GOLD] Gold instead of working on units or buildings.</Text>
		</Row><Row Tag="TXT_KEY_POLYNESIAN_SCENARIO_TECH_GUNPOWDER_HELP">
			<Text>Mahdollistaa [COLOR_POSITIVE_TEXT]musketöörin[ENDCOLOR] rakentamisen, the first unit in the game which wields firearms. Also provides a number of economic benefits representing new technology gained from contact with Europeans.</Text>
		</Row><Row Tag="TXT_KEY_POLYNESIAN_SCENARIO_TECH_MASONRY_HELP">
			<Text>Mahdollistaa [COLOR_POSITIVE_TEXT]monumenttien[ENDCOLOR] rakentamisen, which improve the cultural output of cities. Also allows Workers to construct Quarries on [ICON_RES_MARBLE] [COLOR_POSITIVE_TEXT]Marble[ENDCOLOR] and [COLOR_POSITIVE_TEXT]Clear Marshes[ENDCOLOR], allowing other improvements to be constructed.</Text>
		</Row><Row Tag="TXT_KEY_POLYNESIAN_SCENARIO_TECH_MINING_HELP">
			<Text>Allows Workers to construct [COLOR_POSITIVE_TEXT]Mines[ENDCOLOR] to increase the [ICON_PRODUCTION] Production of map tiles, and [COLOR_POSITIVE_TEXT]Chop Forests[ENDCOLOR] and [COLOR_POSITIVE_TEXT]Chop Jungles[ENDCOLOR], allowing the construction of other improvements.</Text>
		</Row><Row Tag="TXT_KEY_POLYNESIAN_SCENARIO_TECH_NAVIGATION_HELP">
			<Text>Mahdollistaa [COLOR_POSITIVE_TEXT]kolmisoudun[ENDCOLOR] rakentamisen, the first warship in the scenario. Also allows embarked units to defend themselves when attacked by warships.</Text>
		</Row><Row Tag="TXT_KEY_POLYNESIAN_SCENARIO_TECH_OPTICS_HELP">
			<Text>Mahdollistaa [COLOR_POSITIVE_TEXT]fregatin[ENDCOLOR] rakentamisen, the most powerful warship in the scenario.</Text>
		</Row><Row Tag="TXT_KEY_POLYNESIAN_SCENARIO_TECH_ORNAMENTAL_CARVING_HELP">
			<Text>Allows Workers to construct [COLOR_POSITIVE_TEXT]Moai[ENDCOLOR] on coastal tiles, improving the [ICON_CULTURE] Culture output of those tiles.</Text>
		</Row><Row Tag="TXT_KEY_POLYNESIAN_SCENARIO_TECH_SAILING_HELP">
			<Text>Allows you to build the Workboat, useful for harvesting resources in the water like [ICON_RES_FISH] [COLOR_POSITIVE_TEXT]Fish[ENDCOLOR] and [ICON_RES_PEARLS] [COLOR_POSITIVE_TEXT]Pearls[ENDCOLOR].</Text>
		</Row><Row Tag="TXT_KEY_POLYNESIAN_SCENARIO_TECH_SCIENTIFIC_THEORY_HELP">
			<Text>This technology does not provide any benefits.  It must be researched if you finish the rest of the Medieval tree prior to the arrival of the Europeans in the Pacific. It represents the stagnation of Polynesian technology before contact with more advanced civilizations. It will be awarded to each civilization as they gain contact with Captain James Cook's expedition.</Text>
		</Row><Row Tag="TXT_KEY_POLYNESIAN_SCENARIO_TECH_TATTOO_HELP">
			<Text>Allows you to enhance your military with buildings such as the [COLOR_POSITIVE_TEXT]Barracks[ENDCOLOR] and [COLOR_POSITIVE_TEXT]Heroic Epic[ENDCOLOR].</Text>
		</Row><Row Tag="TXT_KEY_POLYNESIAN_SCENARIO_TECH_THEOLOGY_HELP">
			<Text>Mahdollistaa [COLOR_POSITIVE_TEXT]temppelin[ENDCOLOR] ja [COLOR_POSITIVE_TEXT]kirjaston[ENDCOLOR] rakentamisen which improve your [ICON_CULTURE] Cultural and [ICON_RESEARCH] Scientific output respectively. Also allows you to build the [COLOR_POSITIVE_TEXT]Courthouse[ENDCOLOR], a building which reduces the [ICON_HAPPINESS_4] Unhappiness from [ICON_OCCUPIED] Occupied Cities.</Text>
		</Row><Row Tag="TXT_KEY_POLYNESIAN_SCENARIO_TECH_TRAPPING_HELP">
			<Text>Mahdollistaa [COLOR_POSITIVE_TEXT]keihäsmiehen[ENDCOLOR] kouluttamisen, a strong military unit. Also allows your Workers to construct [COLOR_POSITIVE_TEXT]Camps[ENDCOLOR] on sources of [ICON_RES_DEER] Deer, [ICON_RES_IVORY] Ivory and [ICON_RES_FUR] Fur.</Text>
		</Row><Row Tag="TXT_KEY_POLYNESIAN_SCENARIO_TECH_WAYFINDING_HELP">
			<Text>This technology has been researched by your civilization just prior to the start of the scenario, unlocking the mysteries of embarkation, even over Ocean tiles.</Text>
		</Row><Row Tag="TXT_KEY_NEWWORLD_SCENARIO_TECH_EDUCATION_HELP">
			<Text>Mahdollistaa [COLOR_POSITIVE_TEXT]raatihuoneen[ENDCOLOR] rakentamisen, a building which reduces the [ICON_HAPPINESS_4] Unhappiness from [ICON_OCCUPIED] Occupied Cities. Also provides a variety of other benefits to [ICON_RESEARCH] Science.</Text>
		</Row><Row Tag="TXT_KEY_NEWWORLD_SCENARIO_TECH_IMPERIALISM_HELP">
			<Text>Mahdollistaa [COLOR_POSITIVE_TEXT]konkistadorin[ENDCOLOR] kouluttamisen, a unit that specializes in scouting and settling overseas.</Text>
		</Row><Row Tag="TXT_KEY_NEWWORLD_SCENARIO_TECH_MATHEMATICS_HELP">
			<Text>Mahdollistaa [COLOR_POSITIVE_TEXT]katapultin[ENDCOLOR] rakentamisen, a powerful siege weapon.</Text>
		</Row><Row Tag="TXT_KEY_NEWWORLD_SCENARIO_TECH_NAVAL_TRADITION_HELP">
			<Text>Rise of the NEWORLDs</Text>
		</Row><Row Tag="TXT_KEY_NEWWORLD_SCENARIO_TECH_NAVIGATION_HELP">
			<Text>Mahdollistaa [COLOR_POSITIVE_TEXT]merikoulun[ENDCOLOR] rakentamisen, a building which eliminates scurvy from naval units.  Also allows coastal cities to build the [COLOR_POSITIVE_TEXT]Seaport[ENDCOLOR], which provides [ICON_PRODUCTION] Production from sea resources.</Text>
		</Row><Row Tag="TXT_KEY_NEWWORLD_SCENARIO_TECH_PIRACY_HELP">
			<Text>Mahdollistaa [COLOR_POSITIVE_TEXT]kaappaerin[ENDCOLOR] rakentamisen and allows European powers to declare war on each other.</Text>
		</Row><Row Tag="TXT_KEY_NEWWORLD_SCENARIO_TECH_PROSOLDIERS_HELP">
			<Text>Mahdollistaa [COLOR_POSITIVE_TEXT]tercion[ENDCOLOR] kouluttamisen, a dominant melee unit.</Text>
		</Row><Row Tag="TXT_KEY_NEWWORLD_SCENARIO_TECH_RELIGIOUS_ORDERS_HELP">
			<Text>Mahdollistaa [COLOR_POSITIVE_TEXT]luostarin[ENDCOLOR] rakentamisen, a building which allows you to quickly spread a city's culture borders.</Text>
		</Row><Row Tag="TXT_KEY_NEWWORLD_SCENARIO_TECH_ROYAL_GUARDS_HELP">
			<Text>Mahdollistaa [COLOR_POSITIVE_TEXT]muskettisoturin[ENDCOLOR] kouluttamisen, an enhanced version of the standard Musketman.</Text>
		</Row><Row Tag="TXT_KEY_NEWWORLD_SCENARIO_TECH_TRAPPING_HELP">
			<Text>Allows your Workers to construct [COLOR_POSITIVE_TEXT]Camps[ENDCOLOR] on sources of [ICON_RES_DEER] Deer, [ICON_RES_IVORY] Ivory and [ICON_RES_FUR] Fur.[ENDCOLOR], which increases the [ICON_GOLD] Gold output of map tiles.</Text>
		</Row><Row Tag="TXT_KEY_NEWWORLD_SCENARIO_TECH_TREASURE_FLEET_HELP">
			<Text>Grants the [COLOR_POSITIVE_TEXT]Defensive Embarkation[ENDCOLOR] promotion to all land units, allowing them to defend against naval attacks.</Text>
		</Row><Row Tag="TXT_KEY_NEWWORLD_SCENARIO_TECH_WARSHIPS_HELP">
			<Text>Mahdollistaa [COLOR_POSITIVE_TEXT]fregatin[ENDCOLOR] rakentamisen, the most powerful naval unit of the Renaissance.</Text>
		</Row><Row Tag="TXT_KEY_CIVIL_WAR_SCENARIO_TECH_CAVALRY_RAIDS_HELP">
			<Text>Allows cavalry units to pillage enemy tiles. Prior to researching this tech, no unit can pillage enemy territory.</Text>
		</Row><Row Tag="TXT_KEY_CIVIL_WAR_SCENARIO_TECH_ENGINEERING_HELP">
			<Text>Mahdollistaa [COLOR_POSITIVE_TEXT]sotilasinsinöörin[ENDCOLOR] kouluttamisen, a civilian unit that can repair improvements, build Roads and Railroads. This unit can also be consumed to construct a Citadel or Pontoon Bridge.</Text>
		</Row><Row Tag="TXT_KEY_CIVIL_WAR_SCENARIO_TECH_ENTRENCHMENT_HELP">
			<Text>Doubles the combat bonus for being fortified.</Text>
		</Row><Row Tag="TXT_KEY_CIVIL_WAR_SCENARIO_TECH_FIELD_HOSPITALS_HELP">
			<Text>Doubles the healing rate of all your units.</Text>
		</Row><Row Tag="TXT_KEY_CIVIL_WAR_SCENARIO_TECH_INDUSTRIALIZATION_HELP">
			<Text>Mahdollistaa [COLOR_POSITIVE_TEXT]kuularuiskun[ENDCOLOR] valmistamisen, a powerful unit with Range of 1.</Text>
		</Row><Row Tag="TXT_KEY_CIVIL_WAR_SCENARIO_TECH_IRONCLADS_HELP">
			<Text>Mahdollistaa [COLOR_POSITIVE_TEXT]panssarilaivan[ENDCOLOR] valmistamisen, a powerful naval unit that will dominate wooden naval vessels.</Text>
		</Row><Row Tag="TXT_KEY_CIVIL_WAR_SCENARIO_TECH_MILITARY_RAILROADS_HELP">
			<Text>Halves the time to construct Railroads and doubles your movement rate on Railroads.</Text>
		</Row><Row Tag="TXT_KEY_CIVIL_WAR_SCENARIO_TECH_MILITARY_SCIENCE_HELP">
			<Text>Mahdollistaa [COLOR_POSITIVE_TEXT]armeijakunnan[ENDCOLOR] rakentamisen, an upgrade to the Infantry Division that requires more manpower but has a much higher [ICON_STRENGTH] Combat Strength.</Text>
		</Row><Row Tag="TXT_KEY_CIVIL_WAR_SCENARIO_TECH_REPEATING_RIFLES_HELP">
			<Text>Mahdollistaa [COLOR_POSITIVE_TEXT]karbiiniratsuväen[ENDCOLOR] kouluttamisen, an upgrade to the Cavalry Division with double [ICON_STRENGTH] Combat Strength.</Text>
		</Row><Row Tag="TXT_KEY_CIVIL_WAR_SCENARIO_TECH_RIFLED_ARTILLERY_HELP">
			<Text>Mahdollistaa [COLOR_POSITIVE_TEXT]rihlatun kanuunan[ENDCOLOR] valmistamisen, an artillery unit with Range of 3.</Text>
		</Row><Row Tag="TXT_KEY_CIVIL_WAR_SCENARIO_TECH_SCORCHED_EARTH_HELP">
			<Text>Allows infantry units to pillage enemy tiles.</Text>
		</Row><Row Tag="TXT_KEY_CIVIL_WAR_SCENARIO_SCENARIO_TECH_BUTTON_1">
			<Text>Allows cavalry to pillage tiles.</Text>
		</Row><Row Tag="TXT_KEY_CIVIL_WAR_SCENARIO_SCENARIO_TECH_BUTTON_2">
			<Text>Allows infantry to pillage tiles.</Text>
		</Row></Language_fi_FI>
</GameData>