<?xml version="1.0" encoding="utf-8"?>
<GameData>
	<Language_fi_FI>
	
    <Row Tag="TXT_KEY_SPY_NAME_AMERICA_0">
			<Text>Cousin</Text>
		</Row><Row Tag="TXT_KEY_SPY_NAME_AMERICA_1">
			<Text>Felix</Text>
		</Row><Row Tag="TXT_KEY_SPY_NAME_AMERICA_2">
			<Text>Dennis</Text>
		</Row><Row Tag="TXT_KEY_SPY_NAME_AMERICA_3">
			<Text>Edward</Text>
		</Row><Row Tag="TXT_KEY_SPY_NAME_AMERICA_4">
			<Text>Prof. Rex</Text>
		</Row><Row Tag="TXT_KEY_SPY_NAME_AMERICA_5">
			<Text>Eliza</Text>
		</Row><Row Tag="TXT_KEY_SPY_NAME_AMERICA_6">
			<Text>Mary</Text>
			<Gender>feminine</Gender>
		</Row><Row Tag="TXT_KEY_SPY_NAME_AMERICA_7">
			<Text>Virginia</Text>
			<Gender>feminine</Gender>
		</Row><Row Tag="TXT_KEY_SPY_NAME_AMERICA_8">
			<Text>Scarlett</Text>
			<Gender>feminine</Gender>
		</Row><Row Tag="TXT_KEY_SPY_NAME_AMERICA_9">
			<Text>Barbara</Text>
			<Gender>feminine</Gender>
		</Row><Row Tag="TXT_KEY_SPY_NAME_ARABIA_0">
			<Text>Solhofaat</Text>
		</Row><Row Tag="TXT_KEY_SPY_NAME_ARABIA_1">
			<Text>Khenzeer</Text>
		</Row><Row Tag="TXT_KEY_SPY_NAME_ARABIA_2">
			<Text>Zarafah</Text>
		</Row><Row Tag="TXT_KEY_SPY_NAME_ARABIA_3">
			<Text>Temsaah</Text>
		</Row><Row Tag="TXT_KEY_SPY_NAME_ARABIA_4">
			<Text>Abyadh</Text>
		</Row><Row Tag="TXT_KEY_SPY_NAME_ARABIA_5">
			<Text>Mostafa</Text>
		</Row><Row Tag="TXT_KEY_SPY_NAME_ARABIA_6">
			<Text>Yusuf</Text>
		</Row><Row Tag="TXT_KEY_SPY_NAME_ARABIA_7">
			<Text>Waddah</Text>
		</Row><Row Tag="TXT_KEY_SPY_NAME_ARABIA_8">
			<Text>Sameera</Text>
			<Gender>feminine</Gender>
		</Row><Row Tag="TXT_KEY_SPY_NAME_ARABIA_9">
			<Text>Gamal</Text>
		</Row><Row Tag="TXT_KEY_SPY_NAME_ASSYRIA_0">
			<Text>Adapa</Text>
		</Row><Row Tag="TXT_KEY_SPY_NAME_ASSYRIA_1">
			<Text>Kubaba</Text>
			<Gender>feminine</Gender>
		</Row><Row Tag="TXT_KEY_SPY_NAME_ASSYRIA_2">
			<Text>Nabu</Text>
		</Row><Row Tag="TXT_KEY_SPY_NAME_ASSYRIA_3">
			<Text>Nergal</Text>
		</Row><Row Tag="TXT_KEY_SPY_NAME_ASSYRIA_4">
			<Text>Ninlil</Text>
			<Gender>feminine</Gender>
		</Row><Row Tag="TXT_KEY_SPY_NAME_ASSYRIA_5">
			<Text>Ninurta</Text>
		</Row><Row Tag="TXT_KEY_SPY_NAME_ASSYRIA_6">
			<Text>Nisroch</Text>
		</Row><Row Tag="TXT_KEY_SPY_NAME_ASSYRIA_7">
			<Text>Shamash</Text>
		</Row><Row Tag="TXT_KEY_SPY_NAME_ASSYRIA_8">
			<Text>Pazuzu</Text>
		</Row><Row Tag="TXT_KEY_SPY_NAME_ASSYRIA_9">
			<Text>Qingu</Text>
		</Row><Row Tag="TXT_KEY_SPY_NAME_AUSTRIA_0">
			<Text>Ferdinand</Text>
		</Row><Row Tag="TXT_KEY_SPY_NAME_AUSTRIA_1">
			<Text>Johanna</Text>
			<Gender>feminine</Gender>
		</Row><Row Tag="TXT_KEY_SPY_NAME_AUSTRIA_2">
			<Text>Franz-Josef</Text>
		</Row><Row Tag="TXT_KEY_SPY_NAME_AUSTRIA_3">
			<Text>Astrid</Text>
			<Gender>feminine</Gender>
		</Row><Row Tag="TXT_KEY_SPY_NAME_AUSTRIA_4">
			<Text>Anna</Text>
			<Gender>feminine</Gender>
		</Row><Row Tag="TXT_KEY_SPY_NAME_AUSTRIA_5">
			<Text>Hubert</Text>
		</Row><Row Tag="TXT_KEY_SPY_NAME_AUSTRIA_6">
			<Text>Alois</Text>
		</Row><Row Tag="TXT_KEY_SPY_NAME_AUSTRIA_7">
			<Text>Natter</Text>
		</Row><Row Tag="TXT_KEY_SPY_NAME_AUSTRIA_8">
			<Text>Georg</Text>
		</Row><Row Tag="TXT_KEY_SPY_NAME_AUSTRIA_9">
			<Text>Arnold</Text>
		</Row><Row Tag="TXT_KEY_SPY_NAME_AZTEC_0">
			<Text>Metztli</Text>
			<Gender>feminine</Gender>
		</Row><Row Tag="TXT_KEY_SPY_NAME_AZTEC_1">
			<Text>Xitllali</Text>
			<Gender>feminine</Gender>
		</Row><Row Tag="TXT_KEY_SPY_NAME_AZTEC_2">
			<Text>Chimalli</Text>
		</Row><Row Tag="TXT_KEY_SPY_NAME_AZTEC_3">
			<Text>Quauhtli</Text>
		</Row><Row Tag="TXT_KEY_SPY_NAME_AZTEC_4">
			<Text>Teyacapan</Text>
			<Gender>feminine</Gender>
		</Row><Row Tag="TXT_KEY_SPY_NAME_AZTEC_5">
			<Text>Yaotl</Text>
		</Row><Row Tag="TXT_KEY_SPY_NAME_AZTEC_6">
			<Text>Coatl</Text>
		</Row><Row Tag="TXT_KEY_SPY_NAME_AZTEC_7">
			<Text>Huitzilin</Text>
		</Row><Row Tag="TXT_KEY_SPY_NAME_AZTEC_8">
			<Text>Itzli</Text>
		</Row><Row Tag="TXT_KEY_SPY_NAME_AZTEC_9">
			<Text>Tepin</Text>
			<Gender>feminine</Gender>
		</Row><Row Tag="TXT_KEY_SPY_NAME_BABYLON_0">
			<Text>Rim-Sin II</Text>
		</Row><Row Tag="TXT_KEY_SPY_NAME_BABYLON_1">
			<Text>Smerdis</Text>
		</Row><Row Tag="TXT_KEY_SPY_NAME_BABYLON_2">
			<Text>Ilum-ma-ili</Text>
		</Row><Row Tag="TXT_KEY_SPY_NAME_BABYLON_3">
			<Text>Peshgaldaramesh</Text>
		</Row><Row Tag="TXT_KEY_SPY_NAME_BABYLON_4">
			<Text>Ur-zigurumaš</Text>
		</Row><Row Tag="TXT_KEY_SPY_NAME_BABYLON_5">
			<Text>Semiramis</Text>
			<Gender>feminine</Gender>
		</Row><Row Tag="TXT_KEY_SPY_NAME_BABYLON_6">
			<Text>Em</Text>
			<Gender>feminine</Gender>
		</Row><Row Tag="TXT_KEY_SPY_NAME_BABYLON_7">
			<Text>Ishtar</Text>
			<Gender>feminine</Gender>
		</Row><Row Tag="TXT_KEY_SPY_NAME_BABYLON_8">
			<Text>Bilit Taauth</Text>
			<Gender>feminine</Gender>
		</Row><Row Tag="TXT_KEY_SPY_NAME_BABYLON_9">
			<Text>Aruru</Text>
			<Gender>feminine</Gender>
		</Row><Row Tag="TXT_KEY_SPY_NAME_BRAZIL_0">
			<Text>Antonio</Text>
		</Row><Row Tag="TXT_KEY_SPY_NAME_BRAZIL_1">
			<Text>Bartolomeu</Text>
		</Row><Row Tag="TXT_KEY_SPY_NAME_BRAZIL_2">
			<Text>Domingos</Text>
		</Row><Row Tag="TXT_KEY_SPY_NAME_BRAZIL_3">
			<Text>Estevao</Text>
		</Row><Row Tag="TXT_KEY_SPY_NAME_BRAZIL_4">
			<Text>Fernao</Text>
		</Row><Row Tag="TXT_KEY_SPY_NAME_BRAZIL_5">
			<Text>Francisco</Text>
		</Row><Row Tag="TXT_KEY_SPY_NAME_BRAZIL_6">
			<Text>Pascoal</Text>
		</Row><Row Tag="TXT_KEY_SPY_NAME_BRAZIL_7">
			<Text>Salvador</Text>
		</Row><Row Tag="TXT_KEY_SPY_NAME_BRAZIL_8">
			<Text>Tome</Text>
		</Row><Row Tag="TXT_KEY_SPY_NAME_BRAZIL_9">
			<Text>Bianca</Text>
			<Gender>feminine</Gender>
		</Row><Row Tag="TXT_KEY_SPY_NAME_BYZANTIUM_0">
			<Text>Basil</Text>
		</Row><Row Tag="TXT_KEY_SPY_NAME_BYZANTIUM_1">
			<Text>Nikophoros</Text>
		</Row><Row Tag="TXT_KEY_SPY_NAME_BYZANTIUM_2">
			<Text>Demetrios</Text>
		</Row><Row Tag="TXT_KEY_SPY_NAME_BYZANTIUM_3">
			<Text>Philippos</Text>
		</Row><Row Tag="TXT_KEY_SPY_NAME_BYZANTIUM_4">
			<Text>Theophylaktos</Text>
		</Row><Row Tag="TXT_KEY_SPY_NAME_BYZANTIUM_5">
			<Text>Simonis</Text>
			<Gender>feminine</Gender>
		</Row><Row Tag="TXT_KEY_SPY_NAME_BYZANTIUM_6">
			<Text>Zoe</Text>
			<Gender>feminine</Gender>
		</Row><Row Tag="TXT_KEY_SPY_NAME_BYZANTIUM_7">
			<Text>Ioanno</Text>
			<Gender>feminine</Gender>
		</Row><Row Tag="TXT_KEY_SPY_NAME_BYZANTIUM_8">
			<Text>Xene</Text>
			<Gender>feminine</Gender>
		</Row><Row Tag="TXT_KEY_SPY_NAME_BYZANTIUM_9">
			<Text>Euphrosyne</Text>
			<Gender>feminine</Gender>
		</Row><Row Tag="TXT_KEY_SPY_NAME_CARTHAGE_0">
			<Text>Hamilcar</Text>
		</Row><Row Tag="TXT_KEY_SPY_NAME_CARTHAGE_1">
			<Text>Mago</Text>
		</Row><Row Tag="TXT_KEY_SPY_NAME_CARTHAGE_2">
			<Text>Baalhaan</Text>
		</Row><Row Tag="TXT_KEY_SPY_NAME_CARTHAGE_3">
			<Text>Sophoniba</Text>
			<Gender>feminine</Gender>
		</Row><Row Tag="TXT_KEY_SPY_NAME_CARTHAGE_4">
			<Text>Yzebel</Text>
			<Gender>feminine</Gender>
		</Row><Row Tag="TXT_KEY_SPY_NAME_CARTHAGE_5">
			<Text>Similce</Text>
			<Gender>feminine</Gender>
		</Row><Row Tag="TXT_KEY_SPY_NAME_CARTHAGE_6">
			<Text>Kandaulo</Text>
		</Row><Row Tag="TXT_KEY_SPY_NAME_CARTHAGE_7">
			<Text>Zinnridi</Text>
		</Row><Row Tag="TXT_KEY_SPY_NAME_CARTHAGE_8">
			<Text>Gisgo</Text>
		</Row><Row Tag="TXT_KEY_SPY_NAME_CARTHAGE_9">
			<Text>Fierelus</Text>
		</Row><Row Tag="TXT_KEY_SPY_NAME_CELTS_0">
			<Text>Crìsdean</Text>
		</Row><Row Tag="TXT_KEY_SPY_NAME_CELTS_1">
			<Text>Siobhán</Text>
			<Gender>feminine</Gender>
		</Row><Row Tag="TXT_KEY_SPY_NAME_CELTS_2">
			<Text>Seamus</Text>
		</Row><Row Tag="TXT_KEY_SPY_NAME_CELTS_3">
			<Text>Ffion</Text>
			<Gender>feminine</Gender>
		</Row><Row Tag="TXT_KEY_SPY_NAME_CELTS_4">
			<Text>Pádraig</Text>
		</Row><Row Tag="TXT_KEY_SPY_NAME_CELTS_5">
			<Text>Deirdre</Text>
			<Gender>feminine</Gender>
		</Row><Row Tag="TXT_KEY_SPY_NAME_CELTS_6">
			<Text>Mr. Quinn</Text>
		</Row><Row Tag="TXT_KEY_SPY_NAME_CELTS_7">
			<Text>Éadaoin</Text>
		</Row><Row Tag="TXT_KEY_SPY_NAME_CELTS_8">
			<Text>Alwyn</Text>
		</Row><Row Tag="TXT_KEY_SPY_NAME_CELTS_9">
			<Text>Col Ceathar</Text>
		</Row><Row Tag="TXT_KEY_SPY_NAME_CHINA_0">
			<Text>Li</Text>
		</Row><Row Tag="TXT_KEY_SPY_NAME_CHINA_1">
			<Text>Chen</Text>
		</Row><Row Tag="TXT_KEY_SPY_NAME_CHINA_2">
			<Text>Zhang</Text>
		</Row><Row Tag="TXT_KEY_SPY_NAME_CHINA_3">
			<Text>Liu</Text>
		</Row><Row Tag="TXT_KEY_SPY_NAME_CHINA_4">
			<Text>Yang</Text>
		</Row><Row Tag="TXT_KEY_SPY_NAME_CHINA_5">
			<Text>Huang</Text>
			<Gender>feminine</Gender>
		</Row><Row Tag="TXT_KEY_SPY_NAME_CHINA_6">
			<Text>Zhao</Text>
			<Gender>feminine</Gender>
		</Row><Row Tag="TXT_KEY_SPY_NAME_CHINA_7">
			<Text>Wu</Text>
			<Gender>feminine</Gender>
		</Row><Row Tag="TXT_KEY_SPY_NAME_CHINA_8">
			<Text>Zhou</Text>
			<Gender>feminine</Gender>
		</Row><Row Tag="TXT_KEY_SPY_NAME_CHINA_9">
			<Text>Sun</Text>
			<Gender>feminine</Gender>
		</Row><Row Tag="TXT_KEY_SPY_NAME_DENMARK_0">
			<Text>Jørgen</Text>
		</Row><Row Tag="TXT_KEY_SPY_NAME_DENMARK_1">
			<Text>Mette</Text>
			<Gender>feminine</Gender>
		</Row><Row Tag="TXT_KEY_SPY_NAME_DENMARK_2">
			<Text>Henrik</Text>
		</Row><Row Tag="TXT_KEY_SPY_NAME_DENMARK_3">
			<Text>Niels</Text>
		</Row><Row Tag="TXT_KEY_SPY_NAME_DENMARK_4">
			<Text>Helle</Text>
			<Gender>feminine</Gender>
		</Row><Row Tag="TXT_KEY_SPY_NAME_DENMARK_5">
			<Text>Frederik</Text>
		</Row><Row Tag="TXT_KEY_SPY_NAME_DENMARK_6">
			<Text>Ida</Text>
			<Gender>feminine</Gender>
		</Row><Row Tag="TXT_KEY_SPY_NAME_DENMARK_7">
			<Text>Thea</Text>
			<Gender>feminine</Gender>
		</Row><Row Tag="TXT_KEY_SPY_NAME_DENMARK_8">
			<Text>Freja</Text>
			<Gender>feminine</Gender>
		</Row><Row Tag="TXT_KEY_SPY_NAME_DENMARK_9">
			<Text>Morten</Text>
		</Row><Row Tag="TXT_KEY_SPY_NAME_EGYPT_0">
			<Text>Refaat</Text>
		</Row><Row Tag="TXT_KEY_SPY_NAME_EGYPT_1">
			<Text>Heba</Text>
		</Row><Row Tag="TXT_KEY_SPY_NAME_EGYPT_2">
			<Text>Salah</Text>
		</Row><Row Tag="TXT_KEY_SPY_NAME_EGYPT_3">
			<Text>Ahmed</Text>
		</Row><Row Tag="TXT_KEY_SPY_NAME_EGYPT_4">
			<Text>Zakaria</Text>
		</Row><Row Tag="TXT_KEY_SPY_NAME_EGYPT_5">
			<Text>Bastet</Text>
			<Gender>feminine</Gender>
		</Row><Row Tag="TXT_KEY_SPY_NAME_EGYPT_6">
			<Text>Ma'at</Text>
			<Gender>feminine</Gender>
		</Row><Row Tag="TXT_KEY_SPY_NAME_EGYPT_7">
			<Text>Nebhet</Text>
			<Gender>feminine</Gender>
		</Row><Row Tag="TXT_KEY_SPY_NAME_EGYPT_8">
			<Text>Tefenet</Text>
			<Gender>feminine</Gender>
		</Row><Row Tag="TXT_KEY_SPY_NAME_EGYPT_9">
			<Text>Neuth</Text>
			<Gender>feminine</Gender>
		</Row><Row Tag="TXT_KEY_SPY_NAME_ENGLAND_0">
			<Text>James</Text>
		</Row><Row Tag="TXT_KEY_SPY_NAME_ENGLAND_1">
			<Text>Scarlett</Text>
			<Gender>feminine</Gender>
		</Row><Row Tag="TXT_KEY_SPY_NAME_ENGLAND_2">
			<Text>Mycroft</Text>
		</Row><Row Tag="TXT_KEY_SPY_NAME_ENGLAND_3">
			<Text>Charlotte</Text>
			<Gender>feminine</Gender>
		</Row><Row Tag="TXT_KEY_SPY_NAME_ENGLAND_4">
			<Text>Gwendolyn</Text>
			<Gender>feminine</Gender>
		</Row><Row Tag="TXT_KEY_SPY_NAME_ENGLAND_5">
			<Text>Mr. Eks</Text>
		</Row><Row Tag="TXT_KEY_SPY_NAME_ENGLAND_6">
			<Text>Dr. Grey</Text>
		</Row><Row Tag="TXT_KEY_SPY_NAME_ENGLAND_7">
			<Text>Andrew</Text>
		</Row><Row Tag="TXT_KEY_SPY_NAME_ENGLAND_8">
			<Text>Scott</Text>
		</Row><Row Tag="TXT_KEY_SPY_NAME_ENGLAND_9">
			<Text>Anne</Text>
			<Gender>feminine</Gender>
		</Row><Row Tag="TXT_KEY_SPY_NAME_ETHIOPIA_0">
			<Text>Mulu Ken</Text>
		</Row><Row Tag="TXT_KEY_SPY_NAME_ETHIOPIA_1">
			<Text>Wendimu</Text>
		</Row><Row Tag="TXT_KEY_SPY_NAME_ETHIOPIA_2">
			<Text>Li'ol</Text>
		</Row><Row Tag="TXT_KEY_SPY_NAME_ETHIOPIA_3">
			<Text>Demeke</Text>
		</Row><Row Tag="TXT_KEY_SPY_NAME_ETHIOPIA_4">
			<Text>Mulu Alem</Text>
		</Row><Row Tag="TXT_KEY_SPY_NAME_ETHIOPIA_5">
			<Text>Abebech</Text>
			<Gender>feminine</Gender>
		</Row><Row Tag="TXT_KEY_SPY_NAME_ETHIOPIA_6">
			<Text>Zema</Text>
			<Gender>feminine</Gender>
		</Row><Row Tag="TXT_KEY_SPY_NAME_ETHIOPIA_7">
			<Text>Mihret</Text>
			<Gender>feminine</Gender>
		</Row><Row Tag="TXT_KEY_SPY_NAME_ETHIOPIA_8">
			<Text>Kebedech</Text>
			<Gender>feminine</Gender>
		</Row><Row Tag="TXT_KEY_SPY_NAME_ETHIOPIA_9">
			<Text>Alemnesh</Text>
			<Gender>feminine</Gender>
		</Row><Row Tag="TXT_KEY_SPY_NAME_FRANCE_0">
			<Text>Jean-Paul</Text>
		</Row><Row Tag="TXT_KEY_SPY_NAME_FRANCE_1">
			<Text>Martine</Text>
			<Gender>feminine</Gender>
		</Row><Row Tag="TXT_KEY_SPY_NAME_FRANCE_2">
			<Text>Lucien</Text>
		</Row><Row Tag="TXT_KEY_SPY_NAME_FRANCE_3">
			<Text>François</Text>
		</Row><Row Tag="TXT_KEY_SPY_NAME_FRANCE_4">
			<Text>Augustine</Text>
			<Gender>feminine</Gender>
		</Row><Row Tag="TXT_KEY_SPY_NAME_FRANCE_5">
			<Text>Monsieur X</Text>
		</Row><Row Tag="TXT_KEY_SPY_NAME_FRANCE_6">
			<Text>Dr. Dupont</Text>
		</Row><Row Tag="TXT_KEY_SPY_NAME_FRANCE_7">
			<Text>Vipère</Text>
		</Row><Row Tag="TXT_KEY_SPY_NAME_FRANCE_8">
			<Text>Yvette</Text>
			<Gender>feminine</Gender>
		</Row><Row Tag="TXT_KEY_SPY_NAME_FRANCE_9">
			<Text>Renard</Text>
		</Row><Row Tag="TXT_KEY_SPY_NAME_GERMANY_0">
			<Text>Johann</Text>
		</Row><Row Tag="TXT_KEY_SPY_NAME_GERMANY_1">
			<Text>Marlene</Text>
			<Gender>feminine</Gender>
		</Row><Row Tag="TXT_KEY_SPY_NAME_GERMANY_2">
			<Text>Wilhelm</Text>
		</Row><Row Tag="TXT_KEY_SPY_NAME_GERMANY_3">
			<Text>Eva</Text>
			<Gender>feminine</Gender>
		</Row><Row Tag="TXT_KEY_SPY_NAME_GERMANY_4">
			<Text>Heinz</Text>
		</Row><Row Tag="TXT_KEY_SPY_NAME_GERMANY_5">
			<Text>Horst</Text>
		</Row><Row Tag="TXT_KEY_SPY_NAME_GERMANY_6">
			<Text>Carl</Text>
		</Row><Row Tag="TXT_KEY_SPY_NAME_GERMANY_7">
			<Text>Viper</Text>
		</Row><Row Tag="TXT_KEY_SPY_NAME_GERMANY_8">
			<Text>Albrecht</Text>
		</Row><Row Tag="TXT_KEY_SPY_NAME_GERMANY_9">
			<Text>Anton</Text>
		</Row><Row Tag="TXT_KEY_SPY_NAME_GREECE_0">
			<Text>Jason</Text>
		</Row><Row Tag="TXT_KEY_SPY_NAME_GREECE_1">
			<Text>Helena</Text>
			<Gender>feminine</Gender>
		</Row><Row Tag="TXT_KEY_SPY_NAME_GREECE_2">
			<Text>Alexa</Text>
			<Gender>feminine</Gender>
		</Row><Row Tag="TXT_KEY_SPY_NAME_GREECE_3">
			<Text>Cletus</Text>
		</Row><Row Tag="TXT_KEY_SPY_NAME_GREECE_4">
			<Text>Kassandra</Text>
			<Gender>feminine</Gender>
		</Row><Row Tag="TXT_KEY_SPY_NAME_GREECE_5">
			<Text>Andres</Text>
		</Row><Row Tag="TXT_KEY_SPY_NAME_GREECE_6">
			<Text>Desdemona</Text>
			<Gender>feminine</Gender>
		</Row><Row Tag="TXT_KEY_SPY_NAME_GREECE_7">
			<Text>Anthea</Text>
			<Gender>feminine</Gender>
		</Row><Row Tag="TXT_KEY_SPY_NAME_GREECE_8">
			<Text>Aeneas</Text>
		</Row><Row Tag="TXT_KEY_SPY_NAME_GREECE_9">
			<Text>Leander</Text>
		</Row><Row Tag="TXT_KEY_SPY_NAME_HUNS_0">
			<Text>Balamber</Text>
		</Row><Row Tag="TXT_KEY_SPY_NAME_HUNS_1">
			<Text>Uldin</Text>
		</Row><Row Tag="TXT_KEY_SPY_NAME_HUNS_2">
			<Text>Donatus</Text>
		</Row><Row Tag="TXT_KEY_SPY_NAME_HUNS_3">
			<Text>Charato</Text>
		</Row><Row Tag="TXT_KEY_SPY_NAME_HUNS_4">
			<Text>Octar</Text>
		</Row><Row Tag="TXT_KEY_SPY_NAME_HUNS_5">
			<Text>Bleda</Text>
		</Row><Row Tag="TXT_KEY_SPY_NAME_HUNS_6">
			<Text>Ellac</Text>
		</Row><Row Tag="TXT_KEY_SPY_NAME_HUNS_7">
			<Text>Dengizik</Text>
		</Row><Row Tag="TXT_KEY_SPY_NAME_HUNS_8">
			<Text>Hildico</Text>
			<Gender>feminine</Gender>
		</Row><Row Tag="TXT_KEY_SPY_NAME_HUNS_9">
			<Text>Gudrun</Text>
			<Gender>feminine</Gender>
		</Row><Row Tag="TXT_KEY_SPY_NAME_INCA_0">
			<Text>Amaru</Text>
		</Row><Row Tag="TXT_KEY_SPY_NAME_INCA_1">
			<Text>Apichu</Text>
		</Row><Row Tag="TXT_KEY_SPY_NAME_INCA_2">
			<Text>Pariapichiu</Text>
		</Row><Row Tag="TXT_KEY_SPY_NAME_INCA_3">
			<Text>Puma</Text>
		</Row><Row Tag="TXT_KEY_SPY_NAME_INCA_4">
			<Text>Quenti</Text>
		</Row><Row Tag="TXT_KEY_SPY_NAME_INCA_5">
			<Text>Suyuntu</Text>
			<Gender>feminine</Gender>
		</Row><Row Tag="TXT_KEY_SPY_NAME_INCA_6">
			<Text>Uturuncu</Text>
			<Gender>feminine</Gender>
		</Row><Row Tag="TXT_KEY_SPY_NAME_INCA_7">
			<Text>Uturuncu</Text>
			<Gender>feminine</Gender>
		</Row><Row Tag="TXT_KEY_SPY_NAME_INCA_8">
			<Text>Purutu</Text>
			<Gender>feminine</Gender>
		</Row><Row Tag="TXT_KEY_SPY_NAME_INCA_9">
			<Text>Ozcollo</Text>
			<Gender>feminine</Gender>
		</Row><Row Tag="TXT_KEY_SPY_NAME_INDIA_0">
			<Text>Ashok</Text>
		</Row><Row Tag="TXT_KEY_SPY_NAME_INDIA_1">
			<Text>Shanx</Text>
		</Row><Row Tag="TXT_KEY_SPY_NAME_INDIA_2">
			<Text>Hormis</Text>
		</Row><Row Tag="TXT_KEY_SPY_NAME_INDIA_3">
			<Text>Sanjeev</Text>
		</Row><Row Tag="TXT_KEY_SPY_NAME_INDIA_4">
			<Text>Ananda</Text>
		</Row><Row Tag="TXT_KEY_SPY_NAME_INDIA_5">
			<Text>Rani</Text>
			<Gender>feminine</Gender>
		</Row><Row Tag="TXT_KEY_SPY_NAME_INDIA_6">
			<Text>Parvati</Text>
			<Gender>feminine</Gender>
		</Row><Row Tag="TXT_KEY_SPY_NAME_INDIA_7">
			<Text>Mukta</Text>
			<Gender>feminine</Gender>
		</Row><Row Tag="TXT_KEY_SPY_NAME_INDIA_8">
			<Text>Karishma</Text>
			<Gender>feminine</Gender>
		</Row><Row Tag="TXT_KEY_SPY_NAME_INDIA_9">
			<Text>Jyotsna</Text>
			<Gender>feminine</Gender>
		</Row><Row Tag="TXT_KEY_SPY_NAME_INDONESIA_0">
			<Text>Adityawarman</Text>
		</Row><Row Tag="TXT_KEY_SPY_NAME_INDONESIA_1">
			<Text>Airlangga</Text>
		</Row><Row Tag="TXT_KEY_SPY_NAME_INDONESIA_2">
			<Text>Citra</Text>
			<Gender>feminine</Gender>
		</Row><Row Tag="TXT_KEY_SPY_NAME_INDONESIA_3">
			<Text>Halayudha</Text>
		</Row><Row Tag="TXT_KEY_SPY_NAME_INDONESIA_4">
			<Text>Jayakatwang</Text>
		</Row><Row Tag="TXT_KEY_SPY_NAME_INDONESIA_5">
			<Text>Lingga</Text>
		</Row><Row Tag="TXT_KEY_SPY_NAME_INDONESIA_6">
			<Text>Mahendradatta</Text>
		</Row><Row Tag="TXT_KEY_SPY_NAME_INDONESIA_7">
			<Text>Prapana</Text>
		</Row><Row Tag="TXT_KEY_SPY_NAME_INDONESIA_8">
			<Text>Raden</Text>
		</Row><Row Tag="TXT_KEY_SPY_NAME_INDONESIA_9">
			<Text>Devi</Text>
			<Gender>feminine</Gender>
		</Row><Row Tag="TXT_KEY_SPY_NAME_IROQUOIS_0">
			<Text>Onatah</Text>
			<Gender>feminine</Gender>
		</Row><Row Tag="TXT_KEY_SPY_NAME_IROQUOIS_1">
			<Text>Oneida</Text>
			<Gender>feminine</Gender>
		</Row><Row Tag="TXT_KEY_SPY_NAME_IROQUOIS_2">
			<Text>Oshadagea</Text>
			<Gender>feminine</Gender>
		</Row><Row Tag="TXT_KEY_SPY_NAME_IROQUOIS_3">
			<Text>Otetiani</Text>
		</Row><Row Tag="TXT_KEY_SPY_NAME_IROQUOIS_4">
			<Text>Genesee</Text>
			<Gender>feminine</Gender>
		</Row><Row Tag="TXT_KEY_SPY_NAME_IROQUOIS_5">
			<Text>Dadgayadoh</Text>
		</Row><Row Tag="TXT_KEY_SPY_NAME_IROQUOIS_6">
			<Text>Otwtiani</Text>
		</Row><Row Tag="TXT_KEY_SPY_NAME_IROQUOIS_7">
			<Text>Kateri</Text>
			<Gender>feminine</Gender>
		</Row><Row Tag="TXT_KEY_SPY_NAME_IROQUOIS_8">
			<Text>Onondakai</Text>
		</Row><Row Tag="TXT_KEY_SPY_NAME_IROQUOIS_9">
			<Text>Honanyawus</Text>
		</Row><Row Tag="TXT_KEY_SPY_NAME_JAPAN_0">
			<Text>Akaishi</Text>
		</Row><Row Tag="TXT_KEY_SPY_NAME_JAPAN_1">
			<Text>Oki</Text>
		</Row><Row Tag="TXT_KEY_SPY_NAME_JAPAN_2">
			<Text>Hattori</Text>
		</Row><Row Tag="TXT_KEY_SPY_NAME_JAPAN_3">
			<Text>Morozumi</Text>
		</Row><Row Tag="TXT_KEY_SPY_NAME_JAPAN_4">
			<Text>Momochi</Text>
		</Row><Row Tag="TXT_KEY_SPY_NAME_JAPAN_5">
			<Text>Kawashima</Text>
			<Gender>feminine</Gender>
		</Row><Row Tag="TXT_KEY_SPY_NAME_JAPAN_6">
			<Text>Orin</Text>
			<Gender>feminine</Gender>
		</Row><Row Tag="TXT_KEY_SPY_NAME_JAPAN_7">
			<Text>Sakanishi</Text>
			<Gender>feminine</Gender>
		</Row><Row Tag="TXT_KEY_SPY_NAME_JAPAN_8">
			<Text>Kaede</Text>
			<Gender>feminine</Gender>
		</Row><Row Tag="TXT_KEY_SPY_NAME_JAPAN_9">
			<Text>Mochizuki</Text>
			<Gender>feminine</Gender>
		</Row><Row Tag="TXT_KEY_SPY_NAME_KOREA_0">
			<Text>Kim</Text>
		</Row><Row Tag="TXT_KEY_SPY_NAME_KOREA_1">
			<Text>Park</Text>
		</Row><Row Tag="TXT_KEY_SPY_NAME_KOREA_2">
			<Text>Han</Text>
		</Row><Row Tag="TXT_KEY_SPY_NAME_KOREA_3">
			<Text>Na</Text>
		</Row><Row Tag="TXT_KEY_SPY_NAME_KOREA_4">
			<Text>Kong</Text>
		</Row><Row Tag="TXT_KEY_SPY_NAME_KOREA_5">
			<Text>Yu</Text>
			<Gender>feminine</Gender>
		</Row><Row Tag="TXT_KEY_SPY_NAME_KOREA_6">
			<Text>Ahn</Text>
			<Gender>feminine</Gender>
		</Row><Row Tag="TXT_KEY_SPY_NAME_KOREA_7">
			<Text>Na</Text>
			<Gender>feminine</Gender>
		</Row><Row Tag="TXT_KEY_SPY_NAME_KOREA_8">
			<Text>Da</Text>
			<Gender>feminine</Gender>
		</Row><Row Tag="TXT_KEY_SPY_NAME_KOREA_9">
			<Text>Eun</Text>
			<Gender>feminine</Gender>
		</Row><Row Tag="TXT_KEY_SPY_NAME_MAYA_0">
			<Text>Camazotz</Text>
		</Row><Row Tag="TXT_KEY_SPY_NAME_MAYA_1">
			<Text>Coyopa</Text>
		</Row><Row Tag="TXT_KEY_SPY_NAME_MAYA_2">
			<Text>Gukumatz</Text>
		</Row><Row Tag="TXT_KEY_SPY_NAME_MAYA_3">
			<Text>Hunahpu</Text>
		</Row><Row Tag="TXT_KEY_SPY_NAME_MAYA_4">
			<Text>Huracan</Text>
		</Row><Row Tag="TXT_KEY_SPY_NAME_MAYA_5">
			<Text>Ixchel</Text>
			<Gender>feminine</Gender>
		</Row><Row Tag="TXT_KEY_SPY_NAME_MAYA_6">
			<Text>Ixtab</Text>
			<Gender>feminine</Gender>
		</Row><Row Tag="TXT_KEY_SPY_NAME_MAYA_7">
			<Text>Kukulkán</Text>
		</Row><Row Tag="TXT_KEY_SPY_NAME_MAYA_8">
			<Text>Xbalanque</Text>
		</Row><Row Tag="TXT_KEY_SPY_NAME_MAYA_9">
			<Text>Zipacna</Text>
		</Row><Row Tag="TXT_KEY_SPY_NAME_MONGOL_0">
			<Text>Asashōryū</Text>
		</Row><Row Tag="TXT_KEY_SPY_NAME_MONGOL_1">
			<Text>Tömöriin</Text>
		</Row><Row Tag="TXT_KEY_SPY_NAME_MONGOL_2">
			<Text>Zevegiin</Text>
		</Row><Row Tag="TXT_KEY_SPY_NAME_MONGOL_3">
			<Text>Jigjidiin</Text>
		</Row><Row Tag="TXT_KEY_SPY_NAME_MONGOL_4">
			<Text>Enkhbat</Text>
		</Row><Row Tag="TXT_KEY_SPY_NAME_MONGOL_5">
			<Text>Mönkhbayar</Text>
			<Gender>feminine</Gender>
		</Row><Row Tag="TXT_KEY_SPY_NAME_MONGOL_6">
			<Text>Gündegmaa</Text>
			<Gender>feminine</Gender>
		</Row><Row Tag="TXT_KEY_SPY_NAME_MONGOL_7">
			<Text>Ssima</Text>
			<Gender>feminine</Gender>
		</Row><Row Tag="TXT_KEY_SPY_NAME_MONGOL_8">
			<Text>Batachikhan</Text>
			<Gender>feminine</Gender>
		</Row><Row Tag="TXT_KEY_SPY_NAME_MONGOL_9">
			<Text>Chulunny</Text>
			<Gender>feminine</Gender>
		</Row><Row Tag="TXT_KEY_SPY_NAME_MOROCCO_0">
			<Text>el-Krim</Text>
		</Row><Row Tag="TXT_KEY_SPY_NAME_MOROCCO_1">
			<Text>ibn-Battuta</Text>
		</Row><Row Tag="TXT_KEY_SPY_NAME_MOROCCO_2">
			<Text>al-Jazzar</Text>
		</Row><Row Tag="TXT_KEY_SPY_NAME_MOROCCO_3">
			<Text>al-Kahina</Text>
		</Row><Row Tag="TXT_KEY_SPY_NAME_MOROCCO_4">
			<Text>Hayyuj</Text>
		</Row><Row Tag="TXT_KEY_SPY_NAME_MOROCCO_5">
			<Text>Kusayla</Text>
		</Row><Row Tag="TXT_KEY_SPY_NAME_MOROCCO_6">
			<Text>al-Idrisi</Text>
		</Row><Row Tag="TXT_KEY_SPY_NAME_MOROCCO_7">
			<Text>Salih</Text>
		</Row><Row Tag="TXT_KEY_SPY_NAME_MOROCCO_8">
			<Text>Tariq</Text>
		</Row><Row Tag="TXT_KEY_SPY_NAME_MOROCCO_9">
			<Text>Dihya</Text>
			<Gender>feminine</Gender>
		</Row><Row Tag="TXT_KEY_SPY_NAME_NETHERLANDS_0">
			<Text>Joost</Text>
		</Row><Row Tag="TXT_KEY_SPY_NAME_NETHERLANDS_1">
			<Text>Hendrika</Text>
			<Gender>feminine</Gender>
		</Row><Row Tag="TXT_KEY_SPY_NAME_NETHERLANDS_2">
			<Text>Marten</Text>
		</Row><Row Tag="TXT_KEY_SPY_NAME_NETHERLANDS_3">
			<Text>Anke</Text>
			<Gender>feminine</Gender>
		</Row><Row Tag="TXT_KEY_SPY_NAME_NETHERLANDS_4">
			<Text>Guus</Text>
		</Row><Row Tag="TXT_KEY_SPY_NAME_NETHERLANDS_5">
			<Text>Mr. X</Text>
		</Row><Row Tag="TXT_KEY_SPY_NAME_NETHERLANDS_6">
			<Text>Dr Grijs</Text>
		</Row><Row Tag="TXT_KEY_SPY_NAME_NETHERLANDS_7">
			<Text>Willem</Text>
		</Row><Row Tag="TXT_KEY_SPY_NAME_NETHERLANDS_8">
			<Text>Thijs</Text>
		</Row><Row Tag="TXT_KEY_SPY_NAME_NETHERLANDS_9">
			<Text>Neef</Text>
		</Row><Row Tag="TXT_KEY_SPY_NAME_OTTOMAN_0">
			<Text>Ibrahim</Text>
		</Row><Row Tag="TXT_KEY_SPY_NAME_OTTOMAN_1">
			<Text>Bayezid</Text>
		</Row><Row Tag="TXT_KEY_SPY_NAME_OTTOMAN_2">
			<Text>Sokollu</Text>
		</Row><Row Tag="TXT_KEY_SPY_NAME_OTTOMAN_3">
			<Text>Mahmut</Text>
		</Row><Row Tag="TXT_KEY_SPY_NAME_OTTOMAN_4">
			<Text>Uveys</Text>
		</Row><Row Tag="TXT_KEY_SPY_NAME_OTTOMAN_5">
			<Text>Roxelana</Text>
			<Gender>feminine</Gender>
		</Row><Row Tag="TXT_KEY_SPY_NAME_OTTOMAN_6">
			<Text>Safiye</Text>
			<Gender>feminine</Gender>
		</Row><Row Tag="TXT_KEY_SPY_NAME_OTTOMAN_7">
			<Text>Hafsa</Text>
			<Gender>feminine</Gender>
		</Row><Row Tag="TXT_KEY_SPY_NAME_OTTOMAN_8">
			<Text>Kosem</Text>
			<Gender>feminine</Gender>
		</Row><Row Tag="TXT_KEY_SPY_NAME_OTTOMAN_9">
			<Text>Nurbanu</Text>
			<Gender>feminine</Gender>
		</Row><Row Tag="TXT_KEY_SPY_NAME_PERSIA_0">
			<Text>Azi</Text>
		</Row><Row Tag="TXT_KEY_SPY_NAME_PERSIA_1">
			<Text>Dabir</Text>
		</Row><Row Tag="TXT_KEY_SPY_NAME_PERSIA_2">
			<Text>Firuz</Text>
		</Row><Row Tag="TXT_KEY_SPY_NAME_PERSIA_3">
			<Text>Gaspar</Text>
		</Row><Row Tag="TXT_KEY_SPY_NAME_PERSIA_4">
			<Text>Shahzad</Text>
		</Row><Row Tag="TXT_KEY_SPY_NAME_PERSIA_5">
			<Text>Aga</Text>
			<Gender>feminine</Gender>
		</Row><Row Tag="TXT_KEY_SPY_NAME_PERSIA_6">
			<Text>Marjane</Text>
			<Gender>feminine</Gender>
		</Row><Row Tag="TXT_KEY_SPY_NAME_PERSIA_7">
			<Text>Peri</Text>
			<Gender>feminine</Gender>
		</Row><Row Tag="TXT_KEY_SPY_NAME_PERSIA_8">
			<Text>Sartaj</Text>
			<Gender>feminine</Gender>
		</Row><Row Tag="TXT_KEY_SPY_NAME_PERSIA_9">
			<Text>Yasmin</Text>
			<Gender>feminine</Gender>
		</Row><Row Tag="TXT_KEY_SPY_NAME_POLAND_0">
			<Text>Wincenty</Text>
		</Row><Row Tag="TXT_KEY_SPY_NAME_POLAND_1">
			<Text>Roman</Text>
		</Row><Row Tag="TXT_KEY_SPY_NAME_POLAND_2">
			<Text>Benita</Text>
			<Gender>feminine</Gender>
		</Row><Row Tag="TXT_KEY_SPY_NAME_POLAND_3">
			<Text>Jan</Text>
		</Row><Row Tag="TXT_KEY_SPY_NAME_POLAND_4">
			<Text>Kazimierz</Text>
		</Row><Row Tag="TXT_KEY_SPY_NAME_POLAND_5">
			<Text>Josef</Text>
		</Row><Row Tag="TXT_KEY_SPY_NAME_POLAND_6">
			<Text>Krystyna Skarbek</Text>
			<Gender>feminine</Gender>
		</Row><Row Tag="TXT_KEY_SPY_NAME_POLAND_7">
			<Text>Tarnowski</Text>
		</Row><Row Tag="TXT_KEY_SPY_NAME_POLAND_8">
			<Text>Marian</Text>
			<Gender>feminine</Gender>
		</Row><Row Tag="TXT_KEY_SPY_NAME_POLAND_9">
			<Text>Alenka</Text>
			<Gender>feminine</Gender>
		</Row><Row Tag="TXT_KEY_SPY_NAME_POLYNESIA_0">
			<Text>Tiki</Text>
		</Row><Row Tag="TXT_KEY_SPY_NAME_POLYNESIA_1">
			<Text>Hotu Matua</Text>
		</Row><Row Tag="TXT_KEY_SPY_NAME_POLYNESIA_2">
			<Text>Rongo-ma-tane</Text>
		</Row><Row Tag="TXT_KEY_SPY_NAME_POLYNESIA_3">
			<Text>Kupe</Text>
		</Row><Row Tag="TXT_KEY_SPY_NAME_POLYNESIA_4">
			<Text>Haloti</Text>
		</Row><Row Tag="TXT_KEY_SPY_NAME_POLYNESIA_5">
			<Text>Degei</Text>
		</Row><Row Tag="TXT_KEY_SPY_NAME_POLYNESIA_6">
			<Text>Babamik</Text>
			<Gender>feminine</Gender>
		</Row><Row Tag="TXT_KEY_SPY_NAME_POLYNESIA_7">
			<Text>Kulu Lau</Text>
			<Gender>feminine</Gender>
		</Row><Row Tag="TXT_KEY_SPY_NAME_POLYNESIA_8">
			<Text>Nangananga</Text>
			<Gender>feminine</Gender>
		</Row><Row Tag="TXT_KEY_SPY_NAME_POLYNESIA_9">
			<Text>Turua</Text>
			<Gender>feminine</Gender>
		</Row><Row Tag="TXT_KEY_SPY_NAME_PORTUGAL_0">
			<Text>Francisco</Text>
		</Row><Row Tag="TXT_KEY_SPY_NAME_PORTUGAL_1">
			<Text>Gaspar</Text>
		</Row><Row Tag="TXT_KEY_SPY_NAME_PORTUGAL_2">
			<Text>Alvaro</Text>
		</Row><Row Tag="TXT_KEY_SPY_NAME_PORTUGAL_3">
			<Text>Bento</Text>
		</Row><Row Tag="TXT_KEY_SPY_NAME_PORTUGAL_4">
			<Text>Roberto</Text>
		</Row><Row Tag="TXT_KEY_SPY_NAME_PORTUGAL_5">
			<Text>Afonso</Text>
		</Row><Row Tag="TXT_KEY_SPY_NAME_PORTUGAL_6">
			<Text>Galeote</Text>
		</Row><Row Tag="TXT_KEY_SPY_NAME_PORTUGAL_7">
			<Text>Diogo</Text>
		</Row><Row Tag="TXT_KEY_SPY_NAME_PORTUGAL_8">
			<Text>Eliana</Text>
			<Gender>feminine</Gender>
		</Row><Row Tag="TXT_KEY_SPY_NAME_PORTUGAL_9">
			<Text>Oriana</Text>
			<Gender>feminine</Gender>
		</Row><Row Tag="TXT_KEY_SPY_NAME_ROME_0">
			<Text>Flavius</Text>
		</Row><Row Tag="TXT_KEY_SPY_NAME_ROME_1">
			<Text>Regula</Text>
			<Gender>feminine</Gender>
		</Row><Row Tag="TXT_KEY_SPY_NAME_ROME_2">
			<Text>Servius</Text>
		</Row><Row Tag="TXT_KEY_SPY_NAME_ROME_3">
			<Text>Lucia</Text>
			<Gender>feminine</Gender>
		</Row><Row Tag="TXT_KEY_SPY_NAME_ROME_4">
			<Text>Cornelius</Text>
		</Row><Row Tag="TXT_KEY_SPY_NAME_ROME_5">
			<Text>Licina</Text>
			<Gender>feminine</Gender>
		</Row><Row Tag="TXT_KEY_SPY_NAME_ROME_6">
			<Text>Canus</Text>
		</Row><Row Tag="TXT_KEY_SPY_NAME_ROME_7">
			<Text>Serpens</Text>
		</Row><Row Tag="TXT_KEY_SPY_NAME_ROME_8">
			<Text>Agrippa</Text>
			<Gender>feminine</Gender>
		</Row><Row Tag="TXT_KEY_SPY_NAME_ROME_9">
			<Text>Brutus</Text>
		</Row><Row Tag="TXT_KEY_SPY_NAME_RUSSIA_0">
			<Text>Alexei</Text>
		</Row><Row Tag="TXT_KEY_SPY_NAME_RUSSIA_1">
			<Text>Lena</Text>
			<Gender>feminine</Gender>
		</Row><Row Tag="TXT_KEY_SPY_NAME_RUSSIA_2">
			<Text>Dmitry</Text>
		</Row><Row Tag="TXT_KEY_SPY_NAME_RUSSIA_3">
			<Text>Anastasia</Text>
			<Gender>feminine</Gender>
		</Row><Row Tag="TXT_KEY_SPY_NAME_RUSSIA_4">
			<Text>Tatiana</Text>
			<Gender>feminine</Gender>
		</Row><Row Tag="TXT_KEY_SPY_NAME_RUSSIA_5">
			<Text>Boris</Text>
		</Row><Row Tag="TXT_KEY_SPY_NAME_RUSSIA_6">
			<Text>Doktor Seriy</Text>
		</Row><Row Tag="TXT_KEY_SPY_NAME_RUSSIA_7">
			<Text>Mikhail</Text>
		</Row><Row Tag="TXT_KEY_SPY_NAME_RUSSIA_8">
			<Text>Natacha</Text>
			<Gender>feminine</Gender>
		</Row><Row Tag="TXT_KEY_SPY_NAME_RUSSIA_9">
			<Text>Zmeya</Text>
		</Row><Row Tag="TXT_KEY_SPY_NAME_SHOSHONE_0">
			<Text>Cameahwait</Text>
		</Row><Row Tag="TXT_KEY_SPY_NAME_SHOSHONE_1">
			<Text>Ondongarte</Text>
		</Row><Row Tag="TXT_KEY_SPY_NAME_SHOSHONE_2">
			<Text>Queenah</Text>
		</Row><Row Tag="TXT_KEY_SPY_NAME_SHOSHONE_3">
			<Text>Pugweenee</Text>
		</Row><Row Tag="TXT_KEY_SPY_NAME_SHOSHONE_4">
			<Text>Sacajawea</Text>
			<Gender>feminine</Gender>
		</Row><Row Tag="TXT_KEY_SPY_NAME_SHOSHONE_5">
			<Text>Sagwitch</Text>
		</Row><Row Tag="TXT_KEY_SPY_NAME_SHOSHONE_6">
			<Text>Sanpitch</Text>
		</Row><Row Tag="TXT_KEY_SPY_NAME_SHOSHONE_7">
			<Text>Tetoharsky</Text>
		</Row><Row Tag="TXT_KEY_SPY_NAME_SHOSHONE_8">
			<Text>Tuziyammo</Text>
		</Row><Row Tag="TXT_KEY_SPY_NAME_SHOSHONE_9">
			<Text>Mugwayan</Text>
			<Gender>feminine</Gender>
		</Row><Row Tag="TXT_KEY_SPY_NAME_SIAM_0">
			<Text>Aran</Text>
		</Row><Row Tag="TXT_KEY_SPY_NAME_SIAM_1">
			<Text>Chanarong</Text>
		</Row><Row Tag="TXT_KEY_SPY_NAME_SIAM_2">
			<Text>Kiet</Text>
		</Row><Row Tag="TXT_KEY_SPY_NAME_SIAM_3">
			<Text>Niran</Text>
		</Row><Row Tag="TXT_KEY_SPY_NAME_SIAM_4">
			<Text>Virote</Text>
		</Row><Row Tag="TXT_KEY_SPY_NAME_SIAM_5">
			<Text>Kulap</Text>
			<Gender>feminine</Gender>
		</Row><Row Tag="TXT_KEY_SPY_NAME_SIAM_6">
			<Text>Mayuree</Text>
			<Gender>feminine</Gender>
		</Row><Row Tag="TXT_KEY_SPY_NAME_SIAM_7">
			<Text>Phueng</Text>
			<Gender>feminine</Gender>
		</Row><Row Tag="TXT_KEY_SPY_NAME_SIAM_8">
			<Text>Ratana</Text>
			<Gender>feminine</Gender>
		</Row><Row Tag="TXT_KEY_SPY_NAME_SIAM_9">
			<Text>Tola</Text>
			<Gender>feminine</Gender>
		</Row><Row Tag="TXT_KEY_SPY_NAME_SONGHAI_0">
			<Text>Ahmadou</Text>
		</Row><Row Tag="TXT_KEY_SPY_NAME_SONGHAI_1">
			<Text>Ayub</Text>
		</Row><Row Tag="TXT_KEY_SPY_NAME_SONGHAI_2">
			<Text>Badru</Text>
		</Row><Row Tag="TXT_KEY_SPY_NAME_SONGHAI_3">
			<Text>Bokhari</Text>
		</Row><Row Tag="TXT_KEY_SPY_NAME_SONGHAI_4">
			<Text>Guedado</Text>
		</Row><Row Tag="TXT_KEY_SPY_NAME_SONGHAI_5">
			<Text>Adhiambo</Text>
			<Gender>feminine</Gender>
		</Row><Row Tag="TXT_KEY_SPY_NAME_SONGHAI_6">
			<Text>Chinaka</Text>
			<Gender>feminine</Gender>
		</Row><Row Tag="TXT_KEY_SPY_NAME_SONGHAI_7">
			<Text>Laila</Text>
			<Gender>feminine</Gender>
		</Row><Row Tag="TXT_KEY_SPY_NAME_SONGHAI_8">
			<Text>Mariama</Text>
			<Gender>feminine</Gender>
		</Row><Row Tag="TXT_KEY_SPY_NAME_SONGHAI_9">
			<Text>Oni</Text>
			<Gender>feminine</Gender>
		</Row><Row Tag="TXT_KEY_SPY_NAME_SPAIN_0">
			<Text>Rodrigo</Text>
		</Row><Row Tag="TXT_KEY_SPY_NAME_SPAIN_1">
			<Text>Esmeralda</Text>
			<Gender>feminine</Gender>
		</Row><Row Tag="TXT_KEY_SPY_NAME_SPAIN_2">
			<Text>Leon</Text>
		</Row><Row Tag="TXT_KEY_SPY_NAME_SPAIN_3">
			<Text>Mathilda</Text>
			<Gender>feminine</Gender>
		</Row><Row Tag="TXT_KEY_SPY_NAME_SPAIN_4">
			<Text>Ramona</Text>
			<Gender>feminine</Gender>
		</Row><Row Tag="TXT_KEY_SPY_NAME_SPAIN_5">
			<Text>Señor X</Text>
		</Row><Row Tag="TXT_KEY_SPY_NAME_SPAIN_6">
			<Text>Topolino</Text>
		</Row><Row Tag="TXT_KEY_SPY_NAME_SPAIN_7">
			<Text>Serpiente</Text>
		</Row><Row Tag="TXT_KEY_SPY_NAME_SPAIN_8">
			<Text>Garcia</Text>
		</Row><Row Tag="TXT_KEY_SPY_NAME_SPAIN_9">
			<Text>El Lobo</Text>
		</Row><Row Tag="TXT_KEY_SPY_NAME_SWEDEN_0">
			<Text>Leif</Text>
		</Row><Row Tag="TXT_KEY_SPY_NAME_SWEDEN_1">
			<Text>Ingegard</Text>
			<Gender>feminine</Gender>
		</Row><Row Tag="TXT_KEY_SPY_NAME_SWEDEN_2">
			<Text>Sören</Text>
		</Row><Row Tag="TXT_KEY_SPY_NAME_SWEDEN_3">
			<Text>Ragnhild</Text>
			<Gender>feminine</Gender>
		</Row><Row Tag="TXT_KEY_SPY_NAME_SWEDEN_4">
			<Text>Lars</Text>
		</Row><Row Tag="TXT_KEY_SPY_NAME_SWEDEN_5">
			<Text>Lina</Text>
			<Gender>feminine</Gender>
		</Row><Row Tag="TXT_KEY_SPY_NAME_SWEDEN_6">
			<Text>Herr Grå</Text>
		</Row><Row Tag="TXT_KEY_SPY_NAME_SWEDEN_7">
			<Text>Magnus</Text>
		</Row><Row Tag="TXT_KEY_SPY_NAME_SWEDEN_8">
			<Text>Vilma</Text>
			<Gender>feminine</Gender>
		</Row><Row Tag="TXT_KEY_SPY_NAME_SWEDEN_9">
			<Text>Kusin</Text>
		</Row><Row Tag="TXT_KEY_SPY_NAME_VENICE_0">
			<Text>Gasparo</Text>
		</Row><Row Tag="TXT_KEY_SPY_NAME_VENICE_1">
			<Text>Giosafat</Text>
		</Row><Row Tag="TXT_KEY_SPY_NAME_VENICE_2">
			<Text>Ambrogio</Text>
		</Row><Row Tag="TXT_KEY_SPY_NAME_VENICE_3">
			<Text>Niccolo</Text>
		</Row><Row Tag="TXT_KEY_SPY_NAME_VENICE_4">
			<Text>Marino</Text>
		</Row><Row Tag="TXT_KEY_SPY_NAME_VENICE_5">
			<Text>Cesare</Text>
		</Row><Row Tag="TXT_KEY_SPY_NAME_VENICE_6">
			<Text>Francesco</Text>
		</Row><Row Tag="TXT_KEY_SPY_NAME_VENICE_7">
			<Text>Giovanni</Text>
		</Row><Row Tag="TXT_KEY_SPY_NAME_VENICE_8">
			<Text>Bertolome</Text>
		</Row><Row Tag="TXT_KEY_SPY_NAME_VENICE_9">
			<Text>Filomena</Text>
			<Gender>feminine</Gender>
		</Row><Row Tag="TXT_KEY_SPY_NAME_ZULU_0">
			<Text>Gumede</Text>
		</Row><Row Tag="TXT_KEY_SPY_NAME_ZULU_1">
			<Text>Jama</Text>
		</Row><Row Tag="TXT_KEY_SPY_NAME_ZULU_2">
			<Text>Mageba</Text>
		</Row><Row Tag="TXT_KEY_SPY_NAME_ZULU_3">
			<Text>Malanda</Text>
		</Row><Row Tag="TXT_KEY_SPY_NAME_ZULU_4">
			<Text>Mnguni</Text>
		</Row><Row Tag="TXT_KEY_SPY_NAME_ZULU_5">
			<Text>Ndaba</Text>
		</Row><Row Tag="TXT_KEY_SPY_NAME_ZULU_6">
			<Text>Phunga</Text>
		</Row><Row Tag="TXT_KEY_SPY_NAME_ZULU_7">
			<Text>Senzangakhona</Text>
		</Row><Row Tag="TXT_KEY_SPY_NAME_ZULU_8">
			<Text>Balungile</Text>
			<Gender>feminine</Gender>
		</Row><Row Tag="TXT_KEY_SPY_NAME_ZULU_9">
			<Text>Samkelisiwe</Text>
			<Gender>feminine</Gender>
		</Row></Language_fi_FI>
</GameData>