﻿<?xml version="1.0" encoding="utf-8"?>
<GameData>
	<Language_fi_FI>
		<Row Tag="TXT_KEY_CIV_AMERICA_ADJECTIVE">
			<Text>Amerikan</Text>
		</Row>
		<Row Tag="TXT_KEY_CIV_AMERICA_DESC">
			<Text>Amerikan valtakunta</Text>
		</Row>
		<Row Tag="TXT_KEY_CIV_AMERICA_SHORT_DESC">
			<Text>Amerikka|Amerikkaan</Text>
			<Gender>masculine:nominatiivi|feminine:illatiivi</Gender>
		</Row>
		<Row Tag="TXT_KEY_CIV_ARABIA_ADJECTIVE">
			<Text>Arabian</Text>
		</Row>
		<Row Tag="TXT_KEY_CIV_ARABIA_DESC">
			<Text>Arabian valtakunta</Text>
		</Row>
		<Row Tag="TXT_KEY_CIV_ARABIA_SHORT_DESC">
			<Text>Arabia|Arabiaan</Text>
			<Gender>masculine:nominatiivi|feminine:illatiivi</Gender>
		</Row>
		<Row Tag="TXT_KEY_CIV_AZTEC_ADJECTIVE">
			<Text>Asteekkien</Text>
			<Plurality>2</Plurality>
		</Row>
		<Row Tag="TXT_KEY_CIV_AZTEC_DESC">
			<Text>Asteekkien valtakunta</Text>
		</Row>
		<Row Tag="TXT_KEY_CIV_AZTEC_SHORT_DESC">
			<Text>Asteekkivaltio|asteekkeihin</Text>
			<Gender>masculine:nominatiivi|feminine:illatiivi</Gender>
			<Plurality>1|2</Plurality>
		</Row>
		<Row Tag="TXT_KEY_CIV_BARBARIAN_ADJECTIVE">
			<Text>Barbaarien</Text>
			<Plurality>2</Plurality>
		</Row>
		<Row Tag="TXT_KEY_CIV_BARBARIAN_DESC">
			<Text>Barbaarien valtakunta</Text>
		</Row>
		<Row Tag="TXT_KEY_CIV_BARBARIAN_SHORT_DESC">
			<Text>Barbaarit|barbaareihin</Text>
			<Gender>masculine:nominatiivi|feminine:illatiivi</Gender>
			<Plurality>2</Plurality>
		</Row>
		<Row Tag="TXT_KEY_CIV_CHINA_ADJECTIVE">
			<Text>Kiinan</Text>
		</Row>
		<Row Tag="TXT_KEY_CIV_CHINA_DESC">
			<Text>Kiinan valtakunta</Text>
		</Row>
		<Row Tag="TXT_KEY_CIV_CHINA_SHORT_DESC">
			<Text>Kiina|Kiinaan</Text>
			<Gender>masculine:nominatiivi|feminine:illatiivi</Gender>
		</Row>
		<Row Tag="TXT_KEY_CIV_EGYPT_ADJECTIVE">
			<Text>Egyptin</Text>
		</Row>
		<Row Tag="TXT_KEY_CIV_EGYPT_DESC">
			<Text>Egyptin valtakunta</Text>
		</Row>
		<Row Tag="TXT_KEY_CIV_EGYPT_SHORT_DESC">
			<Text>Egypti|Egyptiin</Text>
			<Gender>masculine:nominatiivi|feminine:illatiivi</Gender>
		</Row>
		<Row Tag="TXT_KEY_CIV_ENGLAND_ADJECTIVE">
			<Text>Englannin</Text>
		</Row>
		<Row Tag="TXT_KEY_CIV_ENGLAND_DESC">
			<Text>Englannin valtakunta</Text>
		</Row>
		<Row Tag="TXT_KEY_CIV_ENGLAND_SHORT_DESC">
			<Text>Englanti|Englantiin</Text>
			<Gender>masculine:nominatiivi|feminine:illatiivi</Gender>
		</Row>
		<Row Tag="TXT_KEY_CIV_FRANCE_ADJECTIVE">
			<Text>Ranskan</Text>
		</Row>
		<Row Tag="TXT_KEY_CIV_FRANCE_DESC">
			<Text>Ranskan valtakunta</Text>
		</Row>
		<Row Tag="TXT_KEY_CIV_FRANCE_SHORT_DESC">
			<Text>Ranska|Ranskaan</Text>
			<Gender>masculine:nominatiivi|feminine:illatiivi</Gender>
		</Row>
		<Row Tag="TXT_KEY_CIV_GERMANY_ADJECTIVE">
			<Text>Saksan</Text>
		</Row>
		<Row Tag="TXT_KEY_CIV_GERMANY_DESC">
			<Text>Saksan valtakunta</Text>
		</Row>
		<Row Tag="TXT_KEY_CIV_GERMANY_SHORT_DESC">
			<Text>Saksa|Saksaan</Text>
			<Gender>masculine:nominatiivi|feminine:illatiivi</Gender>
		</Row>
		<Row Tag="TXT_KEY_CIV_GREECE_ADJECTIVE">
			<Text>Kreikan</Text>
		</Row>
		<Row Tag="TXT_KEY_CIV_GREECE_DESC">
			<Text>Kreikan valtakunta</Text>
		</Row>
		<Row Tag="TXT_KEY_CIV_GREECE_SHORT_DESC">
			<Text>Kreikka|Kreikkaan</Text>
			<Gender>masculine:nominatiivi|feminine:illatiivi</Gender>
		</Row>
		<Row Tag="TXT_KEY_CIV_INDIA_ADJECTIVE">
			<Text>Intian</Text>
		</Row>
		<Row Tag="TXT_KEY_CIV_INDIA_DESC">
			<Text>Intian valtakunta</Text>
		</Row>
		<Row Tag="TXT_KEY_CIV_INDIA_SHORT_DESC">
			<Text>Intia|Intiaan</Text>
			<Gender>masculine:nominatiivi|feminine:illatiivi</Gender>
		</Row>
		<Row Tag="TXT_KEY_CIV_IROQUOIS_ADJECTIVE">
			<Text>Irokeesien</Text>
			<Plurality>2</Plurality>
		</Row>
		<Row Tag="TXT_KEY_CIV_IROQUOIS_DESC">
			<Text>Irokeesien valtakunta</Text>
		</Row>
		<Row Tag="TXT_KEY_CIV_IROQUOIS_SHORT_DESC">
			<Text>Irokeesiliitto|irokeeseihin</Text>
			<Gender>masculine:nominatiivi|feminine:illatiivi</Gender>
			<Plurality>1|2</Plurality>
		</Row>
		<Row Tag="TXT_KEY_CIV_JAPAN_ADJECTIVE">
			<Text>Japanin</Text>
		</Row>
		<Row Tag="TXT_KEY_CIV_JAPAN_DESC">
			<Text>Japanin valtakunta</Text>
		</Row>
		<Row Tag="TXT_KEY_CIV_JAPAN_SHORT_DESC">
			<Text>Japani|Japaniin</Text>
			<Gender>masculine:nominatiivi|feminine:illatiivi</Gender>
		</Row>
		<Row Tag="TXT_KEY_CIV_MINOR_ADJECTIVE">
			<Text>Kaupunkivaltion</Text>
		</Row>
		<Row Tag="TXT_KEY_CIV_MINOR_DESC">
			<Text>Kaupunkivaltio</Text>
		</Row>
		<Row Tag="TXT_KEY_CIV_MINOR_SHORT_DESC">
			<Text>Kaupunkivaltio|kaupunkivaltioon</Text>
			<Gender>masculine:nominatiivi|feminine:illatiivi</Gender>
		</Row>
		<Row Tag="TXT_KEY_CIV_OTTOMAN_ADJECTIVE">
			<Text>Osmanien</Text>
			<Plurality>2</Plurality>
		</Row>
		<Row Tag="TXT_KEY_CIV_OTTOMAN_DESC">
			<Text>Osmanien valtakunta</Text>
		</Row>
		<Row Tag="TXT_KEY_CIV_OTTOMAN_SHORT_DESC">
			<Text>Osmanivaltio|osmaneihin</Text>
			<Gender>masculine:nominatiivi|feminine:illatiivi</Gender>
			<Plurality>1|2</Plurality>
		</Row>
		<Row Tag="TXT_KEY_CIV_PERSIA_ADJECTIVE">
			<Text>Persian</Text>
		</Row>
		<Row Tag="TXT_KEY_CIV_PERSIA_DESC">
			<Text>Persian valtakunta</Text>
		</Row>
		<Row Tag="TXT_KEY_CIV_PERSIA_SHORT_DESC">
			<Text>Persia|Persiaan</Text>
			<Gender>masculine:nominatiivi|feminine:illatiivi</Gender>
		</Row>
		<Row Tag="TXT_KEY_CIV_ROME_ADJECTIVE">
			<Text>Rooman</Text>
		</Row>
		<Row Tag="TXT_KEY_CIV_ROME_DESC">
			<Text>Rooman valtakunta</Text>
		</Row>
		<Row Tag="TXT_KEY_CIV_ROME_SHORT_DESC">
			<Text>Rooma|Roomaan</Text>
			<Gender>masculine:nominatiivi|feminine:illatiivi</Gender>
		</Row>
		<Row Tag="TXT_KEY_CIV_RUSSIA_ADJECTIVE">
			<Text>Venäjän</Text>
		</Row>
		<Row Tag="TXT_KEY_CIV_RUSSIA_DESC">
			<Text>Venäjän valtakunta</Text>
		</Row>
		<Row Tag="TXT_KEY_CIV_RUSSIA_SHORT_DESC">
			<Text>Venäjä|Venäjään</Text>
			<Gender>masculine:nominatiivi|feminine:illatiivi</Gender>
		</Row>
		<Row Tag="TXT_KEY_CIV_SIAM_ADJECTIVE">
			<Text>Siamin</Text>
		</Row>
		<Row Tag="TXT_KEY_CIV_SIAM_DESC">
			<Text>Siamin valtakunta</Text>
		</Row>
		<Row Tag="TXT_KEY_CIV_SIAM_SHORT_DESC">
			<Text>Siam|Siamiin</Text>
			<Gender>masculine:nominatiivi|feminine:illatiivi</Gender>
		</Row>
		<Row Tag="TXT_KEY_CIV_SONGHAI_ADJECTIVE">
			<Text>Songhain</Text>
		</Row>
		<Row Tag="TXT_KEY_CIV_SONGHAI_DESC">
			<Text>Songhain valtakunta</Text>
		</Row>
		<Row Tag="TXT_KEY_CIV_SONGHAI_SHORT_DESC">
			<Text>Songhai|Songhaihin</Text>
			<Gender>masculine:nominatiivi|feminine:illatiivi</Gender>
		</Row>
		<!-- Mongolia -->
		<Row Tag="TXT_KEY_CIV_MONGOL_ADJECTIVE">
			<Text>Mongolien</Text>
		</Row>
		<Row Tag="TXT_KEY_CIV_MONGOL_DESC">
			<Text>Mongolien valtakunta</Text>
		</Row>
		<Row Tag="TXT_KEY_CIV_MONGOL_SHORT_DESC">
			<Text>Mongolia|Mongoliaan</Text>
			<Gender>masculine:nominatiivi|feminine:illatiivi</Gender>
		</Row>
		<Row Tag="TXT_KEY_MONGOL_SCENARIO_CIV_SIAM_ADJECTIVE">
			<Text>Jinin</Text>
		</Row>
		<Row Tag="TXT_KEY_MONGOL_SCENARIO_CIV_SIAM_SHORT_DESC">
			<Text>Jin|Jiniin</Text>
			<Gender>masculine:nominatiivi|feminine:illatiivi</Gender>
		</Row>
		<!-- Polynesia -->
		<Row Tag="TXT_KEY_CIV_POLYNESIA_ADJECTIVE">
			<Text>Polynesian</Text>
		</Row>
		<Row Tag="TXT_KEY_CIV_POLYNESIA_DESC">
			<Text>Polynesian valtakunta</Text>
		</Row>
		<Row Tag="TXT_KEY_CIV_POLYNESIA_SHORT_DESC">
			<Text>Polynesia|Polynesiaan</Text>
			<Gender>masculine:nominatiivi|feminine:illatiivi</Gender>
		</Row>
		<!-- Babylonia -->
		<Row Tag="TXT_KEY_CIV_BABYLON_ADJECTIVE">
			<Text>Babylonian</Text>
		</Row>
		<Row Tag="TXT_KEY_CIV_BABYLON_DESC">
			<Text>Babylonian valtakunta</Text>
		</Row>
		<Row Tag="TXT_KEY_CIV_BABYLON_SHORT_DESC">
			<Text>Babylonia|Babyloniaan</Text>
			<Gender>masculine:nominatiivi|feminine:illatiivi</Gender>
		</Row>
		<!-- Inkat -->
		<Row Tag="TXT_KEY_NEWWORLD_SCENARIO_CIV_JAPAN_ADJECTIVE">
			<Text>Vanhan maailman Euroopan</Text>
		</Row>
		<Row Tag="TXT_KEY_NEWWORLD_SCENARIO_CIV_JAPAN_DESC">
			<Text>Vanhan maailman Eurooppa</Text>
		</Row>
		<Row Tag="TXT_KEY_NEWWORLD_SCENARIO_CIV_JAPAN_SHORT_DESC">
			<Text>Vanha maailma|vanhaan maailmaan</Text>
			<Gender>masculine:nominatiivi|feminine:illatiivi</Gender>
		</Row>
		<Row Tag="TXT_KEY_CIV_INCA_ADJECTIVE">
			<Text>Inkojen</Text>
			<Gender>masculine:genetiivi</Gender>
			<Plurality>2</Plurality>
		</Row>
		<Row Tag="TXT_KEY_CIV_INCA_DESC">
			<Text>Inkojen valtakunta</Text>
			<Gender>masculine:nominatiivi</Gender>
		</Row>
		<Row Tag="TXT_KEY_CIV_INCA_SHORT_DESC">
			<Text>Inkavaltio|inkoihin</Text>
			<Gender>masculine:nominatiivi|feminine:illatiivi</Gender>
			<Plurality>1|2</Plurality>
		</Row>
		<Row Tag="TXT_KEY_CIV_SPAIN_ADJECTIVE">
			<Text>Espanjan</Text>
		</Row>
		<Row Tag="TXT_KEY_CIV_SPAIN_DESC">
			<Text>Espanjan valtakunta</Text>
		</Row>
		<Row Tag="TXT_KEY_CIV_SPAIN_SHORT_DESC">
			<Text>Espanja|Espanjaan</Text>
			<Gender>masculine:nominatiivi|feminine:illatiivi</Gender>
		</Row>
		<!-- Tanska -->
		<Row Tag="TXT_KEY_CIV_DENMARK_ADJECTIVE">
			<Text>Tanskan</Text>
		</Row>
		<Row Tag="TXT_KEY_CIV_DENMARK_DESC">
			<Text>Tanskan valtakunta</Text>
		</Row>
		<Row Tag="TXT_KEY_CIV_DENMARK_SHORT_DESC">
			<Text>Tanska|Tanskaan</Text>
			<Gender>masculine:nominatiivi|feminine:illatiivi</Gender>
		</Row>
		<Row Tag="TXT_KEY_1066_SCENARIO_CIV_FRANCE_DESC">
			<Text>Normandian herttuakunta</Text>
		</Row>
		<Row Tag="TXT_KEY_1066_SCENARIO_CIV_FRANCE_SHORT_DESC">
			<Text>Normandia|Normandiaan</Text>
			<Gender>masculine:nominatiivi|feminine:illatiivi</Gender>
		</Row>
		<Row Tag="TXT_KEY_1066_SCENARIO_CIV_FRANCE_ADJECTIVE">
			<Text>Normannien</Text>
		</Row>
		<Row Tag="TXT_KEY_1066_SCENARIO_CIV_GERMANY_DESC">
			<Text>Norjan valtakunta</Text>
		</Row>
		<Row Tag="TXT_KEY_1066_SCENARIO_CIV_GERMANY_SHORT_DESC">
			<Text>Norja|Norjaan</Text>
			<Gender>masculine:nominatiivi|feminine:illatiivi</Gender>
		</Row>
		<Row Tag="TXT_KEY_1066_SCENARIO_CIV_GERMANY_ADJECTIVE">
			<Text>Norjan</Text>
		</Row>
		<Row Tag="TXT_KEY_1066_SCENARIO_CIV_ENGLAND_DESC">
			<Text>Anglosaksien Englanti</Text>
		</Row>
		<!-- Korea -->
		<Row Tag="TXT_KEY_KOREA_SCENARIO_CIV_MONGOL_SHORT_DESC">
			<Text>Mantsuria|Mantsuriaan</Text>
			<Gender>masculine:nominatiivi|feminine:illatiivi</Gender>
		</Row>
		<Row Tag="TXT_KEY_CIV_KOREA_ADJECTIVE">
			<Text>Korean</Text>
		</Row>
		<Row Tag="TXT_KEY_CIV_KOREA_DESC">
			<Text>Korean valtakunta</Text>
		</Row>
		<Row Tag="TXT_KEY_CIV_KOREA_SHORT_DESC">
			<Text>Korea|Koreaan</Text>
			<Gender>masculine:nominatiivi|feminine:illatiivi</Gender>
		</Row>
		<!-- Jumalat ja kuninkaat -->
		<Row Tag="TXT_KEY_CIV_AUSTRIA_ADJECTIVE">
			<Text>Itävallan</Text>
		</Row>
		<Row Tag="TXT_KEY_CIV_AUSTRIA_DESC">
			<Text>Itävalta</Text>
		</Row>
		<Row Tag="TXT_KEY_CIV_AUSTRIA_SHORT_DESC">
			<Text>Itävalta|Itävaltaan</Text>
			<Gender>masculine:nominatiivi|feminine:illatiivi</Gender>
		</Row>
		<Row Tag="TXT_KEY_CIV_BYZANTIUM_ADJECTIVE">
			<Text>Bysantin</Text>
		</Row>
		<Row Tag="TXT_KEY_CIV_BYZANTIUM_DESC">
			<Text>Bysantin valtakunta</Text>
		</Row>
		<Row Tag="TXT_KEY_CIV_BYZANTIUM_SHORT_DESC">
			<Text>Bysantti|Bysanttiin</Text>
			<Gender>masculine:nominatiivi|feminine:illatiivi</Gender>
		</Row>
		<Row Tag="TXT_KEY_CIV_CARTHAGE_ADJECTIVE">
			<Text>Karthagon</Text>
		</Row>
		<Row Tag="TXT_KEY_CIV_CARTHAGE_DESC">
			<Text>Karthagon valtakunta</Text>
		</Row>
		<Row Tag="TXT_KEY_CIV_CARTHAGE_SHORT_DESC">
			<Text>Karthago|Karthagoon</Text>
			<Gender>masculine:nominatiivi|feminine:illatiivi</Gender>
		</Row>
		<Row Tag="TXT_KEY_CIV_CELTS_ADJECTIVE">
			<Text>Kelttien</Text>
			<Plurality>2</Plurality>
		</Row>
		<Row Tag="TXT_KEY_CIV_CELTS_DESC">
			<Text>Kelttien valtakunta</Text>
		</Row>
		<Row Tag="TXT_KEY_CIV_CELTS_SHORT_DESC">
			<Text>Kelttivaltio|keltteihin</Text>
			<Gender>masculine:nominatiivi|feminine:illatiivi</Gender>
			<Plurality>1|2</Plurality>
		</Row>
		<Row Tag="TXT_KEY_CIV_ETHIOPIA_ADJECTIVE">
			<Text>Etiopian</Text>
		</Row>
		<Row Tag="TXT_KEY_CIV_ETHIOPIA_DESC">
			<Text>Etiopian valtakunta</Text>
		</Row>
		<Row Tag="TXT_KEY_CIV_ETHIOPIA_SHORT_DESC">
			<Text>Etiopia|Etiopiaan</Text>
			<Gender>masculine:nominatiivi|feminine:illatiivi</Gender>
		</Row>
		<Row Tag="TXT_KEY_CIV_HUNS_ADJECTIVE">
			<Text>Hunnien</Text>
			<Plurality>2</Plurality>
		</Row>
		<Row Tag="TXT_KEY_CIV_HUNS_DESC">
			<Text>Hunnien valtakunta</Text>
		</Row>
		<Row Tag="TXT_KEY_CIV_HUNS_SHORT_DESC">
			<Text>Hunnivaltio|hunneihin</Text>
			<Gender>masculine:nominatiivi|feminine:illatiivi</Gender>
			<Plurality>1|2</Plurality>
		</Row>
		<Row Tag="TXT_KEY_CIV_MAYA_ADJECTIVE">
			<Text>Mayojen</Text>
			<Plurality>2</Plurality>
		</Row>
		<Row Tag="TXT_KEY_CIV_MAYA_DESC">
			<Text>Mayojen valtakunta</Text>
		</Row>
		<Row Tag="TXT_KEY_CIV_MAYA_SHORT_DESC">
			<Text>Mayavaltio|mayoihin</Text>
			<Gender>masculine:nominatiivi|feminine:illatiivi</Gender>
			<Plurality>1|2</Plurality>
		</Row>
		<Row Tag="TXT_KEY_CIV_NETHERLANDS_ADJECTIVE">
			<Text>Hollannin</Text>
		</Row>
		<Row Tag="TXT_KEY_CIV_NETHERLANDS_DESC">
			<Text>Hollannin valtakunta</Text>
		</Row>
		<Row Tag="TXT_KEY_CIV_NETHERLANDS_SHORT_DESC">
			<Text>Alankomaat|hollantiin</Text>
			<Gender>masculine:nominatiivi|feminine:illatiivi</Gender>
			<Plurality>2</Plurality>
		</Row>
		<Row Tag="TXT_KEY_CIV_SWEDEN_ADJECTIVE">
			<Text>Ruotsin</Text>
		</Row>
		<Row Tag="TXT_KEY_CIV_SWEDEN_DESC">
			<Text>Ruotsin valtakunta</Text>
		</Row>
		<Row Tag="TXT_KEY_CIV_SWEDEN_SHORT_DESC">
			<Text>Ruotsi|ruotsiin</Text>
			<Gender>masculine:nominatiivi|feminine:illatiivi</Gender>
		</Row>
		<!-- Rooman tuho -->
		<Row Tag="TXT_KEY_FOR_SCENARIO_CIV_ROME_DESC">
			<Text>Länsi-Rooma</Text>
		</Row>
		<Row Tag="TXT_KEY_FOR_SCENARIO_CIV_ROME_SHORT_DESC">
			<Text>Länsi-Rooma|Länsi-Roomaan</Text>
			<Gender>masculine:nominatiivi|feminine:illatiivi</Gender>
		</Row>
		<Row Tag="TXT_KEY_FOR_SCENARIO_CIV_ROME_ADJECTIVE">
			<Text>Länsi-Rooman</Text>
		</Row>
		<Row Tag="TXT_KEY_FOR_SCENARIO_CIV_BYZANTIUM_DESC">
			<Text>Itä-Rooma</Text>
		</Row>
		<Row Tag="TXT_KEY_FOR_SCENARIO_CIV_BYZANTIUM_SHORT_DESC">
			<Text>Itä-Rooma|Itä-Roomaan</Text>
			<Gender>masculine:nominatiivi|feminine:illatiivi</Gender>
		</Row>
		<Row Tag="TXT_KEY_FOR_SCENARIO_CIV_BYZANTIUM_ADJECTIVE">
			<Text>Itä-Rooman</Text>
		</Row>
		<Row Tag="TXT_KEY_FOR_SCENARIO_CIV_PERSIA_DESC">
			<Text>Sassanidien valtakunta</Text>
		</Row>
		<Row Tag="TXT_KEY_FOR_SCENARIO_CIV_PERSIA_SHORT_DESC">
			<Text>Sassanidit|sassanideihin</Text>
			<Gender>masculine:nominatiivi|feminine:illatiivi</Gender>
			<Plurality>2</Plurality>
		</Row>
		<Row Tag="TXT_KEY_FOR_SCENARIO_CIV_PERSIA_ADJECTIVE">
			<Text>Sassanidien</Text>
		</Row>
		<Row Tag="TXT_KEY_FOR_SCENARIO_CIV_FRANCE_DESC">
			<Text>Frankkien kuningaskunta</Text>
		</Row>
		<Row Tag="TXT_KEY_FOR_SCENARIO_CIV_FRANCE_SHORT_DESC">
			<Text>Frankit|frankkeihin</Text>
			<Gender>masculine:nominatiivi|feminine:illatiivi</Gender>
			<Plurality>2</Plurality>
		</Row>
		<Row Tag="TXT_KEY_FOR_SCENARIO_CIV_FRANCE_ADJECTIVE">
			<Text>Frankkien</Text>
		</Row>
		<Row Tag="TXT_KEY_FOR_SCENARIO_CIV_GERMANY_DESC">
			<Text>Goottien kuningaskunta</Text>
		</Row>
		<Row Tag="TXT_KEY_FOR_SCENARIO_CIV_GERMANY_SHORT_DESC">
			<Text>Gootit|gootteihin</Text>
			<Gender>masculine:nominatiivi|feminine:illatiivi</Gender>
			<Plurality>2</Plurality>
		</Row>
		<Row Tag="TXT_KEY_FOR_SCENARIO_CIV_GERMANY_ADJECTIVE">
			<Text>Goottien</Text>
		</Row>
		<Row Tag="TXT_KEY_FOR_SCENARIO_CIV_SONGHAI_DESC">
			<Text>Vandaalien kuningaskunta</Text>
		</Row>
		<Row Tag="TXT_KEY_FOR_SCENARIO_CIV_SONGHAI_SHORT_DESC">
			<Text>Vandaalit|vandaaleihin</Text>
			<Gender>masculine:nominatiivi|feminine:illatiivi</Gender>
			<Plurality>2</Plurality>
		</Row>
		<Row Tag="TXT_KEY_FOR_SCENARIO_CIV_SONGHAI_ADJECTIVE">
			<Text>Vandaalien</Text>
		</Row>
		<!-- Tuhkataivaitten imperiumit -->
		<Row Tag="TXT_KEY_STEAMPUNK_SCENARIO_CIV_GERMANY_DESC">
			<Text>Erukian valtakunta</Text>
		</Row>
		<Row Tag="TXT_KEY_STEAMPUNK_SCENARIO_CIV_GERMANY_SHORT_DESC">
			<Text>Erukia|Erukiaan</Text>
			<Gender>masculine:nominatiivi|feminine:illatiivi</Gender>
		</Row>
		<Row Tag="TXT_KEY_STEAMPUNK_SCENARIO_CIV_GERMANY_ADJECTIVE">
			<Text>Erukien</Text>
		</Row>
		<Row Tag="TXT_KEY_STEAMPUNK_SCENARIO_CIV_RUSSIA_DESC">
			<Text>Orlin valtakunta</Text>
		</Row>
		<Row Tag="TXT_KEY_STEAMPUNK_SCENARIO_CIV_RUSSIA_SHORT_DESC">
			<Text>Orli|Orliin</Text>
			<Gender>masculine:nominatiivi|feminine:illatiivi</Gender>
		</Row>
		<Row Tag="TXT_KEY_STEAMPUNK_SCENARIO_CIV_RUSSIA_ADJECTIVE">
			<Text>Orlin</Text>
		</Row>
		<Row Tag="TXT_KEY_STEAMPUNK_SCENARIO_CIV_ENGLAND_DESC">
			<Text>Puljasin valtakunta</Text>
		</Row>
		<Row Tag="TXT_KEY_STEAMPUNK_SCENARIO_CIV_ENGLAND_SHORT_DESC">
			<Text>Puljas|Puljasiin</Text>
			<Gender>masculine:nominatiivi|feminine:illatiivi</Gender>
		</Row>
		<Row Tag="TXT_KEY_STEAMPUNK_SCENARIO_CIV_ENGLAND_ADJECTIVE">
			<Text>Puljasin</Text>
		</Row>
		<Row Tag="TXT_KEY_STEAMPUNK_SCENARIO_CIV_SWEDEN_DESC">
			<Text>Vedrian valtakunta</Text>
		</Row>
		<Row Tag="TXT_KEY_STEAMPUNK_SCENARIO_CIV_SWEDEN_SHORT_DESC">
			<Text>Vedria|Vedriaan</Text>
			<Gender>masculine:nominatiivi|feminine:illatiivi</Gender>
		</Row>
		<Row Tag="TXT_KEY_STEAMPUNK_SCENARIO_CIV_SWEDEN_ADJECTIVE">
			<Text>Vedrian</Text>
		</Row>
		<Row Tag="TXT_KEY_STEAMPUNK_SCENARIO_CIV_FRANCE_DESC">
			<Text>Dalmasin valtakunta</Text>
		</Row>
		<Row Tag="TXT_KEY_STEAMPUNK_SCENARIO_CIV_FRANCE_SHORT_DESC">
			<Text>Dalmasi|Dalmasiin</Text>
			<Gender>masculine:nominatiivi|feminine:illatiivi</Gender>
		</Row>
		<Row Tag="TXT_KEY_STEAMPUNK_SCENARIO_CIV_FRANCE_ADJECTIVE">
			<Text>Dalmasin</Text>
		</Row>
		<Row Tag="TXT_KEY_STEAMPUNK_SCENARIO_CIV_BARBARIAN_ADJECTIVE">
			<Text>Ludiittien</Text>
		</Row>
		<Row Tag="TXT_KEY_STEAMPUNK_SCENARIO_CIV_BARBARIAN_DESC">
			<Text>Ludiittivaltakunta</Text>
		</Row>
		<Row Tag="TXT_KEY_STEAMPUNK_SCENARIO_CIV_BARBARIAN_SHORT_DESC">
			<Text>Ludiitit|ludiitteihin</Text>
			<Gender>masculine:nominatiivi|feminine:illatiivi</Gender>
			<Plurality>2</Plurality>
		</Row>
		<!-- Matka renessanssiin -->
		<Row Tag="TXT_KEY_MEDIEVAL_SCENARIO_CIV_SONGHAI_DESC">
			<Text>Aijubidien dynastia</Text>
		</Row>
		<Row Tag="TXT_KEY_MEDIEVAL_SCENARIO_CIV_SONGHAI_SHORT_DESC">
			<Text>Aijubidit|aijubideihin</Text>
			<Gender>masculine:nominatiivi|feminine:illatiivi</Gender>
			<Plurality>2</Plurality>
		</Row>
		<Row Tag="TXT_KEY_MEDIEVAL_SCENARIO_CIV_SONGHAI_ADJECTIVE">
			<Text>Aijubidien</Text>
		</Row>
		<Row Tag="TXT_KEY_MEDIEVAL_SCENARIO_CIV_ARABIA_SHORT_DESC">
			<Text>Almohadit|almohadien</Text>
			<Gender>masculine:nominatiivi|feminine:illatiivi</Gender>
			<Plurality>2</Plurality>
		</Row>
		<Row Tag="TXT_KEY_MEDIEVAL_SCENARIO_CIV_ARABIA_DESC">
			<Text>Almohadien kalifaatti</Text>
		</Row>
		<Row Tag="TXT_KEY_MEDIEVAL_SCENARIO_CIV_ARABIA_ADJECTIVE">
			<Text>Almohadien</Text>
		</Row>
		<Row Tag="TXT_KEY_MEDIEVAL_SCENARIO_CIV_OTTOMAN_SHORT_DESC">
			<Text>Turkki|Turkkiin</Text>
			<Gender>masculine:nominatiivi|feminine:illatiivi</Gender>
		</Row>
		<Row Tag="TXT_KEY_MEDIEVAL_SCENARIO_CIV_OTTOMAN_DESC">
			<Text>Turkin valtakunta</Text>
		</Row>
		<Row Tag="TXT_KEY_MEDIEVAL_SCENARIO_CIV_OTTOMAN_ADJECTIVE">
			<Text>Turkin</Text>
		</Row>
	</Language_fi_FI>
</GameData>