﻿<?xml version="1.0" encoding="utf-8"?>
<GameData>
	<Language_fi_FI>
		<Row Tag="TXT_KEY_PROJECT_APOLLO_PROGRAM">
			<Text>Apollo-ohjelma|Apollo-ohjelman</Text>
			<Gender>masculine:nominatiivi|feminine:akkusatiivi</Gender>
		</Row>
		<Row Tag="TXT_KEY_PROJECT_MANHATTAN_PROJECT">
			<Text>Manhattan-projekti|Manhattan-projektin</Text>
			<Gender>masculine:nominatiivi|feminine:akkusatiivi</Gender>
		</Row>
		<Row Tag="TXT_KEY_SS_CASING">
			<Text>Sukkulan kotelointi|sukkulan koteloinnin</Text>
			<Gender>masculine:nominatiivi|feminine:akkusatiivi</Gender>
		</Row>
		<Row Tag="TXT_KEY_SS_COCKPIT">
			<Text>Sukkulan ohjaamo|sukkulan ohjaamon</Text>
			<Gender>masculine:nominatiivi|feminine:akkusatiivi</Gender>
		</Row>
		<Row Tag="TXT_KEY_SS_DOCKING_BAY">
			<Text>Sukkulan lähtöteline|sukkulan lähtötelineen</Text>
			<Gender>masculine:nominatiivi|feminine:akkusatiivi</Gender>
		</Row>
		<Row Tag="TXT_KEY_SS_ENGINE">
			<Text>Sukkulan moottori|sukkulan moottorin</Text>
			<Gender>masculine:nominatiivi|feminine:akkusatiivi</Gender>
		</Row>
		<Row Tag="TXT_KEY_SS_LIFE_SUPPORT">
			<Text>Sukkulan elämän ylläpito|sukkulan elämän ylläpidon</Text>
			<Gender>masculine:nominatiivi|feminine:akkusatiivi</Gender>
		</Row>
		<Row Tag="TXT_KEY_SS_STASIS_CHAMBER">
			<Text>Sukkulan horroskammio|sukkulan horroskammion</Text>
			<Gender>masculine:nominatiivi|feminine:akkusatiivi</Gender>
		</Row>
		<Row Tag="TXT_KEY_SS_THRUSTERS">
			<Text>Sukkulan kiihdytysjärjestelmä|sukkulan kiihdytysjärjestelmän</Text>
			<Gender>masculine:nominatiivi|feminine:akkusatiivi</Gender>
		</Row>
		<Row Tag="TXT_KEY_SS_BOOSTER">
			<Text>Sukkulan lähtökiihdytin|sukkulan lähtökiihdyttimen</Text>
			<Gender>masculine:nominatiivi|feminine:akkusatiivi</Gender>
		</Row>
		<Row Tag="TXT_KEY_SYDNEY_OPERA_HOUSE">
			<Text>Sydneyn oopperatalo|Sydneyn oopperatalon</Text>
			<Gender>masculine:nominatiivi|feminine:akkusatiivi</Gender>
		</Row>
		<Row Tag="TXT_KEY_BUILDING_STADIUM_DESC">
			<Text>Stadion|stadionin</Text>
			<Gender>masculine:nominatiivi|feminine:akkusatiivi</Gender>
		</Row>
		<Row Tag="TXT_KEY_BUILDING_LONGHOUSE_DESC">
			<Text>Pitkätalo|pitkätalon</Text>
			<Gender>masculine:nominatiivi|feminine:akkusatiivi</Gender>
		</Row>
		<Row Tag="TXT_KEY_BUILDING_FLOATING_GARDENS_DESC">
			<Text>Kelluva puutarha|kelluvan puutarhan</Text>
			<Gender>masculine:nominatiivi|feminine:akkusatiivi</Gender>
		</Row>
		<Row Tag="TXT_KEY_BUILDING_BAZAAR_DESC">
			<Text>Basaari|basaarin</Text>
			<Gender>masculine:nominatiivi|feminine:akkusatiivi</Gender>
		</Row>
		<Row Tag="TXT_KEY_BUILDING_SATRAPS_COURT_DESC">
			<Text>Satraapin raatihuone|satraapin raatihuoneen</Text>
			<Gender>masculine:nominatiivi|feminine:akkusatiivi</Gender>
		</Row>
		<Row Tag="TXT_KEY_BUILDING_PAPER_MAKER_DESC">
			<Text>Paperivalmistamo|paperivalmistamon</Text>
			<Gender>masculine:nominatiivi|feminine:akkusatiivi</Gender>
		</Row>
		<Row Tag="TXT_KEY_BUILDING_MONUMENT_DESC">
			<Text>Monumentti|monumentin</Text>
			<Gender>masculine:nominatiivi|feminine:akkusatiivi</Gender>
		</Row>
		<Row Tag="TXT_KEY_BUILDING_MUD_PYRAMID_MOSQUE_DESC">
			<Text>Mutapyramidimoskeija|mutapyramidimoskeijan</Text>
			<Gender>masculine:nominatiivi|feminine:akkusatiivi</Gender>
		</Row>
		<Row Tag="TXT_KEY_BUILDING_TEMPLE_DESC">
			<Text>Temppeli|temppelin</Text>
			<Gender>masculine:nominatiivi|feminine:akkusatiivi</Gender>
		</Row>
		<Row Tag="TXT_KEY_BUILDING_WAT_DESC">
			<Text>Wat|watin</Text>
			<Gender>masculine:nominatiivi|feminine:akkusatiivi</Gender>
		</Row>
		<Row Tag="TXT_KEY_BUILDING_BURIAL_TOMB_DESC">
			<Text>Hautakammio|hautakammion</Text>
			<Gender>masculine:nominatiivi|feminine:akkusatiivi</Gender>
		</Row>
		<Row Tag="TXT_KEY_BUILDING_MONASTERY_DESC">
			<Text>Luostari|luostarin</Text>
			<Gender>masculine:nominatiivi|feminine:akkusatiivi</Gender>
		</Row>
		<Row Tag="TXT_KEY_BUILDING_ACADEMY">
			<Text>Akatemia|akatemian</Text>
			<Gender>masculine:nominatiivi|feminine:akkusatiivi</Gender>
		</Row>
		<Row Tag="TXT_KEY_BUILDING_ANGKOR_WAT">
			<Text>Angkor Wat|Angkor Watin</Text>
			<Gender>masculine:nominatiivi|feminine:akkusatiivi</Gender>
		</Row>
		<Row Tag="TXT_KEY_BUILDING_ARMORY">
			<Text>Asevarasto|asevaraston</Text>
			<Gender>masculine:nominatiivi|feminine:akkusatiivi</Gender>
		</Row>
		<Row Tag="TXT_KEY_BUILDING_ARSENAL">
			<Text>Asehalli|asehallin</Text>
			<Gender>masculine:nominatiivi|feminine:akkusatiivi</Gender>
		</Row>
		<Row Tag="TXT_KEY_BUILDING_BANK">
			<Text>Pankki|pankin</Text>
			<Gender>masculine:nominatiivi|feminine:akkusatiivi</Gender>
		</Row>
		<Row Tag="TXT_KEY_BUILDING_BARRACKS">
			<Text>Parakit|parakit</Text>
			<Gender>masculine:nominatiivi|feminine:akkusatiivi</Gender>
		</Row>
		<Row Tag="TXT_KEY_BUILDING_BIG_BEN">
			<Text>Big Ben|Big Benin</Text>
			<Gender>masculine:nominatiivi|feminine:akkusatiivi</Gender>
		</Row>
		<Row Tag="TXT_KEY_BUILDING_BRANDENBURG_GATE">
			<Text>Brandenburgin portti|Brandenburgin portin</Text>
			<Gender>masculine:nominatiivi|feminine:akkusatiivi</Gender>
		</Row>
		<Row Tag="TXT_KEY_BUILDING_BROADCAST_TOWER">
			<Text>Lähetysmasto|lähetysmaston</Text>
			<Gender>masculine:nominatiivi|feminine:akkusatiivi</Gender>
		</Row>
		<Row Tag="TXT_KEY_BUILDING_CASTLE">
			<Text>Linna|linnan</Text>
			<Gender>masculine:nominatiivi|feminine:akkusatiivi</Gender>
		</Row>
		<Row Tag="TXT_KEY_BUILDING_CHICHEN_ITZA">
			<Text>Chichen Itza|Chichen Itzan</Text>
			<Gender>masculine:nominatiivi|feminine:akkusatiivi</Gender>
		</Row>
		<Row Tag="TXT_KEY_BUILDING_COLOSSEUM">
			<Text>Kolosseumi|kolosseumin</Text>
			<Gender>masculine:nominatiivi|feminine:akkusatiivi</Gender>
		</Row>
		<Row Tag="TXT_KEY_BUILDING_COLOSSUS">
			<Text>Kolossus|Kolossuksen</Text>
			<Gender>masculine:nominatiivi|feminine:akkusatiivi</Gender>
		</Row>
		<Row Tag="TXT_KEY_BUILDING_CRISTO_REDENTOR">
			<Text>Cristo Redentor|Cristo Redentorin</Text>
			<Gender>masculine:nominatiivi|feminine:akkusatiivi</Gender>
		</Row>
		<Row Tag="TXT_KEY_BUILDING_SEAPORT">
			<Text>Meriportti|meriportin</Text>
			<Gender>masculine:nominatiivi|feminine:akkusatiivi</Gender>
		</Row>
		<Row Tag="TXT_KEY_BUILDING_EIFFEL_TOWER">
			<Text>Eiffel-torni|Eiffel-tornin</Text>
			<Gender>masculine:nominatiivi|feminine:akkusatiivi</Gender>
		</Row>
		<Row Tag="TXT_KEY_BUILDING_FACTORY">
			<Text>Tehdas|tehtaan</Text>
			<Gender>masculine:nominatiivi|feminine:akkusatiivi</Gender>
		</Row>
		<Row Tag="TXT_KEY_BUILDING_FORBIDDEN_PALACE">
			<Text>Kielletty palatsi|kielletyn palatsin</Text>
			<Gender>masculine:nominatiivi|feminine:akkusatiivi</Gender>
		</Row>
		<Row Tag="TXT_KEY_BUILDING_FORGE">
			<Text>Ahjo|ahjon</Text>
			<Gender>masculine:nominatiivi|feminine:akkusatiivi</Gender>
		</Row>
		<Row Tag="TXT_KEY_BUILDING_GRANARY">
			<Text>Aitta|aitan</Text>
			<Gender>masculine:nominatiivi|feminine:akkusatiivi</Gender>
		</Row>
		<Row Tag="TXT_KEY_BUILDING_GREAT_LIBRARY">
			<Text>Mahtava kirjasto|Mahtavan kirjaston</Text>
			<Gender>masculine:nominatiivi|feminine:akkusatiivi</Gender>
		</Row>
		<Row Tag="TXT_KEY_BUILDING_GREAT_LIGHTHOUSE">
			<Text>Mahtava majakka|Mahtavan majakan</Text>
			<Gender>masculine:nominatiivi|feminine:akkusatiivi</Gender>
		</Row>
		<Row Tag="TXT_KEY_BUILDING_GREAT_WALL">
			<Text>Mahtava muuri|Mahtavan muurin</Text>
			<Gender>masculine:nominatiivi|feminine:akkusatiivi</Gender>
		</Row>
		<Row Tag="TXT_KEY_BUILDING_GROCER">
			<Text>Kauppakatu|kauppakadun</Text>
			<Gender>masculine:nominatiivi|feminine:akkusatiivi</Gender>
		</Row>
		<Row Tag="TXT_KEY_BUILDING_HAGIA_SOPHIA">
			<Text>Hagia Sofia|Hagia Sofian</Text>
			<Gender>masculine:nominatiivi|feminine:akkusatiivi</Gender>
		</Row>
		<Row Tag="TXT_KEY_BUILDING_HANGING_GARDEN">
			<Text>Riippuvat puutarhat|Riippuvat puutarhat</Text>
			<Gender>masculine:nominatiivi|feminine:akkusatiivi</Gender>
		</Row>
		<Row Tag="TXT_KEY_BUILDING_HARBOR">
			<Text>Satama|sataman</Text>
			<Gender>masculine:nominatiivi|feminine:akkusatiivi</Gender>
		</Row>
		<Row Tag="TXT_KEY_BUILDING_HEROIC_EPIC">
			<Text>Sankarieepos|sankarieepoksen</Text>
			<Gender>masculine:nominatiivi|feminine:akkusatiivi</Gender>
		</Row>
		<Row Tag="TXT_KEY_BUILDING_HIMEJI_CASTLE">
			<Text>Himejin linna|Himejin linnan</Text>
			<Gender>masculine:nominatiivi|feminine:akkusatiivi</Gender>
		</Row>
		<Row Tag="TXT_KEY_BUILDING_HYDRO_PLANT">
			<Text>Vesivoimala|vesivoimalan</Text>
			<Gender>masculine:nominatiivi|feminine:akkusatiivi</Gender>
		</Row>
		<Row Tag="TXT_KEY_BUILDING_KREMLIN">
			<Text>Kremlin|Kremlinin</Text>
			<Gender>masculine:nominatiivi|feminine:akkusatiivi</Gender>
		</Row>
		<Row Tag="TXT_KEY_BUILDING_LABORATORY">
			<Text>Tutkimuslaboratorio|tutkimuslaboratorion</Text>
			<Gender>masculine:nominatiivi|feminine:akkusatiivi</Gender>
		</Row>
		<Row Tag="TXT_KEY_BUILDING_LIBRARY">
			<Text>Kirjasto|kirjaston</Text>
			<Gender>masculine:nominatiivi|feminine:akkusatiivi</Gender>
		</Row>
		<Row Tag="TXT_KEY_BUILDING_LIGHTHOUSE">
			<Text>Majakka|majakan</Text>
			<Gender>masculine:nominatiivi|feminine:akkusatiivi</Gender>
		</Row>
		<Row Tag="TXT_KEY_BUILDING_LOUVRE">
			<Text>Louvre|Louvren</Text>
			<Gender>masculine:nominatiivi|feminine:akkusatiivi</Gender>
		</Row>
		<Row Tag="TXT_KEY_BUILDING_MACHU_PICHU">
			<Text>Machu Pichu|Machu Pichun</Text>
			<Gender>masculine:nominatiivi|feminine:akkusatiivi</Gender>
		</Row>
		<Row Tag="TXT_KEY_BUILDING_MARKET">
			<Text>Tori|torin</Text>
			<Gender>masculine:nominatiivi|feminine:akkusatiivi</Gender>
		</Row>
		<Row Tag="TXT_KEY_BUILDING_MILITARY_ACADEMY">
			<Text>Sota-akademia|sota-akademian</Text>
			<Gender>masculine:nominatiivi|feminine:akkusatiivi</Gender>
		</Row>
		<Row Tag="TXT_KEY_BUILDING_MILITARY_BASE">
			<Text>Armeijan tukikohta|armeijan tukikohdan</Text>
			<Gender>masculine:nominatiivi|feminine:akkusatiivi</Gender>
		</Row>
		<Row Tag="TXT_KEY_BUILDING_MINT">
			<Text>Rahapaja|rahapajan</Text>
			<Gender>masculine:nominatiivi|feminine:akkusatiivi</Gender>
		</Row>
		<Row Tag="TXT_KEY_BUILDING_MUSEUM">
			<Text>Museo|museon</Text>
			<Gender>masculine:nominatiivi|feminine:akkusatiivi</Gender>
		</Row>
		<Row Tag="TXT_KEY_BUILDING_NATIONAL_COLLEGE">
			<Text>Kansallinen yliopisto|kansallisen yliopiston</Text>
			<Gender>masculine:nominatiivi|feminine:akkusatiivi</Gender>
		</Row>
		<Row Tag="TXT_KEY_BUILDING_NATIONAL_EPIC">
			<Text>Kansalliseepos|kansalliseepoksen</Text>
			<Gender>masculine:nominatiivi|feminine:akkusatiivi</Gender>
		</Row>
		<Row Tag="TXT_KEY_PROJECT_UTOPIA_PROJECT">
			<Text>Utopiaprojekti|utopiaprojektin</Text>
			<Gender>masculine:nominatiivi|feminine:akkusatiivi</Gender>
		</Row>
		<Row Tag="TXT_KEY_BUILDING_NUCLEAR_PLANT">
			<Text>Ydinvoimala|ydinvoimalan</Text>
			<Gender>masculine:nominatiivi|feminine:akkusatiivi</Gender>
		</Row>
		<Row Tag="TXT_KEY_BUILDING_NOTRE_DAME">
			<Text>Notre Dame|Notre Damen</Text>
			<Gender>masculine:nominatiivi|feminine:akkusatiivi</Gender>
		</Row>
		<Row Tag="TXT_KEY_BUILDING_OPERA_HOUSE">
			<Text>Oopperatalo|oopperatalon</Text>
			<Gender>masculine:nominatiivi|feminine:akkusatiivi</Gender>
		</Row>
		<Row Tag="TXT_KEY_BUILDING_ORACLE">
			<Text>Oraakkeli|Oraakkelin</Text>
			<Gender>masculine:nominatiivi|feminine:akkusatiivi</Gender>
		</Row>
		<Row Tag="TXT_KEY_BUILDING_PALACE">
			<Text>Palatsi|palatsin</Text>
			<Gender>masculine:nominatiivi|feminine:akkusatiivi</Gender>
		</Row>
		<Row Tag="TXT_KEY_BUILDING_PENTAGON">
			<Text>Pentagon|Pentagonin</Text>
			<Gender>masculine:nominatiivi|feminine:akkusatiivi</Gender>
		</Row>
		<Row Tag="TXT_KEY_BUILDING_PARK">
			<Text>Puisto|puiston</Text>
			<Gender>masculine:nominatiivi|feminine:akkusatiivi</Gender>
		</Row>
		<Row Tag="TXT_KEY_BUILDING_PORCELAIN_TOWER">
			<Text>Posliinitorni|Posliinitornin</Text>
			<Gender>masculine:nominatiivi|feminine:akkusatiivi</Gender>
		</Row>
		<Row Tag="TXT_KEY_BUILDING_OBSERVATORY">
			<Text>Observatorio|observatorion</Text>
			<Gender>masculine:nominatiivi|feminine:akkusatiivi</Gender>
		</Row>
		<Row Tag="TXT_KEY_BUILDING_PYRAMID">
			<Text>Pyramidit|Pyramidit</Text>
			<Gender>masculine:nominatiivi|feminine:akkusatiivi</Gender>
		</Row>
		<Row Tag="TXT_KEY_BUILDING_SISTINE_CHAPEL">
			<Text>Sikstiiniläiskappeli|Sikstiiniläiskappelin</Text>
			<Gender>masculine:nominatiivi|feminine:akkusatiivi</Gender>
		</Row>
		<Row Tag="TXT_KEY_BUILDING_SOLAR_PLANT">
			<Text>Aurinkovoimala|aurinkovoimalan</Text>
			<Gender>masculine:nominatiivi|feminine:akkusatiivi</Gender>
		</Row>
		<Row Tag="TXT_KEY_BUILDING_SPACESHIP_FACTORY">
			<Text>Sukkulatehdas|sukkulatehtaan</Text>
			<Gender>masculine:nominatiivi|feminine:akkusatiivi</Gender>
		</Row>
		<Row Tag="TXT_KEY_BUILDING_STABLE">
			<Text>Talli|tallin</Text>
			<Gender>masculine:nominatiivi|feminine:akkusatiivi</Gender>
		</Row>
		<Row Tag="TXT_KEY_BUILDING_STATUE_OF_LIBERTY">
			<Text>Vapaudenpatsas|Vapaudenpatsaan</Text>
			<Gender>masculine:nominatiivi|feminine:akkusatiivi</Gender>
		</Row>
		<Row Tag="TXT_KEY_BUILDING_STONEHENGE">
			<Text>Stonehenge|Stonehengen</Text>
			<Gender>masculine:nominatiivi|feminine:akkusatiivi</Gender>
		</Row>
		<Row Tag="TXT_KEY_BUILDING_TAJ_MAHAL">
			<Text>Taj Mahal|Taj Mahalin</Text>
			<Gender>masculine:nominatiivi|feminine:akkusatiivi</Gender>
		</Row>
		<Row Tag="TXT_KEY_BUILDING_TEMPLE">
			<Text>Temppeli|temppelin</Text>
			<Gender>masculine:nominatiivi|feminine:akkusatiivi</Gender>
		</Row>
		<Row Tag="TXT_KEY_BUILDING_THEATRE">
			<Text>Teatteri|teatterin</Text>
			<Gender>masculine:nominatiivi|feminine:akkusatiivi</Gender>
		</Row>
		<Row Tag="TXT_KEY_BUILDING_COURTHOUSE">
			<Text>Raatihuone|raatihuoneen</Text>
			<Gender>masculine:nominatiivi|feminine:akkusatiivi</Gender>
		</Row>
		<Row Tag="TXT_KEY_BUILDING_UNITED_NATIONS">
			<Text>Yhdistyneet kansakunnat|Yhdistyneet kansakunnat</Text>
			<Gender>masculine:nominatiivi|feminine:akkusatiivi</Gender>
		</Row>
		<Row Tag="TXT_KEY_BUILDING_UNIVERSITY">
			<Text>Yliopisto|yliopiston</Text>
			<Gender>masculine:nominatiivi|feminine:akkusatiivi</Gender>
		</Row>
		<Row Tag="TXT_KEY_BUILDING_WALLS">
			<Text>Muuri|muurin</Text>
			<Gender>masculine:nominatiivi|feminine:akkusatiivi</Gender>
		</Row>
		<Row Tag="TXT_KEY_BUILDING_WATERMILL">
			<Text>Vesimylly|vesimyllyn</Text>
			<Gender>masculine:nominatiivi|feminine:akkusatiivi</Gender>
		</Row>
		<Row Tag="TXT_KEY_BUILDING_WINDMILL">
			<Text>Tuulimylly|tuulimyllyn</Text>
			<Gender>masculine:nominatiivi|feminine:akkusatiivi</Gender>
		</Row>
		<Row Tag="TXT_KEY_BUILDING_WORKSHOP">
			<Text>Työpaja|työpajan</Text>
			<Gender>masculine:nominatiivi|feminine:akkusatiivi</Gender>
		</Row>
		<Row Tag="TXT_KEY_BUILDING_MUGHAL_FORT_DESC">
			<Text>Mogulien linnoitus|Mogulien linnoituksen</Text>
			<Gender>masculine:nominatiivi|feminine:akkusatiivi</Gender>
		</Row>
		<Row Tag="TXT_KEY_BUILDING_HOSPITAL">
			<Text>Sairaala|sairaalan</Text>
			<Gender>masculine:nominatiivi|feminine:akkusatiivi</Gender>
		</Row>
		<Row Tag="TXT_KEY_BUILDING_MEDICAL_LAB">
			<Text>Lääkelaboratorio|lääkelaboratorion</Text>
			<Gender>masculine:nominatiivi|feminine:akkusatiivi</Gender>
		</Row>
		<Row Tag="TXT_KEY_BUILDING_STOCK_EXCHANGE">
			<Text>Pörssi|pörssin</Text>
			<Gender>masculine:nominatiivi|feminine:akkusatiivi</Gender>
		</Row>
		<Row Tag="TXT_KEY_BUILDING_PUBLIC_SCHOOL">
			<Text>Julkinen koulu|julkisen koulun</Text>
			<Gender>masculine:nominatiivi|feminine:akkusatiivi</Gender>
		</Row>
		<Row Tag="TXT_KEY_BUILDING_KREPOST_DESC">
			<Text>Kreposti|krepostin</Text>
			<Gender>masculine:nominatiivi|feminine:akkusatiivi</Gender>
		</Row>
		<Row Tag="TXT_KEY_BUILDING_CIRCUS">
			<Text>Sirkus|sirkuksen</Text>
			<Gender>masculine:nominatiivi|feminine:akkusatiivi</Gender>
		</Row>
		<Row Tag="TXT_KEY_BUILDING_GARDEN">
			<Text>Puutarha|puutarhan</Text>
			<Gender>masculine:nominatiivi|feminine:akkusatiivi</Gender>
		</Row>
		<Row Tag="TXT_KEY_BUILDING_IRONWORKS">
			<Text>Rautaruukki|rautaruukin</Text>
			<Gender>masculine:nominatiivi|feminine:akkusatiivi</Gender>
		</Row>
		<Row Tag="TXT_KEY_BUILDING_OXFORD_UNIVERSITY">
			<Text>Oxfordin yliopisto|Oxfordin yliopiston</Text>
			<Gender>masculine:nominatiivi|feminine:akkusatiivi</Gender>
		</Row>
		<Row Tag="TXT_KEY_BUILDING_HERMITAGE">
			<Text>Eremitaasi|Eremitaasin</Text>
			<Gender>masculine:nominatiivi|feminine:akkusatiivi</Gender>
		</Row>
		<Row Tag="TXT_KEY_BUILDING_AQUEDUCT">
			<Text>Akvedukti|akveduktin</Text>
			<Gender>masculine:nominatiivi|feminine:akkusatiivi</Gender>
		</Row>
		<Row Tag="TXT_KEY_BUILDING_STONE_WORKS">
			<Text>Kivenveistämö|kivenveistämön</Text>
			<Gender>masculine:nominatiivi|feminine:akkusatiivi</Gender>
		</Row>
		<!-- Babylonia -->
		<Row Tag="TXT_KEY_BUILDING_WALLS_OF_BABYLON_DESC">
			<Text>Babylonin muurit|Babylonin muurit</Text>
			<Gender>masculine:nominatiivi|feminine:akkusatiivi</Gender>
		</Row>
		<!-- Tanska -->
		<Row Tag="TXT_KEY_1066_SCENARIO_BUILDING_NATIONAL_COLLEGE">
			<Text>Domesdayn kirja|Domesdayn kirjan</Text>
			<Gender>masculine:nominatiivi|feminine:akkusatiivi</Gender>
		</Row>
		<Row Tag="TXT_KEY_1066_SCENARIO_BUILDING_COURTHOUSE">
			<Text>Domesdayn konnunkäräjä|Domesdayn konnunkäräjän</Text>
			<Gender>masculine:nominatiivi|feminine:akkusatiivi</Gender>
		</Row>
		<!-- Jumalat ja kuninkaat -->
		<Row Tag="TXT_KEY_BUILDING_ALHAMBRA">
			<Text>Alhambra|Alhambran</Text>
			<Gender>masculine:nominatiivi|feminine:akkusatiivi</Gender>
		</Row>
		<Row Tag="TXT_KEY_BUILDING_CN_TOWER">
			<Text>CN Tower|CN Towerin</Text>
			<Gender>masculine:nominatiivi|feminine:akkusatiivi</Gender>
		</Row>
		<Row Tag="TXT_KEY_BUILDING_HUBBLE">
			<Text>Hubble-avaruusteleskooppi|Hubble-avaruusteleskoopin</Text>
			<Gender>masculine:nominatiivi|feminine:akkusatiivi</Gender>
		</Row>
		<Row Tag="TXT_KEY_BUILDING_LEANING_TOWER">
			<Text>Kalteva torni|Kaltevan tornin</Text>
			<Gender>masculine:nominatiivi|feminine:akkusatiivi</Gender>
		</Row>
		<Row Tag="TXT_KEY_BUILDING_MOSQUE_OF_DJENNE">
			<Text>Mahtava moskeija|Mahtavan moskeijan</Text>
			<Gender>masculine:nominatiivi|feminine:akkusatiivi</Gender>
		</Row>
		<Row Tag="TXT_KEY_BUILDING_NEUSCHWANSTEIN">
			<Text>Neuschwanstein|Neuschwansteinin</Text>
			<Gender>masculine:nominatiivi|feminine:akkusatiivi</Gender>
		</Row>
		<Row Tag="TXT_KEY_BUILDING_PETRA">
			<Text>Petra|Petran</Text>
			<Gender>masculine:nominatiivi|feminine:akkusatiivi</Gender>
		</Row>
		<Row Tag="TXT_KEY_BUILDING_TERRACOTTA_ARMY">
			<Text>Terrakotta-armeija|Terrakotta-armeijan</Text>
			<Gender>masculine:nominatiivi|feminine:akkusatiivi</Gender>
		</Row>
		<Row Tag="TXT_KEY_BUILDING_GREAT_FIREWALL">
			<Text>Mahtava palomuuri|Mahtavan palomuurin</Text>
			<Gender>masculine:nominatiivi|feminine:akkusatiivi</Gender>
		</Row>
		<Row Tag="TXT_KEY_BUILDING_INTELLIGENCE_AGENCY">
			<Text>Kansallinen tiedusteluvirasto|kansallisen tiedusteluviraston</Text>
			<Gender>masculine:nominatiivi|feminine:akkusatiivi</Gender>
		</Row>
		<Row Tag="TXT_KEY_BUILDING_GRAND_TEMPLE">
			<Text>Suurtemppeli|suurtemppelin</Text>
			<Gender>masculine:nominatiivi|feminine:akkusatiivi</Gender>
		</Row>
		<Row Tag="TXT_KEY_BUILDING_AMPHITHEATER">
			<Text>Amfiteatteri|amfiteatterin</Text>
			<Gender>masculine:nominatiivi|feminine:akkusatiivi</Gender>
		</Row>
		<Row Tag="TXT_KEY_BUILDING_SHRINE">
			<Text>Pyhättö|pyhätön</Text>
			<Gender>masculine:nominatiivi|feminine:akkusatiivi</Gender>
		</Row>
		<Row Tag="TXT_KEY_BUILDING_RECYCLING_CENTER">
			<Text>Kierrätyskeskus|kierrätyskeskuksen</Text>
			<Gender>masculine:nominatiivi|feminine:akkusatiivi</Gender>
		</Row>
		<Row Tag="TXT_KEY_BUILDING_BOMB_SHELTER">
			<Text>Pommisuoja|pommisuojan</Text>
			<Gender>masculine:nominatiivi|feminine:akkusatiivi</Gender>
		</Row>
		<Row Tag="TXT_KEY_BUILDING_CONSTABLE">
			<Text>Nimismies|nimismiehen</Text>
			<Gender>masculine:nominatiivi|feminine:akkusatiivi</Gender>
		</Row>
		<Row Tag="TXT_KEY_BUILDING_POLICE_STATION">
			<Text>Poliisiasema|poliisiaseman</Text>
			<Gender>masculine:nominatiivi|feminine:akkusatiivi</Gender>
		</Row>
		<Row Tag="TXT_KEY_BUILDING_CATHEDRAL">
			<Text>Katedraali|katedraalin</Text>
			<Gender>masculine:nominatiivi|feminine:akkusatiivi</Gender>
		</Row>
		<Row Tag="TXT_KEY_BUILDING_MOSQUE">
			<Text>Moskeija|moskeijan</Text>
			<Gender>masculine:nominatiivi|feminine:akkusatiivi</Gender>
		</Row>
		<Row Tag="TXT_KEY_BUILDING_PAGODA">
			<Text>Pagodi|pagodin</Text>
			<Gender>masculine:nominatiivi|feminine:akkusatiivi</Gender>
		</Row>
		<Row Tag="TXT_KEY_BUILDING_CEILIDH_HALL">
			<Text>Ceilidh-halli|ceilidh-hallin</Text>
			<Gender>masculine:nominatiivi|feminine:akkusatiivi</Gender>
		</Row>
		<Row Tag="TXT_KEY_BUILDING_COFFEE_HOUSE">
			<Text>Kahvila|kahvilan</Text>
			<Gender>masculine:nominatiivi|feminine:akkusatiivi</Gender>
		</Row>
		<Row Tag="TXT_KEY_BUILDING_STELE">
			<Text>Steela|steelan</Text>
			<Gender>masculine:nominatiivi|feminine:akkusatiivi</Gender>
		</Row>
		<Row Tag="TXT_KEY_BUILDING_MAYA_PYRAMID">
			<Text>Pyramidi|pyramidin</Text>
			<Gender>masculine:nominatiivi|feminine:akkusatiivi</Gender>
		</Row>
		<!-- Rooman tuho -->
		<Row Tag="TXT_KEY_BUILDING_MEAD_HALL">
			<Text>Simahalli|simahallin</Text>
			<Gender>masculine:nominatiivi|feminine:akkusatiivi</Gender>
		</Row>
		<Row Tag="TXT_KEY_BUILDING_HOV">
			<Text>Hof|hofin</Text>
			<Gender>masculine:nominatiivi|feminine:akkusatiivi</Gender>
		</Row>
		<!-- Tuhkataivaitten imperiumit -->
		<Row Tag="TXT_KEY_BUILDING_GRANDSTAND">
			<Text>Suurlava|suurlavan</Text>
			<Gender>masculine:nominatiivi|feminine:akkusatiivi</Gender>
		</Row>
		<Row Tag="TXT_KEY_BUILDING_LUBORIC_FACTORY">
			<Text>Lypööritehdas|lypööritehtaan</Text>
			<Gender>masculine:nominatiivi|feminine:akkusatiivi</Gender>
		</Row>
		<Row Tag="TXT_KEY_BUILDING_TORUS_DYNAMO">
			<Text>Dynamotorus|dynamotoruksen</Text>
			<Gender>masculine:nominatiivi|feminine:akkusatiivi</Gender>
		</Row>
		<Row Tag="TXT_KEY_BUILDING_AETHERIUM_FACTORY">
			<Text>Eettiinitehdas|eettiinitehtaan</Text>
			<Gender>masculine:nominatiivi|feminine:akkusatiivi</Gender>
		</Row>
		<Row Tag="TXT_KEY_BUILDING_AERODROME">
			<Text>Ilmakupoli|ilmakupolin</Text>
			<Gender>masculine:nominatiivi|feminine:akkusatiivi</Gender>
		</Row>
		<Row Tag="TXT_KEY_BUILDING_DIFFERENCE_ENGINE">
			<Text>Differenssikone|differenssikoneen</Text>
			<Gender>masculine:nominatiivi|feminine:akkusatiivi</Gender>
		</Row>
		<Row Tag="TXT_KEY_BUILDING_GRAND_MANSION">
			<Text>Suurkartano|suurkartanon</Text>
			<Gender>masculine:nominatiivi|feminine:akkusatiivi</Gender>
		</Row>
		<Row Tag="TXT_KEY_BUILDING_TRADE_COLLEGE">
			<Text>Kauppakorkea|kauppakorkean</Text>
			<Gender>masculine:nominatiivi|feminine:akkusatiivi</Gender>
		</Row>
		<Row Tag="TXT_KEY_BUILDING_PATENT_OFFICE">
			<Text>Patenttitoimisto|patenttitoimiston</Text>
			<Gender>masculine:nominatiivi|feminine:akkusatiivi</Gender>
		</Row>
		<Row Tag="TXT_KEY_BUILDING_LUBORIC_REFINERY">
			<Text>Lypöörijalostamo|lypöörijalostamon</Text>
			<Gender>masculine:nominatiivi|feminine:akkusatiivi</Gender>
		</Row>
		<Row Tag="TXT_KEY_BUILDING_PHILANTHROPORIUM">
			<Text>Filantroporia|filantroporian</Text>
			<Gender>masculine:nominatiivi|feminine:akkusatiivi</Gender>
		</Row>
		<Row Tag="TXT_KEY_BUILDING_TESLA_COIL">
			<Text>Teslakäämi|teslakäämin</Text>
			<Gender>masculine:nominatiivi|feminine:akkusatiivi</Gender>
		</Row>
		<Row Tag="TXT_KEY_BUILDING_AETHERIUM_FABRICATOR">
			<Text>Eettiinivalmistamo|eettiinivalmistamon</Text>
			<Gender>masculine:nominatiivi|feminine:akkusatiivi</Gender>
		</Row>
		<Row Tag="TXT_KEY_BUILDING_AIRSHIP_HANGAR">
			<Text>Lentolaivahangaari|lentolaivahangaarin</Text>
			<Gender>masculine:nominatiivi|feminine:akkusatiivi</Gender>
		</Row>
		<Row Tag="TXT_KEY_BUILDING_AUTOMATED_FACTORY">
			<Text>Itsenäistehdas|itsenäistehtaan</Text>
			<Gender>masculine:nominatiivi|feminine:akkusatiivi</Gender>
		</Row>
		<Row Tag="TXT_KEY_BUILDING_SUBTERRANEAN_OUTPOST">
			<Text>Maanalaisvartio|maanalaisvartion</Text>
			<Gender>masculine:nominatiivi|feminine:akkusatiivi</Gender>
		</Row>
		<Row Tag="TXT_KEY_BUILDING_ANALYTICAL_ENGINE">
			<Text>Analyyttinen kone|analyyttisen koneen</Text>
			<Gender>masculine:nominatiivi|feminine:akkusatiivi</Gender>
		</Row>
		<Row Tag="TXT_KEY_BUILDING_BILTMORE_HOUSE">
			<Text>Kauppakartano|kauppakartanon</Text>
			<Gender>masculine:nominatiivi|feminine:akkusatiivi</Gender>
		</Row>
		<Row Tag="TXT_KEY_BUILDING_INVENTORS_HALL">
			<Text>Keksijän halli|keksijän hallin</Text>
			<Gender>masculine:nominatiivi|feminine:akkusatiivi</Gender>
		</Row>
		<Row Tag="TXT_KEY_BUILDING_CARNEGIE_HALL">
			<Text>Musiikkitalo|musiikkitalon</Text>
			<Gender>masculine:nominatiivi|feminine:akkusatiivi</Gender>
		</Row>
		<Row Tag="TXT_KEY_BUILDING_SUBTERRANEAN_COLONY">
			<Text>Maanalainen siirtokunta|maanalaisen siirtokunnan</Text>
			<Gender>masculine:nominatiivi|feminine:akkusatiivi</Gender>
		</Row>
		<Row Tag="TXT_KEY_BUILDING_PERPETUAL_MOTION_ENGINE">
			<Text>Ikiliikkuja|ikiliikkujan</Text>
			<Gender>masculine:nominatiivi|feminine:akkusatiivi</Gender>
		</Row>
		<!-- Matka renessanssiin -->
		<Row Tag="TXT_KEY_MEDIEVAL_SCENARIO_BUILDING_UNITED_NATIONS">
			<Text>Pietarinkirkko|Pietarinkirkon</Text>
			<Gender>masculine:nominatiivi|feminine:akkusatiivi</Gender>
		</Row>
		<Row Tag="TXT_KEY_BUILDING_STAVE_CHURCH">
			<Text>Sauvakirkko|sauvakirkon</Text>
			<Gender>masculine:nominatiivi|feminine:akkusatiivi</Gender>
		</Row>
		<Row Tag="TXT_KEY_BUILDING_CHATEAU">
			<Text>Chateau|chateaun</Text>
			<Gender>masculine:nominatiivi|feminine:akkusatiivi</Gender>
		</Row>
		<Row Tag="TXT_KEY_BUILDING_MADRASAH">
			<Text>Madrasa|madrasan</Text>
			<Gender>masculine:nominatiivi|feminine:akkusatiivi</Gender>
		</Row><!-- Uljas uusi maailma --><Row Tag="TXT_KEY_BUILDING_AIRPORT">
			<Text>Lentokenttä|lentokentän</Text>
			<Gender>masculine:nominatiivi|feminine:akkusatiivi</Gender>
		</Row><Row Tag="TXT_KEY_BUILDING_ARTISTS_GUILD">
			<Text>Taiteilijain kilta|taiteilijain killan</Text>
			<Gender>masculine:nominatiivi|feminine:akkusatiivi</Gender>
		</Row><Row Tag="TXT_KEY_BUILDING_BOROBUDUR">
			<Text>Borobudur|Borobudurin</Text>
			<Gender>masculine:nominatiivi|feminine:akkusatiivi</Gender>
		</Row><Row Tag="TXT_KEY_BUILDING_BROADWAY">
			<Text>Broadway|Broadwayn</Text>
			<Gender>masculine:nominatiivi|feminine:akkusatiivi</Gender>
		</Row><Row Tag="TXT_KEY_BUILDING_CARAVANSARY">
			<Text>Karavaaniseralji|karavaaniseraljin</Text><Gender>masculine:nominatiivi|feminine:akkusatiivi</Gender>
		</Row><Row Tag="TXT_KEY_BUILDING_CIRCUS_MAXIMUS">
			<Text>Circus Maximus|Circus Maximuksen</Text><Gender>masculine:nominatiivi|feminine:akkusatiivi</Gender>
		</Row><Row Tag="TXT_KEY_BUILDING_EAST_INDIA">
			<Text>Itä-Intian kauppakomppania|Itä-Intian kauppakomppanian</Text>
			<Gender>masculine:nominatiivi|feminine:akkusatiivi</Gender>
		</Row><Row Tag="TXT_KEY_BUILDING_GLOBE_THEATER">
			<Text>Globe-teatteri|Globe-teatterin</Text>
			<Gender>masculine:nominatiivi|feminine:akkusatiivi</Gender>
		</Row><Row Tag="TXT_KEY_BUILDING_HOTEL">
			<Text>Hotelli|hotellin</Text><Gender>masculine:nominatiivi|feminine:akkusatiivi</Gender>
		</Row><Row Tag="TXT_KEY_BUILDING_IKANDA_DESC">
			<Text>Ikanda|ikandan</Text>
			<Gender>masculine:nominatiivi|feminine:akkusatiivi</Gender>
		</Row><Row Tag="TXT_KEY_BUILDING_INTERNATIONAL_SPACE_STATION">
			<Text>Kansainvälinen avaruusasema|kansainvälisen avaruusaseman</Text>
			<Gender>masculine:nominatiivi|feminine:akkusatiivi</Gender>
		</Row><Row Tag="TXT_KEY_BUILDING_MUSICIANS_GUILD">
			<Text>Muusikkoin kilta|muusikkoin killan</Text>
			<Gender>masculine:nominatiivi|feminine:akkusatiivi</Gender>
		</Row><Row Tag="TXT_KEY_BUILDING_NATIONAL_TREASURY">
			<Text>Kansallisvaranto|kansallisvarannon</Text><Gender>masculine:nominatiivi|feminine:akkusatiivi</Gender>
		</Row><Row Tag="TXT_KEY_BUILDING_PARTHENON">
			<Text>Parthenon|Parthenonin</Text>
			<Gender>masculine:nominatiivi|feminine:akkusatiivi</Gender>
		</Row><Row Tag="TXT_KEY_BUILDING_PRORA_RESORT">
			<Text>Prora|Proran</Text>
			<Gender>masculine:nominatiivi|feminine:akkusatiivi</Gender>
		</Row><Row Tag="TXT_KEY_BUILDING_RED_FORT">
			<Text>Punainen linnoitus|Punaisen linnoituksen</Text>
			<Gender>masculine:nominatiivi|feminine:akkusatiivi</Gender>
		</Row><Row Tag="TXT_KEY_BUILDING_ROYAL_LIBRARY_DESC">
			<Text>Kuninkaallinen kirjasto|kuninkaallisen kirjaston</Text>
			<Gender>masculine:nominatiivi|feminine:akkusatiivi</Gender>
		</Row><Row Tag="TXT_KEY_BUILDING_STAATSMUSEUM">
			<Text>Valtionmuseo|valtionmuseon</Text><Gender>masculine:nominatiivi|feminine:akkusatiivi</Gender>
		</Row><Row Tag="TXT_KEY_BUILDING_STATUE_ZEUS">
			<Text>Zeuksen patsas|Zeuksen patsaan</Text>
			<Gender>masculine:nominatiivi|feminine:akkusatiivi</Gender>
		</Row><Row Tag="TXT_KEY_BUILDING_SUEZ_CANAL">
			<Text>Suezin kanava|Suezin kanavan</Text><Gender>masculine:nominatiivi|feminine:akkusatiivi</Gender>
		</Row><Row Tag="TXT_KEY_BUILDING_TOURIST_CENTER">
			<Text>Kansallinen vierailukeskus|kansallisen vierailukeskuksen</Text>
			<Gender>masculine:nominatiivi|feminine:akkusatiivi</Gender>
		</Row><Row Tag="TXT_KEY_BUILDING_UFFIZI">
			<Text>Uffizi|Uffizin</Text>
			<Gender>masculine:nominatiivi|feminine:akkusatiivi</Gender>
		</Row><Row Tag="TXT_KEY_BUILDING_WRITERS_GUILD">
			<Text>Kirjoittajain kilta|kirjoittajain killan</Text>
			<Gender>masculine:nominatiivi|feminine:akkusatiivi</Gender>
		</Row>
	</Language_fi_FI>
</GameData>