<?xml version="1.0" encoding="utf-8"?>
<GameData>
	<Language_fi_FI>
	    <Row Tag="TXT_KEY_BUILDING_ARMORY_HELP">
			<Text>+15 kokemusta kaikille yksiköille.[NEWLINE][NEWLINE]Kaupungissa tulee olla parakit tai kreposti.</Text>
		</Row><Row Tag="TXT_KEY_BUILDING_BANK_HELP">
			<Text>Kaupunki tarvitsee torin.</Text>
		</Row><Row Tag="TXT_KEY_BUILDING_MILITARY_ACADEMY_HELP">
			<Text>+15 kokemusta kaikille yksiköille.[NEWLINE][NEWLINE]Kaupungissa tulee olla asevarasto.</Text>
		</Row><Row Tag="TXT_KEY_BUILDING_SATRAPS_COURT_HELP">
			<Text>Kaupunki tarvitsee torin.</Text>
		</Row><Row Tag="TXT_KEY_BUILDING_STONE_WORKS_HELP">
			<Text>Kukin tämän kaupungin työstämä [ICON_RES_MARBLE] marmori ja [ICON_RES_STONE] kivi antaa +1 [ICON_PRODUCTION] tuottavuutta.[NEWLINE][NEWLINE]Kaupungin lähellä tulee olla ainakin yksi näitä luonnonvaroja hyödyntävä louhos.[NEWLINE][NEWLINE]Kaupunki ei saa olla tasangolla.</Text>
		</Row><Row Tag="TXT_KEY_BUILDING_AQUEDUCT_HELP">
			<Text>40% [ICON_FOOD] ruuasta säilytetään uuden [ICON_CITIZEN] asukkaan syntymän jälkeen.</Text>
		</Row><Row Tag="TXT_KEY_BUILDING_ARSENAL_HELP">
			<Text>Kaupungissa tulee olla linna tai mogulien linnoitus.</Text>
		</Row><Row Tag="TXT_KEY_BUILDING_BARRACKS_HELP">
			<Text>+15 kokemusta kaikille yksiköille.</Text>
		</Row><Row Tag="TXT_KEY_BUILDING_BAZAAR_HELP">
			<Text>Tarjoaa kustakin tämän kaupungin alueella olevasta hyödynnetystä ylellisestä luonnonvarasta yhden ylimääräisen kappaleen. Keitaat ja [ICON_RES_OIL] öljylähteet tarjoavat +2 [ICON_GOLD] kultaa.</Text>
		</Row><Row Tag="TXT_KEY_BUILDING_BROADCAST_TOWER_HELP">
			<Text>+33% [ICON_CULTURE] kulttuuria tässä kaupungissa.[NEWLINE][NEWLINE]Kaupunki tarvitsee museon.</Text>
		</Row><Row Tag="TXT_KEY_BUILDING_BURIAL_TOMB_HELP">
			<Text>Ei [ICON_GOLD] ylläpitokuluja.[NEWLINE][NEWLINE]Vihollisen saama [ICON_GOLD] kulta on kaksinkertainen, mikäli tämä kaupunki vallataan.</Text>
		</Row><Row Tag="TXT_KEY_BUILDING_CASTLE_HELP">
			<Text>Kaupunki tarvitsee muurin.</Text>
		</Row><Row Tag="TXT_KEY_BUILDING_CIRCUS_HELP">
			<Text>Kaupunki tarvitsee hyödynnetyn [ICON_RES_HORSE] hevosten tai [ICON_RES_IVORY] norsunluun lähteen.</Text>
		</Row><Row Tag="TXT_KEY_BUILDING_CIRCUS_MAXIMUS_HELP">
			<Text>Kolosseumi tulee olla rakennettuna jokaisessa kaupungissa. Kaupunkien määrä nostaa rakennuskustannusta.</Text>
		</Row><Row Tag="TXT_KEY_BUILDING_COURTHOUSE_HELP">
			<Text>Poistaa ylimääräisen [ICON_HAPPINESS_4] tyytymättömyyden [ICON_OCCUPIED] miehitetystä kaupungista.</Text>
		</Row><Row Tag="TXT_KEY_BUILDING_FACTORY_HELP">
			<Text>Vaatii yhden [ICON_RES_COAL] hiilen.</Text>
		</Row><Row Tag="TXT_KEY_BUILDING_FLOATING_GARDENS_HELP">
			<Text>+15% [ICON_FOOD] ruokaa. Jokainen työstetty järviruutu tuottaa +2 [ICON_FOOD] ruokaa.[NEWLINE][NEWLINE]Kaupungin tulee olla joen tai järven rannalla.</Text>
		</Row><Row Tag="TXT_KEY_BUILDING_FORGE_HELP">
			<Text>+15% [ICON_PRODUCTION] tuottavuutta maayksiköiden valmistukseen.[NEWLINE][NEWLINE]Kukin kaupungin työstämä [ICON_RES_IRON] raudan lähde tarjoaa +1 [ICON_PRODUCTION] tuottavuutta.[NEWLINE][NEWLINE]Kaupungilla tulaa olla rautakaivos lähettyvillä.</Text>
		</Row><Row Tag="TXT_KEY_BUILDING_GARDEN_HELP">
			<Text>+25% [ICON_GREAT_PEOPLE] merkittävien henkilöiden ilmaantumiseen tässä kaupungissa.[NEWLINE][NEWLINE]Kaupungin tulee olla joen tai järven rannalla.</Text>
		</Row><Row Tag="TXT_KEY_BUILDING_GRANARY_HELP">
			<Text>Kukin kaupungin työstämä [ICON_RES_WHEAT] vilja, [ICON_RES_BANANA] banaani ja [ICON_RES_DEER] peura tuottaa +1 [ICON_FOOD] ruokaa.</Text>
		</Row><Row Tag="TXT_KEY_BUILDING_HARBOR_HELP">
			<Text>Muodostaa [ICON_CONNECTED] kauppareitin [ICON_CAPITAL] pääkaupunkiin veden ylitse (mikäli eivät ole jo [ICON_CONNECTED] yhdistetty maateitse). +1 [ICON_PRODUCTION] tuottavuutta kustakin kaupungin työstämästä meriluonnonvarasta.[NEWLINE][NEWLINE]Kaupungin tulee olla rannikolla.</Text>
		</Row><Row Tag="TXT_KEY_BUILDING_HERMITAGE_HELP">
			<Text>+50% [ICON_CULTURE] kulttuuria tässä kaupungissa.[NEWLINE][NEWLINE]Oopperatalon tulee olla rakennettuna jokaisessa kaupungissa. Kaupunkien määrä nostaa rakennuskustannusta.</Text>
		</Row><Row Tag="TXT_KEY_BUILDING_HEROIC_EPIC_HELP">
			<Text>Kaikki muut paitsi lentoyksiköt saavat [COLOR_POSITIVE_TEXT]moraali[ENDCOLOR]ylennyksen, siten kohentaen [ICON_STRENGTH] taisteluvoimaa 15%.[NEWLINE][NEWLINE]Parakit tulee olla rakennettuna jokaisessa kaupungissa. Kaupunkien määrä nostaa rakennuskustannusta.</Text>
		</Row><Row Tag="TXT_KEY_BUILDING_HYDRO_PLANT_HELP">
			<Text>+1 [ICON_PRODUCTION] tuottavuutta jokaisessa joen reunustamassa ruudussa. Tarvitsee yhden [ICON_RES_ALUMINUM] alumiinin.[NEWLINE][NEWLINE]Kaupungin tulee olla joen rannalla.</Text>
		</Row><Row Tag="TXT_KEY_BUILDING_IRONWORKS_HELP">
			<Text>Työpajan tulee olla rakennettuna kaikissa kaupungeissa. Kaupunkien määrä nostaa rakennuskustannusta.</Text>
		</Row><Row Tag="TXT_KEY_BUILDING_KREPOST_HELP">
			<Text>+15 kokemusta kaikille yksilöille. Uusien ruutujen valtaamiseen vaaditun [ICON_CULTURE] kulttuurin ja [ICON_GOLD] kullan määrä vähenee 25% tässä kaupungissa.</Text>
		</Row><Row Tag="TXT_KEY_BUILDING_LABORATORY_HELP">
			<Text>Kaupunki tarvitsee julkisen koulun.</Text>
		</Row><Row Tag="TXT_KEY_BUILDING_LIBRARY_HELP">
			<Text>+1 [ICON_RESEARCH] tiedettä joka toisesta [ICON_CITIZEN] asukkaasta tässä kaupungissa.</Text>
		</Row><Row Tag="TXT_KEY_BUILDING_LIGHTHOUSE_HELP">
			<Text>+1 [ICON_FOOD] ruokaa meriruuduista.[NEWLINE][NEWLINE]Kukin tämän kaupungin työstämä [ICON_RES_FISH] kalan lähde tuottaa +1 [ICON_FOOD] ruokaa.[NEWLINE][NEWLINE]Kaupungin tulee olla rannikolla.</Text>
		</Row><Row Tag="TXT_KEY_BUILDING_LONGHOUSE_HELP">
			<Text>+1 [ICON_PRODUCTION] tuottavuutta kustakin työstetystä metsäruudusta.</Text>
		</Row><Row Tag="TXT_KEY_BUILDING_MEDICAL_LAB_HELP">
			<Text>25% [ICON_FOOD] ruuasta säilyy uuden [ICON_CITIZEN] asukkaan synnyttyä (vaikutus lisätään akveduktin vaikutuksen päälle).</Text>
		</Row><Row Tag="TXT_KEY_BUILDING_MILITARY_BASE_HELP">
			<Text>Kaupunki tarvitsee asehallin.</Text>
		</Row><Row Tag="TXT_KEY_BUILDING_MINT_HELP">
			<Text>Kukin tämän kaupungin työstämä [ICON_RES_GOLD] kullan ja [ICON_RES_SILVER] hopean lähde tuottaa +2 [ICON_GOLD] kultaa.[NEWLINE][NEWLINE]Kaupungin lähellä tulee olla kaivos ainakin yhdelle näistä luonnonvaroista.</Text>
		</Row><Row Tag="TXT_KEY_BUILDING_MONASTERY_HELP">
			<Text>+2 [ICON_CULTURE] kulttuuria vuorossa lähellä olevista [ICON_RES_INCENSE] suitsukkeista ja +2 [ICON_RES_WINE] viinistä.[NEWLINE][NEWLINE]Kaupunki tarvitsee hyödynnetyn lähteen ainakin yhdelle näistä luonnonvaroista.</Text>
		</Row><Row Tag="TXT_KEY_BUILDING_MUD_PYRAMID_MOSQUE_HELP">
			<Text>Ei [ICON_GOLD] ylläpitokuluja.</Text>
		</Row><Row Tag="TXT_KEY_BUILDING_MUGHAL_FORT_HELP">
			<Text>Tuottaa [ICON_GOLD] kultaa lentämisen keksimisen jälkeen.[NEWLINE][NEWLINE]Kaupunki tarvitsee muurin.</Text>
		</Row><Row Tag="TXT_KEY_BUILDING_NATIONAL_COLLEGE_HELP">
			<Text>Kirjaston tulee olla rakennettuna kaikkiin kaupunkeihin. Kaupunkien määrä nostaa rakennuskustannusta.</Text>
		</Row><Row Tag="TXT_KEY_BUILDING_NATIONAL_EPIC_HELP">
			<Text>+25% [ICON_GREAT_PEOPLE] merkittävien henkilöiden ilmaantumiseen tässä kaupungissa.[NEWLINE][NEWLINE]Monumentin tulee olla rakennettuna kaikissa kaupungeissa. Kaupunkien määrä nostaa rakennuskustannusta.</Text>
		</Row><Row Tag="TXT_KEY_BUILDING_NATIONAL_TREASURY_HELP">
			<Text>Torin tulee olla rakennettuna kaikissa kaupungeissa. Kaupunkien määrä nostaa rakennuskustannusta.</Text>
		</Row><Row Tag="TXT_KEY_BUILDING_NUCLEAR_PLANT_HELP">
			<Text>Vaatii yhden [ICON_RES_URANIUM] uraanin. Kaupungissa ei tule olla aurinkovoimalaa.</Text>
		</Row><Row Tag="TXT_KEY_BUILDING_OBSERVATORY_HELP">
			<Text>Kaupungin tulee olla vuoren vieressä.</Text>
		</Row><Row Tag="TXT_KEY_BUILDING_OXFORD_UNIVERSITY_HELP">
			<Text>Yksi ilmainen tekniikka.[NEWLINE][NEWLINE]Yliopiston tulee olla rakennettuna kaikkiin kaupunkeihin. Kaupunkien määrä nostaa rakennuskustannusta.</Text>
		</Row><Row Tag="TXT_KEY_BUILDING_PALACE_HELP">
			<Text>Kertoo tämän kaupungin olevan valtakunnan [ICON_CAPITAL] pääkaupunki.[NEWLINE][NEWLINE]Muiden kaupunkien [ICON_CONNECTED] yhdistäminen [ICON_CAPITAL] pääkaupunkiin teiden avulla tuottaa ylimääräistä [ICON_GOLD] kultaa.[NEWLINE][NEWLINE]+3 [ICON_PRODUCTION] tuottavuutta, +3 [ICON_RESEARCH] tiedettä, +3 [ICON_GOLD] kultaa.</Text>
		</Row><Row Tag="TXT_KEY_BUILDING_PAPER_MAKER_HELP">
			<Text>+1 [ICON_RESEARCH] tiedettä joka toisesta [ICON_CITIZEN] asukkaasta tässä kaupungissa. +2[ICON_GOLD] kultaa.</Text>
		</Row><Row Tag="TXT_KEY_BUILDING_PUBLIC_SCHOOL_HELP">
			<Text>+1 [ICON_RESEARCH] tiedettä joka toisesta [ICON_CITIZEN] asukkaasta tässä kaupungissa.[NEWLINE][NEWLINE]Kaupunki tarvitsee yliopiston.</Text>
		</Row><Row Tag="TXT_KEY_BUILDING_SEAPORT_HELP">
			<Text>+1 [ICON_PRODUCTION] tuottavuutta ja [ICON_GOLD] kultaa kustakin kaupungin työstämästä meriluonnonvarasta. +15% [ICON_PRODUCTION] tuottavuutta valmistettaessa meriyksiköitä.[NEWLINE][NEWLINE]Kaupungin tulee olla rannikolla.</Text>
		</Row><Row Tag="TXT_KEY_BUILDING_SOLAR_PLANT_HELP">
			<Text>Kaupungin tulee olla aavikolla tai sen vieressä. Kaupungissa ei saa olla ydinvoimalaa.[NEWLINE][NEWLINE]Kaupunki tarvitsee tehtaan.</Text>
		</Row><Row Tag="TXT_KEY_BUILDING_SPACESHIP_FACTORY_HELP">
			<Text>+50% [ICON_PRODUCTION] tuottavuutta avaruussukkulan osien valmistukseen. Tarvitsee yhden [ICON_RES_ALUMINUM] alumiinin.[NEWLINE][NEWLINE]Kaupunki tarvitsee tehtaan.</Text>
		</Row><Row Tag="TXT_KEY_BUILDING_STABLE_HELP">
			<Text>+15% [ICON_PRODUCTION] tuottavuutta ratsuyksiköiden kouluttamiseen.[NEWLINE][NEWLINE]Kukin tämän kaupungin työstämä [ICON_RES_HORSE] hevosten, [ICON_RES_SHEEP] lampaiden ja [ICON_RES_COW] naudan lähde tarjoaa +1 [ICON_PRODUCTION] tuottavuutta.[NEWLINE][NEWLINE]Kaupunki tarvitsee ainakin yhden laitumen lähellään.</Text>
		</Row><Row Tag="TXT_KEY_BUILDING_STADIUM_HELP">
			<Text>Ei voi luoda enempää [ICON_HAPPINESS_1] onnellisuutta kuin kaupungissa on [ICON_CITIZEN] asukkaita. Kaupunkissa tulee olla teatteri.</Text>
		</Row><Row Tag="TXT_KEY_BUILDING_STOCK_EXCHANGE_HELP">
			<Text>Kaupungissa tulee olla teatteri.</Text>
		</Row><Row Tag="TXT_KEY_BUILDING_THEATRE_HELP">
			<Text>Ei voi luoda enempää [ICON_HAPPINESS_1] onnellisuutta kuin kaupungissa on [ICON_CITIZEN] asukkaita. Kaupungissa tulee olla kolosseumi.</Text>
		</Row><Row Tag="TXT_KEY_BUILDING_WAT_HELP">
			<Text>+2 [ICON_RESEARCH] tiedettä tämän kaupungin työstämistä viidakkoruuduista.[NEWLINE][NEWLINE]Kaupungissa tulee olla kirjasto.</Text>
		</Row><Row Tag="TXT_KEY_BUILDING_WINDMILL_HELP">
			<Text>+10% [ICON_PRODUCTION] tuottavuutta rakennuksien valmistamiseen.[NEWLINE][NEWLINE]Kaupunki ei voi olla mäellä.</Text>
		</Row><Row Tag="TXT_KEY_BUILDING_AERODROME_HELP">
			<Text>Ainoastaan Pääjoki kykenee rakentamaan tämän.[NEWLINE][NEWLINE]+15 kokemusta kaikille lentoyksiköille.[NEWLINE][NEWLINE]+10% [ICON_PRODUCTION] tuottavuutta lentoyksiköiden valmistukseen.</Text>
		</Row><Row Tag="TXT_KEY_BUILDING_AETHERIUM_FABRICATOR_HELP">
			<Text>Tarjoaa [COLOR_POSITIVE_TEXT]2 [ICON_RES_ALUMINUM] eettiiniä[ENDCOLOR].</Text>
		</Row><Row Tag="TXT_KEY_BUILDING_AETHERIUM_FACTORY_HELP">
			<Text>Ainoastaan Leikonen kykenee rakentamaan tämän.[NEWLINE][NEWLINE]Tarjoaa [COLOR_POSITIVE_TEXT]2 [ICON_RES_ALUMINUM] eettiiniä[ENDCOLOR].[NEWLINE][NEWLINE]Kukin tämän kaupungin työstämä [ICON_RES_ALUMINUM] eettiinin lähde tarjoaa +1 [ICON_GOLD] kultaa.</Text>
		</Row><Row Tag="TXT_KEY_BUILDING_AIRPORT_HELP">
	        <Text>Mahdollistaa lentokuljetukset tästä kaupungista. 50% maailmanihmeiden, luonnonihmeiden ja rakenteiden (maamerkit, moait, chateaut) [ICON_CULTURE] kulttuurista lisätään kaupungin luomaan [ICON_TOURISM] turismiin. +50% [ICON_TOURISM] turismia merkkiteoksista.</Text>
	    </Row><Row Tag="TXT_KEY_BUILDING_AIRSHIP_HANGAR_HELP">
			<Text>+15 kokemusta kaikille lentoyksiköille.</Text>
		</Row><Row Tag="TXT_KEY_BUILDING_ANALYTICAL_ENGINE_HELP">
			<Text>Differenssikone tulee olla rakennettuna kaikissa kaupungeissa.</Text>
		</Row><Row Tag="TXT_KEY_BUILDING_ARTISTS_GUILD_HELP">
			<Text>Tarjoaa 2 [ICON_GREAT_PEOPLE] merkittävien henkilöiden pistettä kohti merkittävää taiteilijaa. Kasvata [ICON_CULTURE] kulttuuria ja nopeuta merkittävien taiteilijoiden ilmaantumista asettamalla kaksi osaajaa tähän rakennukseen (3 [ICON_CULTURE] kulttuuria ja 3 [ICON_GREAT_PEOPLE] henkilöpistettä osaajaa kohden).</Text>
		</Row><Row Tag="TXT_KEY_BUILDING_AUTOMATED_FACTORY_HELP">
			<Text>Rakennettuna jokaiseen kaupunkiin mahdollistaa Ikiliikkujan.</Text>
		</Row><Row Tag="TXT_KEY_BUILDING_BILTMORE_HOUSE_HELP">
			<Text>Suurkartano tulee olla rakennettuna kaikissa kaupungeissa.</Text>
		</Row><Row Tag="TXT_KEY_BUILDING_BOMB_SHELTER_HELP">
			<Text>Ydinhyökkäyksestä aiheutuva väestönkato laskee 75%.</Text>
		</Row><Row Tag="TXT_KEY_BUILDING_CANDI_HELP">
			<Text>Indonesialaisten oma puutarhan vastine. +25% [ICON_GREAT_PEOPLE] merkittävien henkilöiden ilmaantumiseen tässä kaupungissa sekä +2 [ICON_PEACE] uskoa jokaisesta maailmanuskonnosta jolla on ainakin 1 harjoittaja kaupungissa.[NEWLINE][NEWLINE]Kaupungin tulee olla joen tai järven rannalla.</Text>
		</Row><Row Tag="TXT_KEY_BUILDING_CARAVANSARY_HELP">
			<Text>Tästä kaupungista lähtevät karavaanit voivat mennä 50% kauemmas ja tuottavat 2 [ICON_GOLD] kultaa enemmän kulkiessaan toisen kansan maille.</Text>
		</Row><Row Tag="TXT_KEY_BUILDING_CARNEGIE_HALL_HELP">
			<Text>Filantroporian tulee olla rakennettuna kaikissa kaupungeissa.</Text>
		</Row><Row Tag="TXT_KEY_BUILDING_CHATEAU_HELP">
			<Text>Kaupungilla täytyy olla muurit.</Text>
		</Row><Row Tag="TXT_KEY_BUILDING_COFFEE_HOUSE_HELP">
			<Text>+25% [ICON_GREAT_PEOPLE] merkittävien henkilöiden ilmaantimiseen tässä kaupungissa.</Text>
		</Row><Row Tag="TXT_KEY_BUILDING_CONSTABLE_HELP">
			<Text>Hidastaa vihollisvakoilijoiden toimia 25%.</Text>
		</Row><Row Tag="TXT_KEY_BUILDING_DIFFERENCE_ENGINE_HELP">
			<Text>Rakennettuna jokaiseen kaupunkiin mahdollistaa Analyyttisen koneen.</Text>
		</Row><Row Tag="TXT_KEY_BUILDING_DUCAL_STABLE_HELP">
			<Text>Puolan oma vastine talleille. +15% [ICON_PRODUCTION] tuottavuutta ja +15 kokemusta ratsuyksiköille.[NEWLINE][NEWLINE]Kukin tämän kaupungin työstämä laidun antaa +1 [ICON_PRODUCTION] tuottavuutta ja +1 [ICON_GOLD] kultaa.</Text>
		</Row><Row Tag="TXT_KEY_BUILDING_GRANDSTAND_HELP">
			<Text>Ainoastaan Ikäheimo kykenee rakentamaan tämän.</Text>
		</Row><Row Tag="TXT_KEY_BUILDING_GRAND_MANSION_HELP">
			<Text>Rakennettuna jokaiseen kaupunkiin mahdollistaa Kauppakartanon.</Text>
		</Row><Row Tag="TXT_KEY_BUILDING_GRAND_TEMPLE_HELP">
			<Text>Kaksinkertaistaa kaupungin uskontopaineen.[NEWLINE][NEWLINE]Tulee rakentaa pyhään kaupunkiin. Temppelin tulee olla rakennettuna jokaisessa kaupungissa. Sitä kalliimpi mitä enemmän valtakunnassa on kaupunkeja.</Text>
		</Row><Row Tag="TXT_KEY_BUILDING_GREAT_FIREWALL_HELP">
			<Text>99.9% toimintakyvyn vähennys vihollisvakoojille siinä kaupungissa, johon palomuuri rakennetaan. Kaikki muut kaupungit saavat 25% vähennyksen vakoojien toimintakykyyn. Kumoaa toisten pelaajien internetin luoman [ICON_TOURISM] turismiedun.</Text>
		</Row><Row Tag="TXT_KEY_BUILDING_HOTEL_HELP">
			<Text>50% of the [ICON_CULTURE] Culture from World Wonders, Natural Wonders, and Improvements (Landmarks, Moai, Chateau) is added to the [ICON_TOURISM] Tourism output of the city. [ICON_TOURISM] Tourism output from Great Works +50%.</Text>
		</Row><Row Tag="TXT_KEY_BUILDING_HOV_HELP">
			<Text>+1 [ICON_HAPPINESS_1] Happiness and +2 [ICON_GOLD] Gold.</Text>
		</Row><Row Tag="TXT_KEY_BUILDING_IKANDA_HELP">
			<Text>Unique Zulu Barracks replacement. Grants unique promotions to pre-gunpowder melee units.</Text>
		</Row><Row Tag="TXT_KEY_BUILDING_INTELLIGENCE_AGENCY_HELP">
			<Text>Provides an additional spy and levels up all your existing spies. Also provides a 15% reduction in enemy spy effectiveness. Must have a Police Station in all cities.</Text>
		</Row><Row Tag="TXT_KEY_BUILDING_INTERNATIONAL_SPACE_STATION_HELP">
			<Text>+1 [ICON_PRODUCTION] Production from Scientists, and +1 [ICON_RESEARCH] Science from Engineers.  Great Scientists provide 33% more [ICON_RESEARCH] Science when used to discover new technology.  May only be built collaboratively through the World Congress.</Text>
		</Row><Row Tag="TXT_KEY_BUILDING_INVENTORS_HALL_HELP">
			<Text>Must have built a Patent Office in all cities.</Text>
		</Row><Row Tag="TXT_KEY_BUILDING_LUBORIC_FACTORY_HELP">
			<Text>Can only be built by Curnow.[NEWLINE][NEWLINE]Provides [COLOR_POSITIVE_TEXT]2 [ICON_RES_URANIUM] Luboric[ENDCOLOR] resources.[NEWLINE][NEWLINE]Each source of [ICON_RES_URANIUM] Luboric worked by this city provides +1 [ICON_PRODUCTION] Production.</Text>
		</Row><Row Tag="TXT_KEY_BUILDING_LUBORIC_REFINERY_HELP">
			<Text>Provides [COLOR_POSITIVE_TEXT]2 [ICON_RES_URANIUM] Luboric[ENDCOLOR] resources.</Text>
		</Row><Row Tag="TXT_KEY_BUILDING_MADRASAH_HELP">
			<Text>+2 [ICON_RESEARCH] Science from Jungle tiles worked by this City.[NEWLINE][NEWLINE]City must have a Library.</Text>
		</Row><Row Tag="TXT_KEY_BUILDING_MEAD_HALL_HELP">
			<Text>+2 [ICON_HAPPINESS_1] Happiness and [ICON_CULTURE] Culture.</Text>
		</Row><Row Tag="TXT_KEY_BUILDING_MUSICIANS_GUILD_HELP">
			<Text>Provides 3 [ICON_GREAT_PEOPLE] Great Person Points (GPP) towards a Great Musician. Add up to two specialists to this building to gain [ICON_CULTURE] Culture and increase the rate of Great Musician acquisition (3 [ICON_CULTURE] Culture and 3 [ICON_GREAT_PEOPLE] GPP per specialist).</Text>
		</Row><Row Tag="TXT_KEY_BUILDING_PATENT_OFFICE_HELP">
			<Text>Unlocks Inventor's Hall when built in every city.</Text>
		</Row><Row Tag="TXT_KEY_BUILDING_PERPETUAL_MOTION_ENGINE_HELP">
			<Text>Must have built an Automated Factory in all cities.</Text>
		</Row><Row Tag="TXT_KEY_BUILDING_PHILANTHROPORIUM_HELP">
			<Text>Unlocks Carnegie Hall when built in every city.</Text>
		</Row><Row Tag="TXT_KEY_BUILDING_POLICE_STATION_HELP">
			<Text>Reduces enemy spy stealing rate by 25%.[NEWLINE][NEWLINE]City must have a Constabulary.</Text>
		</Row><Row Tag="TXT_KEY_BUILDING_RECYCLING_CENTER_HELP">
			<Text>Provides 2 [ICON_RES_ALUMINUM] Aluminum. Maximum of 5 of these buildings in your empire.</Text>
		</Row><Row Tag="TXT_KEY_BUILDING_ROYAL_LIBRARY_HELP">
			<Text>Unique Assyrian Library replacement. +1 [ICON_RESEARCH] Science for every 2 [ICON_CITIZEN] Citizens in this City. Also has a slot for a Great Work of Writing which, when filled, gives extra XP to trained Units.</Text>
		</Row><Row Tag="TXT_KEY_BUILDING_SUBTERRANEAN_COLONY_HELP">
			<Text>Must have built a Subterranean Outpost in all cities.</Text>
		</Row><Row Tag="TXT_KEY_BUILDING_SUBTERRANEAN_OUTPOST_HELP">
			<Text>Unlocks Subterranean Colony when built in every city.</Text>
		</Row><Row Tag="TXT_KEY_BUILDING_SUEZ_CANAL_HELP">
			<Text>Trade routes other players make to a city with an Suez Canal will generate an extra 4 [ICON_GOLD] Gold for the city owner and the trade route owner gains an additional 2 [ICON_GOLD] Gold for the trade route. Only one allowed in the world.</Text>
		</Row><Row Tag="TXT_KEY_BUILDING_TESLA_COIL_HELP">
			<Text>Provides [ICON_RESEARCH] Science and [ICON_GOLD] Gold.</Text>
		</Row><Row Tag="TXT_KEY_BUILDING_TORUS_DYNAMO_HELP">
			<Text>Can only be built by Griggs.</Text>
		</Row><Row Tag="TXT_KEY_BUILDING_TOURIST_CENTER_HELP">
			<Text>Must have built a Hotel in all Cities. The cost goes up the more cities there are in the empire. 100% of the [ICON_CULTURE] Culture from World Wonders, Natural Wonders, and Improvements (Landmarks, Moai, Chateau) is added to the [ICON_TOURISM] Tourism output of the city. [ICON_TOURISM] Tourism output from Great Works +100%.</Text>
		</Row><Row Tag="TXT_KEY_BUILDING_TRADE_COLLEGE_HELP">
			<Text>Provides [ICON_RESEARCH] Science and [ICON_CULTURE] Culture.</Text>
		</Row><Row Tag="TXT_KEY_BUILDING_TURKISH_BATH_HELP">
			<Text>City must have a bank.</Text>
		</Row><Row Tag="TXT_KEY_BUILDING_UNIVERSITY_HELP">
			<Text>+2 [ICON_RESEARCH] Science from Jungle tiles worked by this City. Allows Archaeologists to be built in this city.[NEWLINE][NEWLINE]City must have a Library.</Text>
		</Row><Row Tag="TXT_KEY_BUILDING_WATERMILL_HELP">
			<Text>City must be built next to a River.</Text>
		</Row><Row Tag="TXT_KEY_BUILDING_WORKSHOP_HELP">
			<Text>Allows [ICON_PRODUCTION] Production to be moved from this city along trade routes inside your civilization.</Text>
		</Row><Row Tag="TXT_KEY_BUILDING_WRITERS_GUILD_HELP">
			<Text>Provides 1 [ICON_GREAT_PEOPLE] Great Person Point (GPP) towards a Great Writer. Add up to two specialists to this building to gain [ICON_CULTURE] Culture and increase the rate of Great Writer acquisition (3 [ICON_CULTURE] Culture and 3 [ICON_GREAT_PEOPLE] GPP per specialist).</Text>
		</Row>
	    <Row Tag="TXT_KEY_CIV5_BABYLON_WALLS_INFO">
	        <Text>The Walls of Babylon increase the damage output of all the city's ranged attacks and increase the city's defense.</Text>
	    </Row>
	</Language_fi_FI>
</GameData>